dummy,dummy,dummy,1
1,1,1,30.31820639
1,1,2,45.26668676
1,1,3,72.87649992
1,1,4,50.46776332
1,1,5,74.112806
1,1,6,123.1097717
1,1,7,59.32182811
1,1,8,117.0711884
1,1,9,159.3102714
1,1,10,98.54947157
1,1,11,157.7849618
1,1,12,149.1839169
1,1,13,164.1190108
1,1,14,125.416108
1,1,15,187.4886789
1,1,16,189.1368325
1,1,17,128.6888463
1,1,18,280.2868037
1,1,19,18.21718397
1,1,20,542.8122077
1,2,1,1.30825779
1,2,2,1.44618655
1,2,3,0.809835583
1,2,4,1.153722509
1,2,5,1.195473197
1,2,6,7.929713044
1,2,7,1.78462539
1,2,8,2.821133321
1,2,9,1.074900919
1,2,10,3.853301474
1,2,11,1.063074567
1,2,12,11.91669971
1,2,13,6.519941594
1,2,14,1.119699352
1,2,15,1.166888769
1,2,16,1.187087615
1,2,17,1.179529575
1,2,18,1.04946355
1,2,19,9.478187199
1,2,20,27.46159185
1,3,1,25.46779677
1,3,2,21.87058416
1,3,3,18.10972221
1,3,4,20.49811528
1,3,5,19.95813661
1,3,6,48.89518489
1,3,7,37.81979368
1,3,8,35.95121277
1,3,9,34.59431516
1,3,10,42.3199033
1,3,11,46.33932559
1,3,12,63.85194851
1,3,13,89.12782879
1,3,14,1.117264016
1,3,15,87.01279377
1,3,16,78.74453806
1,3,17,49.68256593
1,3,18,106.2971689
1,3,19,1.07839571
1,3,20,253.2407464
1,4,1,35.16580217
1,4,2,64.37072563
1,4,3,114.2582663
1,4,4,76.25202217
1,4,5,107.1980585
1,4,6,192.5418236
1,4,7,88.99561344
1,4,8,170.8708338
1,4,9,248.5335169
1,4,10,148.5600372
1,4,11,231.3607669
1,4,12,232.8895135
1,4,13,248.7208496
1,4,14,180.3643237
1,4,15,291.7617207
1,4,16,286.4277458
1,4,17,184.0761358
1,4,18,435.597631
1,4,19,18.4015544
1,4,20,817.513827
1,5,1,5.027139912
1,5,2,4.948023673
1,5,3,3.852520487
1,5,4,2.986276414
1,5,5,3.64331738
1,5,6,10.83771658
1,5,7,7.096741071
1,5,8,7.737522592
1,5,9,7.238391055
1,5,10,6.511609255
1,5,11,8.264528078
1,5,12,14.7999761
1,5,13,16.66104776
1,5,14,1.157506887
1,5,15,24.04982852
1,5,16,1.12333417
1,5,17,1.17987451
1,5,18,31.14877531
1,5,19,0.843581705
1,5,20,52.17112049
1,6,1,42.42633411
1,6,2,37.40073116
1,6,3,26.07251554
1,6,4,21.28958115
1,6,5,22.48127969
1,6,6,45.69944817
1,6,7,62.65770974
1,6,8,59.34551463
1,6,9,44.82181324
1,6,10,48.11142356
1,6,11,54.29552816
1,6,12,60.34305189
1,6,13,115.5346
1,6,14,93.41271198
1,6,15,1.143465794
1,6,16,144.0814489
1,6,17,59.72266465
1,6,18,131.8140274
1,6,20,315.3548156
1,7,1,1.137665741
1,7,2,1.288561615
1,7,3,1.114646636
1,7,4,1.564381353
1,7,5,2.108029809
1,7,6,1.17563281
1,7,7,0.343840397
1,7,8,1.558826418
1,7,9,1.955855513
1,7,10,2.058212527
1,7,11,4.240801667
1,7,12,0.369699131
1,7,13,3.331851765
1,7,14,0.367452207
1,7,15,4.48038691
1,7,16,0.364922611
1,7,17,4.123575004
1,7,18,2.843691206
1,7,19,0.357166959
1,7,20,14.60678113
1,8,1,2.117540369
1,8,2,1.834497818
1,8,3,1.230682355
1,8,4,0.622852891
1,8,5,0.486746677
1,8,6,0.318513863
1,8,7,0.311789554
1,8,8,2.557229882
1,8,9,2.612759515
1,8,10,2.104501271
1,8,11,1.625060691
1,8,12,0.36634148
1,8,13,1.829108159
1,8,14,0.365061598
1,8,15,4.132742209
1,8,16,4.539005287
1,8,17,2.801983068
1,8,18,0.366336429
1,8,19,0.330692888
1,8,20,12.6535311
1,9,1,11.67571904
1,9,2,10.27396408
1,9,3,9.096606788
1,9,4,6.826426767
1,9,5,5.029430035
1,9,6,3.096354703
1,9,7,2.775650833
1,9,8,15.10977707
1,9,9,14.77870282
1,9,10,15.1727394
1,9,11,19.64357938
1,9,12,0.993633864
1,9,13,1.035687014
1,9,14,1.0586643
1,9,15,42.21267691
1,9,16,0.962061812
1,9,17,24.04617365
1,9,18,28.58293991
1,9,19,0.8188401
1,9,20,62.60462423
1,10,1,11.58546629
1,10,2,13.98909116
1,10,3,11.91449249
1,10,4,13.12985343
1,10,5,1.629789883
1,10,6,0.959446685
1,10,7,0.88548782
1,10,8,0.91423619
1,10,9,12.68763286
1,10,10,19.92539992
1,10,11,33.26956975
1,10,12,0.908031418
1,10,13,13.67651489
1,10,14,0.955695318
1,10,15,0.928439628
1,10,16,0.945067359
1,10,17,21.15523483
1,10,18,34.11325122
1,10,19,38.25757314
1,10,20,68.70761248
1,11,1,0.461450101
1,11,2,0.627085856
1,11,3,0.598304505
1,11,4,0.492092345
1,11,5,0.440519087
1,11,6,0.438793034
1,11,7,0.468789032
1,11,8,0.614802565
1,11,9,0.951552296
1,11,10,1.013297068
1,11,11,1.122249675
1,11,12,0.370198774
1,11,13,1.556587592
1,11,14,0.368865158
1,11,15,0.378213694
1,11,16,2.279250282
1,11,17,0.365379814
1,11,18,0.370044754
1,11,19,0.357867537
1,11,20,7.277291893
1,12,1,1.13154406
1,12,2,1.510433379
1,12,3,1.825649177
1,12,4,1.37841097
1,12,5,1.088407268
1,12,6,1.084240775
1,12,7,1.005668586
1,12,8,1.491228666
1,12,9,2.309211784
1,12,10,3.036777086
1,12,11,3.883784302
1,12,12,0.367632745
1,12,13,0.385534328
1,12,14,3.72400598
1,12,15,0.375190076
1,12,16,5.400767914
1,12,17,3.393769422
1,12,18,5.101207467
1,12,19,0.317332087
1,12,20,14.48113008
1,13,1,11.60097509
1,13,2,12.98552807
1,13,3,11.46659057
1,13,4,9.971767434
1,13,5,8.308413415
1,13,6,6.862164553
1,13,7,13.38359419
1,13,8,16.42087917
1,13,9,19.18463305
1,13,10,20.29529032
1,13,11,20.67386589
1,13,12,11.91105069
1,13,13,20.50884152
1,13,14,38.02453578
1,13,15,1.021668355
1,13,16,1.038896676
1,13,17,61.60119592
1,13,18,0.992905358
1,13,19,1.060217257
1,13,20,106.1592474
1,14,1,13.50600965
1,14,2,16.97415054
1,14,3,16.6507904
1,14,4,16.45706337
1,14,5,9.066150174
1,14,6,1.65637886
1,14,7,0.899756507
1,14,8,2.479601713
1,14,9,19.77390021
1,14,10,24.35475686
1,14,11,42.84871322
1,14,12,0.90465976
1,14,13,29.93793271
1,14,14,0.960029254
1,14,15,1.010861747
1,14,16,0.992113373
1,14,17,62.42800601
1,14,18,1.156314079
1,14,19,1.225045896
1,14,20,108.4579247
1,15,1,15.89264355
1,15,2,22.78278616
1,15,3,30.39903121
1,15,4,32.22272123
1,15,5,46.65891222
1,15,6,31.80247874
1,15,7,40.15152191
1,15,8,48.85704048
1,15,9,56.36589235
1,15,10,59.3454257
1,15,11,58.59885064
1,15,12,59.85792636
1,15,13,61.53970613
1,15,14,63.27971739
1,15,15,64.46672485
1,15,16,64.46358331
1,15,17,63.11295093
1,15,18,59.57836933
1,15,19,0.314178458
1,15,20,565.8639891
1,16,1,0.957136388
1,16,2,1.053323437
1,16,3,0.865810304
1,16,4,0.683403266
1,16,5,0.614188742
1,16,6,0.940535632
1,16,7,0.478451282
1,16,8,2.233446066
1,16,9,3.261224893
1,16,10,0.53198674
1,16,11,0.524765086
1,16,12,0.528287827
1,16,13,3.322734355
1,16,14,0.488169744
1,16,15,0.484415776
1,16,16,3.140950318
1,16,17,5.796494352
1,16,18,2.129762564
1,16,19,0.502294665
1,16,20,10.53160641
1,17,1,1.652232619
1,17,2,2.033001304
1,17,3,2.102401837
1,17,4,2.194587552
1,17,5,2.202844958
1,17,6,4.031473162
1,17,7,0.784828036
1,17,8,3.260513199
1,17,9,4.861703238
1,17,10,0.818109408
1,17,11,6.001566519
1,17,12,0.799263918
1,17,13,10.18606261
1,17,14,0.830650698
1,17,15,0.815784261
1,17,16,7.062610121
1,17,17,10.0304768
1,17,18,0.883637662
1,17,19,0.972329768
1,17,20,32.05756978
1,18,1,4.362264186
1,18,2,3.232742602
1,18,3,2.463528504
1,18,4,1.656339421
1,18,5,1.617744666
1,18,6,1.977374807
1,18,7,1.680596134
1,18,8,3.75603919
1,18,9,8.171952478
1,18,10,7.382623493
1,18,11,1.722754225
1,18,12,1.741003787
1,18,13,8.148048483
1,18,14,1.805667826
1,18,15,1.800717232
1,18,16,1.804458203
1,18,17,18.99585381
1,18,18,1.852468688
1,18,19,1.820114313
1,18,20,31.85276894
1,19,1,1.026838992
1,19,2,1.349446839
1,19,3,1.584016883
1,19,4,1.592226195
1,19,5,1.307053229
1,19,6,1.248029275
1,19,7,1.299286657
1,19,8,1.390160165
1,19,9,1.487418723
1,19,10,1.52866601
1,19,11,1.569748679
1,19,12,1.606010962
1,19,13,1.651797658
1,19,14,1.655498199
1,19,15,1.622045499
1,19,16,1.663479697
1,19,17,1.713533011
1,19,18,1.897891528
1,19,19,1.763336299
1,19,20,19.7529488
1,20,1,3.498462753
1,20,2,2.874681098
1,20,3,2.219095616
1,20,4,1.864300596
1,20,5,0.89728402
1,20,6,1.097891037
1,20,7,1.642127642
1,20,8,5.003812278
1,20,9,4.445272044
1,20,10,5.557347958
1,20,11,0.556479712
1,20,12,2.261206189
1,20,13,4.360362173
1,20,14,5.11627935
1,20,15,0.566044503
1,20,16,10.31402097
1,20,17,7.215709662
1,20,18,0.531619546
1,20,19,0.523863863
1,20,20,27.49950201
1,21,1,0.209554596
1,21,2,0.180248684
1,21,3,0.127266671
1,21,4,0.194196191
1,21,5,0.345614706
1,21,6,0.438814459
1,21,7,1.273793822
1,21,8,0.477120433
1,21,9,0.458837674
1,21,10,0.451048361
1,21,11,0.490937345
1,21,12,0.525832036
1,21,13,0.553518072
1,21,14,2.519769178
1,21,15,0.523379682
1,21,16,0.545840625
1,21,17,0.55100933
1,21,18,0.530193301
1,21,19,0.476545755
1,21,20,5.818879557
1,22,1,1.128704734
1,22,2,1.560061057
1,22,3,2.029282417
1,22,4,1.49838958
1,22,5,0.900247985
1,22,6,0.745922279
1,22,7,2.642418425
1,22,8,1.628824097
1,22,9,2.323823571
1,22,10,3.395911122
1,22,11,3.187564843
1,22,12,0.841492791
1,22,13,3.577049399
1,22,14,5.687978391
1,22,15,0.860249501
1,22,16,0.862712041
1,22,17,7.231152586
1,22,18,0.83546823
1,22,19,0.832367446
1,22,20,20.22148601
1,23,1,0.426450053
1,23,2,1.152923976
1,23,3,1.196009887
1,23,4,0.647631476
1,23,5,0.695631507
1,23,6,0.365075053
1,23,7,1.219838226
1,23,8,2.149647814
1,23,9,1.122487358
1,23,10,1.668362975
1,23,11,0.437204775
1,23,12,0.456184396
1,23,13,4.370922831
1,23,14,0.438385346
1,23,15,3.09449484
1,23,16,0.430811194
1,23,17,0.429155744
1,23,18,3.895771943
1,23,19,0.343142267
1,23,20,9.52016815
1,25,1,0.043666056
1,25,2,0.099656453
1,25,3,0.101037429
1,25,4,0.092267325
1,25,5,0.095187762
1,25,6,0.108468724
1,25,7,0.113979978
1,25,8,0.107428864
1,25,9,0.203820368
1,25,10,0.172758102
1,25,11,0.137474315
1,25,12,0.123078351
1,25,13,0.108396104
1,25,14,0.113531154
1,25,15,0.114450241
1,25,16,0.122414302
1,25,17,0.141768151
1,25,18,0.204978853
1,25,19,0.315036371
1,25,20,0.551470405
1,33,1,2.551470095
1,33,2,1.001106788
1,33,3,0.566396584
1,33,4,2.514183431
1,33,5,1.140482213
1,33,6,0.706199998
1,33,7,3.066895735
1,33,8,1.396370823
1,33,9,0.875894776
1,33,10,3.467796567
1,33,11,1.54934512
1,33,12,0.95931532
1,33,13,3.722576277
1,33,14,1.644629174
1,33,15,1.008922222
1,33,16,3.885030993
1,33,17,1.705384969
1,33,18,1.040552979
1,33,19,4.161840142
1,33,20,1.813224413
1,34,1,1.469254667
1,34,2,0.575026745
1,34,3,0.336284098
1,34,4,0.196723414
1,34,5,0.128327938
1,34,6,0.081663188
1,34,7,1.483693046
1,34,8,0.634701008
1,34,9,0.402525549
1,34,10,0.246085383
1,34,11,0.162315791
1,34,12,0.107695524
1,34,13,1.935677777
1,34,14,0.794832895
1,34,15,0.487270523
1,34,16,0.290089543
1,34,17,0.187699074
1,34,18,0.12312409
1,34,19,2.271472409
1,34,20,0.005288453
1,35,1,20.08127935
1,35,2,7.815369664
1,35,3,4.550523631
1,35,4,2.663925332
1,35,5,1.757169944
1,35,6,3.950643418
1,35,7,13.45640543
1,35,8,8.612186369
1,35,9,5.51857173
1,35,10,3.37769801
1,35,11,2.268647885
1,35,12,10.12173135
1,35,13,17.73147639
1,35,14,10.92033056
1,35,15,6.751429717
1,35,16,4.005796662
1,35,17,2.629154476
1,35,18,11.91960362
1,35,19,21.27241557
1,35,20,15.02216482
1,36,1,3.647157212
1,36,2,1.439452756
1,36,3,0.827538692
1,36,4,3.56461358
1,36,5,1.635006712
1,36,6,1.026403546
1,36,7,4.331573815
1,36,8,1.998746431
1,36,9,1.274672986
1,36,10,4.891642232
1,36,11,2.214406295
1,36,12,1.393597498
1,36,13,5.248395438
1,36,14,2.349619422
1,36,15,1.465158951
1,36,16,5.475871325
1,36,17,2.435835119
1,36,18,1.510788549
1,36,19,5.887881438
1,36,20,2.584591581
1,37,1,2.878375267
1,37,2,1.157027187
1,37,3,0.683545329
1,37,4,0.403383326
1,37,5,0.265895055
1,37,6,0.174287596
1,37,7,3.040007054
1,37,8,1.315506464
1,37,9,0.839801049
1,37,10,0.514709493
1,37,11,0.341185258
1,37,12,0.23078322
1,37,13,3.984482044
1,37,14,1.658455227
1,37,15,1.024016906
1,37,16,0.611356631
1,37,17,0.3975365
1,37,18,0.266053856
1,37,19,4.683905861
1,37,20,0.013302124
1,38,1,21.91690249
1,38,2,8.543907644
1,38,3,5.074415669
1,38,4,3.006187547
1,38,5,1.994686637
1,38,6,4.78134743
1,38,7,14.30452082
1,38,8,9.710656746
1,38,9,6.278706389
1,38,10,3.87476497
1,38,11,3.005151282
1,38,12,11.42621877
1,38,13,18.86639866
1,38,14,12.32449684
1,38,15,7.689423591
1,38,16,4.600208403
1,38,17,4.080626968
1,38,18,12.86547349
1,38,19,23.08645875
1,38,20,16.99475933
1,39,1,0.745607128
1,39,2,0.288003662
1,39,3,0.163818805
1,39,4,0.093002759
1,39,5,0.059937063
1,39,6,0.037885584
1,39,7,0.019724618
1,39,8,0.787263196
1,39,9,0.337056666
1,39,10,0.201791985
1,39,11,0.11819946
1,39,12,0.079318051
1,39,13,0.049430198
1,39,14,0.026443231
1,39,15,1.061595664
1,39,16,0.437378944
1,39,17,0.253099946
1,39,18,0.14438113
1,39,19,0.163090908
1,39,20,0.002863754
1,40,1,0.785920125
1,40,2,0.305718062
1,40,3,0.173477789
1,40,4,0.098933444
1,40,5,0.063428321
1,40,6,0.03880281
1,40,7,0.019966282
1,40,8,0.830821851
1,40,9,0.357083124
1,40,10,0.213039654
1,40,11,0.125048322
1,40,12,0.082475584
1,40,13,0.051366271
1,40,14,0.027143039
1,40,15,1.133120822
1,40,16,0.46904377
1,40,17,0.270208015
1,40,18,0.154323967
1,40,19,0.200188594
1,40,20,0.003829903
1,41,1,5.51828837
1,41,2,2.149181931
1,41,3,1.232773859
1,41,4,0.712423647
1,41,5,0.462583005
1,41,6,0.29456108
1,41,7,0.766473162
1,41,8,4.666627706
1,41,9,2.53870092
1,41,10,1.534084742
1,41,11,0.913920263
1,41,12,0.616376657
1,41,13,0.382279263
1,41,14,1.818095399
1,41,15,6.271990081
1,41,16,3.281871573
1,41,17,1.916899044
1,41,18,1.112069594
1,41,19,1.253862531
1,41,20,0.0199013
1,42,1,4.938834171
1,42,2,1.913068167
1,42,3,1.097616611
1,42,4,0.630756975
1,42,5,0.406514071
1,42,6,0.258011837
1,42,7,0.131358808
1,42,8,1.606740308
1,42,9,2.900714057
1,42,10,2.329322665
1,42,11,1.395270775
1,42,12,0.816596156
1,42,13,0.544702683
1,42,14,0.462829493
1,42,15,1.08195016
1,42,16,1.839107899
1,42,17,4.003350773
1,42,18,3.076882927
1,42,19,2.245789238
1,42,20,0.016478201
1,43,1,0.252999545
1,43,2,0.097009897
1,43,3,0.055600847
1,43,4,0.032065886
1,43,5,0.020413889
1,43,6,0.013131811
1,43,7,0.007260636
1,43,8,0.26735244
1,43,9,0.114631759
1,43,10,0.069239692
1,43,11,0.041126587
1,43,12,0.027474821
1,43,13,0.016950762
1,43,14,0.009531634
1,43,15,0.356681938
1,43,16,0.14712535
1,43,17,0.085356283
1,43,18,0.059037909
1,43,19,0.057247919
1,43,20,0.000760998
1,44,1,0.613538699
1,44,2,0.236202027
1,44,3,0.134564112
1,44,4,0.076410413
1,44,5,0.049410928
1,44,6,0.03146814
1,44,7,0.017080895
1,44,8,0.651397832
1,44,9,0.279017794
1,44,10,0.167245488
1,44,11,0.097833015
1,44,12,0.065497138
1,44,13,0.041496001
1,44,14,0.023003199
1,44,15,0.882458389
1,44,16,0.363770242
1,44,17,0.210720885
1,44,18,0.120000575
1,44,19,0.158773441
1,44,20,0.002623836
1,45,1,5.868179215
1,45,2,2.275258206
1,45,3,1.328329158
1,45,4,0.776742854
1,45,5,0.509663423
1,45,6,0.327403086
1,45,7,0.887906865
1,45,8,4.947629708
1,45,9,2.752862412
1,45,10,1.678288672
1,45,11,1.009365469
1,45,12,0.688691428
1,45,13,0.423407942
1,45,14,2.095694321
1,45,15,6.61117439
1,45,16,3.537898758
1,45,17,2.084901707
1,45,18,1.221142413
1,45,19,1.389626142
1,45,20,0.018861558
1,46,1,6.338020015
1,46,2,2.44720095
1,46,3,1.406383761
1,46,4,0.808796089
1,46,5,0.521662986
1,46,6,0.331416177
1,46,7,0.168965251
1,46,8,2.161889483
1,46,9,3.534620034
1,46,10,2.984484551
1,46,11,1.789688351
1,46,12,1.046853528
1,46,13,0.698580549
1,46,14,0.594069412
1,46,15,1.534202511
1,46,16,2.33864295
1,46,17,4.873494325
1,46,18,3.938005101
1,46,19,2.873627555
1,46,20,0.020670025
1,47,1,12.11946394
1,47,2,4.740530666
1,47,3,2.670462253
1,47,4,1.540098462
1,47,5,1.581100806
1,47,6,8.573587991
1,47,7,4.479327627
1,47,8,2.690737096
1,47,9,1.805759118
1,47,10,3.878030767
1,47,11,9.874888607
1,47,12,5.538230766
1,47,13,3.22003138
1,47,14,2.113957966
1,47,15,5.122002245
1,47,16,10.96436253
1,47,17,6.217896038
1,47,18,3.679306373
1,47,19,3.174565887
1,47,20,9.960563959
1,48,1,0.725196696
1,48,2,0.280615409
1,48,3,0.156716878
1,48,4,0.087950891
1,48,5,0.055311915
1,48,6,0.034086307
1,48,7,0.017520587
1,48,8,0.08273623
1,48,9,0.670354597
1,48,10,0.333654936
1,48,11,0.191385004
1,48,12,0.111506654
1,48,13,0.072803602
1,48,14,0.046289873
1,48,15,0.024497835
1,48,16,0.183883839
1,48,17,0.905376802
1,48,18,0.432477455
1,48,19,0.072263594
1,48,20,0.001527784
1,49,1,1.351117068
1,49,2,0.522628912
1,49,3,0.292077461
1,49,4,0.163793372
1,49,5,0.102659154
1,49,6,0.063085144
1,49,7,0.03215867
1,49,8,0.183870235
1,49,9,1.1963293
1,49,10,0.618324943
1,49,11,0.363713997
1,49,12,0.212782645
1,49,13,0.135794091
1,49,14,0.086105333
1,49,15,0.045079863
1,49,16,0.413985499
1,49,17,1.632328059
1,49,18,0.845586541
1,49,19,0.710679095
1,49,20,0.003597406
1,50,1,5.421665898
1,50,2,2.096092818
1,50,3,1.174125903
1,50,4,0.659842027
1,50,5,0.414782052
1,50,6,0.254908403
1,50,7,0.209472314
1,50,8,1.785764276
1,50,9,2.690667387
1,50,10,2.477858972
1,50,11,1.462966743
1,50,12,0.860082808
1,50,13,0.547767829
1,50,14,0.655618929
1,50,15,1.510489121
1,50,16,2.021758914
1,50,17,2.728899545
1,50,18,3.234032781
1,50,19,2.939172005
1,50,20,0.013723129
1,51,1,0.478876269
1,51,2,0.185820229
1,51,3,0.105304361
1,51,4,0.058903084
1,51,5,0.036928659
1,51,6,0.022673206
1,51,7,0.01157034
1,51,8,0.006395222
1,51,9,0.528946062
1,51,10,0.221577465
1,51,11,0.128023218
1,51,12,0.07515802
1,51,13,0.049032575
1,51,14,0.031137726
1,51,15,0.016417856
1,51,16,0.009379613
1,51,17,0.721277474
1,51,18,0.289967138
1,51,19,0.047789225
1,51,20,0.001261098
1,52,1,2.834159388
1,52,2,1.092440266
1,52,3,0.615824995
1,52,4,0.34817614
1,52,5,0.217695582
1,52,6,0.260647797
1,52,7,0.72978443
1,52,8,1.054075453
1,52,9,1.244216513
1,52,10,0.746653809
1,52,11,0.442787816
1,52,12,0.555768279
1,52,13,0.832928048
1,52,14,1.050753901
1,52,15,1.205032275
1,52,16,1.273988534
1,52,17,0.926375954
1,52,18,0.627822107
1,52,19,1.167578535
1,52,20,2.503415421
1,53,1,0.266090279
1,53,2,0.103136358
1,53,3,0.057567248
1,53,4,0.032262095
1,53,5,0.020309913
1,53,6,0.012501004
1,53,7,0.006424329
1,53,8,0.273807841
1,53,9,0.116623523
1,53,10,0.06934051
1,53,11,0.040628754
1,53,12,0.027051246
1,53,13,0.015878049
1,53,14,0.008337061
1,53,15,0.363176006
1,53,16,0.148775204
1,53,17,0.085832349
1,53,18,0.048809191
1,53,19,0.066230173
1,53,20,0.000662251
1,54,1,0.380878628
1,54,2,0.147168914
1,54,3,0.082009442
1,54,4,0.045876832
1,54,5,0.028777558
1,54,6,0.017607923
1,54,7,0.008920062
1,54,8,0.398023421
1,54,9,0.168594731
1,54,10,0.09945314
1,54,11,0.05743238
1,54,12,0.037071895
1,54,13,0.023476804
1,54,14,0.012227578
1,54,15,0.546520826
1,54,16,0.222830108
1,54,17,0.125532904
1,54,18,0.080501167
1,54,19,0.093747335
1,54,20,0.002052487
1,55,1,0.341619188
1,55,2,0.131901888
1,55,3,0.073893143
1,55,4,0.041954243
1,55,5,0.026743485
1,55,6,0.224007472
1,55,7,0.094160761
1,55,8,0.056289295
1,55,9,0.03565147
1,55,10,0.021796623
1,55,11,0.271370277
1,55,12,0.112505723
1,55,13,0.06682011
1,55,14,0.043112649
1,55,15,0.02555982
1,55,16,0.299451109
1,55,17,0.119355191
1,55,18,0.077447462
1,55,19,0.069050564
1,55,20,0.115611383
1,56,1,2.16E-06
1,56,2,6.39E-07
1,56,3,3.17E-07
1,56,4,1.02E-07
1,56,5,1.08E-07
1,56,9,1.54E-06
1,56,10,4.56E-07
1,56,12,7.84E-08
1,56,14,5.43E-08
1,56,17,2.21E-06
1,56,19,9.07E-07
1,56,20,1.44E-07
1,57,1,0.500543185
1,57,2,0.186843454
1,57,3,0.107245018
1,57,4,0.065885089
1,57,5,0.047647401
1,57,6,0.035026799
1,57,7,0.020111683
1,57,8,0.01412275
1,57,9,0.306269616
1,57,10,0.179028871
1,57,11,0.08106499
1,57,12,0.028533209
1,57,13,0.048535471
1,57,14,0.09136558
1,57,15,0.021193755
1,57,16,0.017429854
1,57,17,0.094684599
1,57,18,0.492973691
1,57,19,0.44852441
1,57,20,1.89E-05
1,58,1,0.354980388
1,58,2,0.135628828
1,58,3,0.076454305
1,58,4,0.329975771
1,58,5,0.14577049
1,58,6,0.088825506
1,58,7,0.399359043
1,58,8,0.175585879
1,58,9,0.10831271
1,58,10,0.451619131
1,58,11,0.193224695
1,58,12,0.117326932
1,58,13,0.483573291
1,58,14,0.204684046
1,58,15,0.123182401
1,58,16,0.503954482
1,58,17,0.211990851
1,58,18,0.129121897
1,58,19,0.520485662
1,58,20,0.008905133
1,59,1,0.305953495
1,59,2,0.118391687
1,59,3,0.069243686
1,59,4,0.040968738
1,59,5,0.027152642
1,59,6,0.017869095
1,59,7,0.304491523
1,59,8,0.127570277
1,59,9,0.081081035
1,59,10,0.050252027
1,59,11,0.033801816
1,59,12,0.023285535
1,59,13,0.394012035
1,59,14,0.158029338
1,59,15,0.097031885
1,59,16,0.058501013
1,59,17,0.038570488
1,59,18,0.026177795
1,59,19,0.461757133
1,59,20,0.000755053
1,60,1,2.759937219
1,60,2,1.066447305
1,60,3,0.610950089
1,60,4,0.351512517
1,60,5,0.227326599
1,60,6,0.140867557
1,60,7,2.722126315
1,60,8,1.13756738
1,60,9,0.716230095
1,60,10,0.432568176
1,60,11,0.283268703
1,60,12,0.183081287
1,60,13,3.575325354
1,60,14,1.436904987
1,60,15,0.875011034
1,60,16,0.514800346
1,60,17,0.330735712
1,60,18,0.211830762
1,60,19,4.196537278
1,60,20,0.012222636
1,61,1,0.289826852
1,61,2,0.110317721
1,61,3,0.061537803
1,61,4,0.296946777
1,61,5,0.129741313
1,61,6,0.078475738
1,61,7,0.366540482
1,61,8,0.159587182
1,61,9,0.096866676
1,61,10,0.4165902
1,61,11,0.177950357
1,61,12,0.10661833
1,61,13,0.448074256
1,61,14,0.189198987
1,61,15,0.112281532
1,61,16,0.468149377
1,61,17,0.196371431
1,61,18,0.118988956
1,61,19,0.485885506
1,61,20,0.012498624
1,62,1,1.424514092
1,62,2,0.554173519
1,62,3,0.338063574
1,62,4,0.20503753
1,62,5,0.138333911
1,62,6,0.092529839
1,62,7,1.530937106
1,62,8,0.65293062
1,62,9,0.428053202
1,62,10,0.268658349
1,62,11,0.184779267
1,62,12,0.110524131
1,62,13,1.991998183
1,62,14,0.81738982
1,62,15,0.517919288
1,62,16,0.316529771
1,62,17,0.21353456
1,62,18,0.125975486
1,62,19,2.191457181
1,62,20,0.005299837
1,63,1,3.294665555
1,63,2,1.270671628
1,63,3,0.738047654
1,63,4,0.428404666
1,63,5,0.278007623
1,63,6,0.179412213
1,63,7,3.352227511
1,63,8,1.409484252
1,63,9,0.892647741
1,63,10,0.540351663
1,63,11,0.353474022
1,63,12,0.235683918
1,63,13,4.433771972
1,63,14,1.792556296
1,63,15,1.098762965
1,63,16,0.648009739
1,63,17,0.415870574
1,63,18,0.274925847
1,63,19,4.907652408
1,63,20,0.017608093
1,64,1,0.170717327
1,64,2,0.065913789
1,64,3,0.037468341
1,64,4,0.021539466
1,64,5,0.013410398
1,64,6,0.008225188
1,64,7,0.004236698
1,64,8,0.178137045
1,64,9,0.076104786
1,64,10,0.045745208
1,64,11,0.027359416
1,64,12,0.016763061
1,64,13,0.010607549
1,64,14,0.005611899
1,64,15,0.238114047
1,64,16,0.097881316
1,64,17,0.056882145
1,64,18,0.033153597
1,64,19,0.016541441
1,64,20,0.000525743
1,65,1,0.188405202
1,65,2,0.07276573
1,65,3,0.041211715
1,65,4,0.023557845
1,65,5,0.014755945
1,65,6,0.008957993
1,65,7,0.004596399
1,65,8,0.19743648
1,65,9,0.084226656
1,65,10,0.050328471
1,65,11,0.029668979
1,65,12,0.019339293
1,65,13,0.011720537
1,65,14,0.006182542
1,65,15,0.266777921
1,65,16,0.109519924
1,65,17,0.063249054
1,65,18,0.036298969
1,65,19,0.040223231
1,65,20,0.000747308
1,66,1,0.707655438
1,66,2,0.27505319
1,66,3,0.155501765
1,66,4,0.089320941
1,66,5,0.055984761
1,66,6,0.034063479
1,66,7,0.017576649
1,66,8,0.739163339
1,66,9,0.315932622
1,66,10,0.189588749
1,66,11,0.112568075
1,66,12,0.074037669
1,66,13,0.043930835
1,66,14,0.023249944
1,66,15,0.989068202
1,66,16,0.406714608
1,66,17,0.23591077
1,66,18,0.13640241
1,66,19,0.152841183
1,66,20,0.00224541
1,67,1,0.559608353
1,67,2,0.217241829
1,67,3,0.123067707
1,67,4,0.068752173
1,67,5,0.043087046
1,67,6,0.026425495
1,67,7,0.013446044
1,67,8,0.007371844
1,67,9,0.617873102
1,67,10,0.257833152
1,67,11,0.152761329
1,67,12,0.08785287
1,67,13,0.057319992
1,67,14,0.036355765
1,67,15,0.019073394
1,67,16,0.010766554
1,67,17,0.847919172
1,67,18,0.450120841
1,67,19,0.053622757
1,67,20,0.001682829
1,68,1,0.128538079
1,68,2,0.049681651
1,68,3,0.027718841
1,68,4,0.015475774
1,68,5,0.009725455
1,68,6,0.005972671
1,68,7,0.003071915
1,68,8,0.133619952
1,68,9,0.056861628
1,68,10,0.033912145
1,68,11,0.018767786
1,68,12,0.012279505
1,68,13,0.007800594
1,68,14,0.004139908
1,68,15,0.179677906
1,68,16,0.073601342
1,68,17,0.042469473
1,68,18,0.000429157
1,68,19,0.000431611
1,68,20,0.000433724
1,69,1,0.032734489
1,69,2,0.012623555
1,69,3,0.007030309
1,69,4,0.003930166
1,69,5,0.002468616
1,69,6,0.001498267
1,69,7,0.000760431
1,69,8,0.033992257
1,69,9,0.014408698
1,69,10,0.008520453
1,69,11,0.004950553
1,69,12,0.003251561
1,69,13,0.001942721
1,69,14,0.001012183
1,69,15,0.045641651
1,69,16,0.018614594
1,69,17,0.010640546
1,69,18,0.006022131
1,69,19,0.006919774
1,69,20,0.000110971
1,70,1,0.44085029
1,70,2,0.170849755
1,70,3,0.097171168
1,70,4,0.054345883
1,70,5,0.034161106
1,70,6,0.020813397
1,70,7,0.010712123
1,70,8,0.457470178
1,70,9,0.195330929
1,70,10,0.11738228
1,70,11,0.068472012
1,70,12,0.045303254
1,70,13,0.02668523
1,70,14,0.014074923
1,70,15,0.609980456
1,70,16,0.25054815
1,70,17,0.145534715
1,70,18,0.08270149
1,70,19,0.094089551
1,70,20,0.001270164
1,71,1,0.637245051
1,71,2,0.248542523
1,71,3,0.140977686
1,71,4,0.07885538
1,71,5,0.049420314
1,71,6,0.030340415
1,71,7,0.015479977
1,71,8,0.008712696
1,71,9,0.706477837
1,71,10,0.295047228
1,71,11,0.171703997
1,71,12,0.100968367
1,71,13,0.065953572
1,71,14,0.041951392
1,71,15,0.079136538
1,71,16,0.013306768
1,71,17,0.970294328
1,71,18,0.001845624
1,71,19,0.063132729
1,71,20,0.001929822
1,72,1,0.221639707
1,72,2,0.084980122
1,72,3,0.047350888
1,72,4,0.026797448
1,72,5,0.016779058
1,72,6,0.198124107
1,72,7,0.082291182
1,72,8,0.048477982
1,72,9,0.0314016
1,72,10,0.020327675
1,72,11,0.254775387
1,72,12,0.101862416
1,72,13,0.058128959
1,72,14,0.036449901
1,72,15,0.023058985
1,72,16,0.283710859
1,72,17,0.11236301
1,72,18,0.063925365
1,72,19,0.058760319
1,72,20,0.025887956
1,73,1,0.137859912
1,73,2,0.053272514
1,73,3,0.02978044
1,73,4,0.016674421
1,73,5,0.010481061
1,73,6,0.00645328
1,73,7,0.003307111
1,73,8,0.001776823
1,73,9,0.151878566
1,73,10,0.062846063
1,73,11,0.037588316
1,73,12,0.02113046
1,73,13,0.01378248
1,73,14,0.008746694
1,73,15,0.006030887
1,73,16,0.117644685
1,73,17,0.000192608
1,73,19,0.131104439
1,73,20,0.000289934
1,74,1,0.028381596
1,74,2,0.010930121
1,74,3,0.006084
1,74,4,0.003387965
1,74,5,0.002114299
1,74,6,0.001289034
1,74,7,0.000651732
1,74,8,0.000377887
1,74,9,0.030684971
1,74,10,0.016966103
1,74,12,0.004364056
1,74,13,0.002850544
1,74,14,0.001864516
1,74,15,0.000958466
1,74,16,0.026126648
1,74,17,0.01563565
1,74,18,0.000149339
1,74,19,0.000150193
1,74,20,0.000150928
1,75,1,1.664057849
1,75,2,0.643739417
1,75,3,0.360039398
1,75,4,0.201781739
1,75,5,0.126822656
1,75,6,0.078058421
1,75,7,0.039634517
1,75,8,0.434264762
1,75,9,1.110615446
1,75,10,0.762284246
1,75,11,0.45097656
1,75,12,0.257172125
1,75,13,0.167820873
1,75,14,0.108771224
1,75,15,0.260061642
1,75,16,0.64331708
1,75,17,1.517429789
1,75,18,0.997935875
1,75,19,0.568971796
1,75,20,0.004315509
1,76,1,0.559867769
1,76,2,0.216577974
1,76,3,0.120923562
1,76,4,0.067822531
1,76,5,0.042600357
1,76,6,0.02620197
1,76,7,0.013398145
1,76,8,0.007447867
1,76,9,0.617129048
1,76,10,0.257777529
1,76,11,0.146863695
1,76,12,0.086249032
1,76,13,0.057536233
1,76,14,0.036544521
1,76,15,0.018930142
1,76,16,0.010859525
1,76,17,0.839049188
1,76,18,0.336398918
1,76,19,0.001323827
1,76,20,0.001330307
1,77,1,0.066103461
1,77,2,0.025560411
1,77,3,0.014246206
1,77,4,0.007965265
1,77,5,0.004992103
1,77,6,0.003051057
1,77,7,0.00155034
1,77,8,0.069088788
1,77,9,0.029185432
1,77,10,0.017195818
1,77,11,0.009896869
1,77,12,0.00648762
1,77,13,0.00411258
1,77,14,0.002152755
1,77,15,0.096016143
1,77,16,0.039049327
1,77,17,0.022224484
1,77,18,0.012434526
1,77,19,0.008052233
1,77,20,0.005140178
1,78,1,0.089880767
1,78,2,0.03476584
1,78,3,0.019407168
1,78,4,0.010883989
1,78,5,0.006829284
1,78,6,0.00421646
1,78,7,0.002187826
1,78,8,0.09144675
1,78,9,0.03872413
1,78,10,0.023152613
1,78,11,0.013819971
1,78,12,0.00824363
1,78,13,0.005226603
1,78,14,0.002770322
1,78,15,0.119859275
1,78,16,0.048816697
1,78,17,0.028219028
1,78,18,0.016416411
1,78,19,0.009303714
1,78,20,0.000154959
1,79,1,0.1702405
1,79,2,0.065771555
1,79,3,0.036651972
1,79,4,0.020516419
1,79,5,0.012788183
1,79,6,0.007824592
1,79,7,0.004027966
1,79,8,0.177934971
1,79,9,0.075051191
1,79,10,0.04420039
1,79,11,0.025511793
1,79,12,0.016638329
1,79,13,0.010604171
1,79,14,0.005671105
1,79,15,0.247811993
1,79,16,0.100675123
1,79,17,0.057301322
1,79,18,0.032187782
1,79,19,0.001115175
1,79,20,0.001120634
1,80,1,0.147694229
1,80,2,0.056848446
1,80,3,0.031772543
1,80,4,0.017993263
1,80,5,0.011343703
1,80,6,0.112291977
1,80,7,0.046830126
1,80,8,0.027711849
1,80,9,0.017133507
1,80,10,0.011721588
1,80,11,0.1394501
1,80,12,0.057005741
1,80,13,0.033110592
1,80,14,0.02071964
1,80,15,0.012594196
1,80,16,0.152722032
1,80,17,0.061394638
1,80,18,0.035231162
1,80,19,0.034852665
1,80,20,0.000214384
1,81,1,0.00024559
1,81,2,9.26E-05
1,81,3,5.11E-05
1,81,4,2.79E-05
1,81,5,1.78E-05
1,81,6,1.10E-05
1,81,7,5.88E-06
1,81,8,4.51E-06
1,81,9,5.93E-06
1,81,10,0.000314702
1,81,12,7.68E-05
1,81,14,2.02E-05
1,81,19,0.000482156
1,81,20,3.39E-09
1,82,1,0.004806723
1,82,2,0.001835971
1,82,3,0.001018596
1,82,4,0.000563164
1,82,5,0.000353536
1,82,6,0.000218567
1,82,7,0.000112983
1,82,8,7.17E-05
1,82,9,0.003383232
1,82,10,0.001399619
1,82,11,0.000831009
1,82,12,0.000507678
1,82,13,0.000351403
1,82,14,0.000179475
1,82,15,9.39E-05
1,82,17,0.005723442
1,82,18,1.60E-06
1,82,19,1.61E-06
1,82,20,1.62E-06
2,1,1,23.5411193
2,1,2,33.21312091
2,1,3,68.24834344
2,1,4,126.3671694
2,1,5,36.64827571
2,1,6,76.89871112
2,1,7,108.4846334
2,1,8,59.76463267
2,1,9,96.71910568
2,1,10,148.7604206
2,1,11,79.59528459
2,1,12,87.69882031
2,1,13,203.2669655
2,1,14,45.27535284
2,1,15,121.0252126
2,1,16,215.9473339
2,1,17,24.89342282
2,1,18,213.0998226
2,1,19,25.36630858
2,1,20,351.5259465
2,2,1,12.61453829
2,2,2,10.32584062
2,2,3,26.19834745
2,2,4,19.89279989
2,2,5,21.15021281
2,2,6,21.16503971
2,2,7,13.59189909
2,2,8,34.71715448
2,2,9,26.74577579
2,2,10,28.82991299
2,2,11,28.12758967
2,2,12,14.42247223
2,2,13,44.57866142
2,2,14,21.08550642
2,2,15,30.55275768
2,2,16,36.75176587
2,2,17,14.54005251
2,2,18,47.97768632
2,2,19,14.81468788
2,2,20,63.61546803
2,3,1,12.35380115
2,3,2,13.55543846
2,3,3,20.93097752
2,3,4,28.54020716
2,3,5,20.02851648
2,3,6,22.93691136
2,3,7,27.6349438
2,3,8,43.7809535
2,3,9,31.33310313
2,3,10,32.59987538
2,3,11,41.67265993
2,3,12,46.48228744
2,3,13,49.87177904
2,3,14,27.7042224
2,3,15,46.69443023
2,3,16,62.72906663
2,3,17,48.45764185
2,3,18,41.14180501
2,3,19,22.86720723
2,3,20,120.7033914
2,4,1,2.097527569
2,4,2,1.655444469
2,4,3,3.69995349
2,4,4,4.782473937
2,4,5,8.325342103
2,4,6,11.39967185
2,4,7,12.49952733
2,4,8,12.42235807
2,4,9,7.724193519
2,4,10,4.243911458
2,4,11,5.808113347
2,4,12,8.055918981
2,4,13,9.814582252
2,4,14,11.38690606
2,4,15,13.61552446
2,4,16,13.32493512
2,4,17,10.39596053
2,4,18,8.039556713
2,4,19,9.355782006
2,4,20,24.71924145
2,5,1,5.468477028
2,5,2,6.802107064
2,5,3,10.26533147
2,5,4,24.51459803
2,5,5,20.52425435
2,5,6,17.75221567
2,5,7,11.36683085
2,5,8,10.95668239
2,5,9,12.0359669
2,5,10,12.00876882
2,5,11,11.98378514
2,5,12,14.1299555
2,5,13,19.05959718
2,5,14,14.25453707
2,5,15,24.53270839
2,5,16,14.96092728
2,5,17,15.40399171
2,5,18,17.01489822
2,5,19,15.69066989
2,5,20,49.31601705
2,6,1,2.022003106
2,6,2,2.901274265
2,6,3,3.539822241
2,6,4,6.07605238
2,6,5,3.450674406
2,6,6,4.817572659
2,6,7,5.217524679
2,6,8,2.839446774
2,6,9,4.102922361
2,6,10,5.256601027
2,6,11,4.605292394
2,6,12,5.699511704
2,6,13,6.507256991
2,6,14,5.851729097
2,6,15,6.61438042
2,6,16,6.693064968
2,6,17,5.130767169
2,6,18,6.674819828
2,6,19,4.942261242
2,6,20,12.28212945
2,7,1,18.33554729
2,7,2,6.513453895
2,7,3,3.859469342
2,7,4,2.744438853
2,7,5,2.18798944
2,7,6,13.38366425
2,7,7,6.282393469
2,7,8,4.185167639
2,7,9,3.124969147
2,7,10,2.270768511
2,7,11,16.01535985
2,7,12,7.455099866
2,7,13,5.057443079
2,7,14,3.126020818
2,7,15,2.263823167
2,7,16,17.32301068
2,7,17,7.78152977
2,7,18,5.079446401
2,7,19,0.005652558
2,7,20,0.005680226
2,8,1,14.36264347
2,8,2,4.02535122
2,8,3,3.079092311
2,8,4,2.151564023
2,8,5,2.031798923
2,8,6,1.889478856
2,8,7,2.187682093
2,8,8,11.92341542
2,8,9,6.330913659
2,8,10,4.91023979
2,8,11,3.398615452
2,8,12,2.879648338
2,8,13,2.423382382
2,8,14,3.88032876
2,8,15,14.79434619
2,8,16,6.902843368
2,8,17,5.154715839
2,8,18,3.401193239
2,8,19,8.87E-05
2,8,20,8.92E-05
2,9,1,14.65341297
2,9,2,5.53304944
2,9,3,3.39261923
2,9,4,2.224154066
2,9,5,1.412115539
2,9,6,0.918989569
2,9,7,0.731237287
2,9,8,10.07027878
2,9,9,4.554924257
2,9,10,2.871942158
2,9,11,1.881522879
2,9,12,1.204064394
2,9,13,0.884323764
2,9,14,1.244773789
2,9,15,12.48288192
2,9,16,5.166945013
2,9,17,3.168853622
2,9,18,2.017754514
2,9,19,5.95E-05
2,9,20,5.98E-05
2,10,1,21.41832252
2,10,2,8.32977663
2,10,3,4.728316424
2,10,4,2.733007982
2,10,5,2.225571346
2,10,6,5.403908663
2,10,7,3.164674096
2,10,8,1.875258626
2,10,9,1.422060791
2,10,10,1.957886802
2,10,11,5.688528891
2,10,12,3.287014862
2,10,13,1.870849639
2,10,14,2.318010206
2,10,15,3.46001959
2,10,16,1.582724729
2,10,17,8.98E-06
2,10,18,9.04E-06
2,10,19,9.10E-06
2,10,20,9.14E-06
3,1,1,8.352568869
3,1,2,58.41642176
3,1,3,10.49093836
3,1,4,66.51332513
3,1,5,17.14160288
3,1,6,20.00809152
3,1,7,130.3427224
3,1,8,22.08825989
3,1,9,27.15451839
3,1,10,22.05580687
3,1,11,236.3610801
3,1,12,18.04645472
3,1,13,21.36517407
3,1,14,233.0836531
3,1,15,96.30495974
3,1,16,25.48221125
3,1,17,25.46443505
3,1,18,25.71335187
3,1,19,25.09212185
3,1,20,358.3597338
3,2,1,16.83711917
3,2,2,144.0824342
3,2,3,101.0905848
3,2,4,45.32450036
3,2,5,234.102168
3,2,6,56.60301218
3,2,7,309.2361748
3,2,8,230.4720659
3,2,9,257.2199507
3,2,10,283.3264768
3,2,11,55.57706504
3,2,12,534.6604772
3,2,13,54.59054885
3,2,14,589.8760444
3,2,15,362.7413467
3,2,16,51.05346654
3,2,17,709.3039762
3,2,18,48.66707142
3,2,19,866.9215368
3,2,20,968.9742065
3,3,1,250.2380782
3,3,2,251.5705392
3,3,3,254.7422764
3,3,4,260.5987403
3,3,5,270.6513893
3,3,6,287.2251085
3,3,7,245.3989207
3,3,8,245.6502261
3,3,9,288.0708374
3,3,10,313.4219774
3,3,11,334.1084358
3,3,12,342.7343585
3,3,13,313.4580252
3,3,14,307.7858481
3,3,15,330.7360544
3,3,16,352.2545138
3,3,17,369.509243
3,3,18,365.6388157
3,3,19,347.2735712
3,3,20,597.7676437
3,4,1,21.16019445
3,4,2,21.37463795
3,4,3,21.84582148
3,4,4,22.62378251
3,4,5,23.75809192
3,4,6,25.23039686
3,4,7,26.8706876
3,4,8,41.84977529
3,4,9,18.08060417
3,4,10,23.45001291
3,4,11,28.76901187
3,4,12,26.8627965
3,4,13,40.78722387
3,4,14,14.88925598
3,4,15,49.70859471
3,4,16,14.13171629
3,4,17,12.72876429
3,4,18,54.4178732
3,4,19,20.05615341
3,4,20,60.22077731
3,5,1,2.224060776
3,5,2,2.246639664
3,5,3,2.296205306
3,5,4,2.378018655
3,5,5,2.497291999
3,5,6,2.652098193
3,5,7,2.824568239
3,5,8,5.316618918
3,5,9,2.493019115
3,5,10,2.561614492
3,5,11,2.918382865
3,5,12,3.080793914
3,5,13,3.203498337
3,5,14,3.602043297
3,5,15,5.491557362
3,5,16,3.481283966
3,5,17,3.546041666
3,5,18,6.290098248
3,8,1,137.1426962
3,8,2,143.4271537
3,8,3,147.0089643
3,8,4,148.1067114
3,8,5,149.52184
3,8,6,150.4769645
3,8,7,151.0332704
3,8,8,152.4536319
3,8,9,154.6098314
3,8,10,155.9033988
3,8,11,157.7720312
3,8,12,161.7168485
3,8,13,165.4463557
3,8,14,171.8581537
3,8,15,132.5099487
3,8,16,114.3111519
3,8,17,117.3769606
3,8,18,120.0738884
3,8,19,124.9155573
3,8,20,352.5267587
3,9,1,8.980931816
3,9,2,9.399444139
3,9,3,9.673315812
3,9,4,9.807388988
3,9,5,9.982771165
3,9,6,10.15273415
3,9,7,10.32392156
3,9,8,10.56450204
3,9,9,10.89618098
3,9,10,11.18073893
3,9,11,11.567233
3,9,12,12.01693976
3,9,13,12.5710915
3,9,14,13.25725342
3,9,15,13.99135561
3,9,16,14.70253142
3,9,17,15.43455487
3,9,18,16.13899186
3,9,19,7.020910147
3,9,20,65.11043195
3,10,1,0.312312102
3,10,2,0.326905339
3,10,3,0.336440495
3,10,4,0.34109351
3,10,5,0.347152572
3,10,6,0.353062175
3,10,7,0.359014005
3,10,8,0.367704081
3,10,9,0.378529272
3,10,10,0.389258184
3,10,11,0.400661029
3,10,12,0.416417794
3,10,13,0.435882192
3,10,14,0.459915555
3,10,15,0.48566581
3,10,16,0.510737902
3,10,17,0.536390273
3,10,18,0.561003322
3,10,19,0.588260455
3,10,20,2.714532313
4,1,1,7.647981854
4,1,2,7.674321739
4,1,3,14.59397752
4,1,4,14.70355428
4,1,5,6.385926908
4,1,6,6.744870752
4,1,7,8.418235343
4,1,8,9.181457623
4,1,9,11.54298718
4,1,10,12.27140874
4,1,11,13.00497085
4,1,12,14.18303293
4,1,13,11.41249158
4,1,14,11.15922721
4,1,15,11.99534604
4,1,16,12.78722342
4,1,17,14.83030085
4,1,18,17.28605215
4,1,19,18.71141726
4,1,20,36.96578506
4,2,1,6.037757052
4,2,2,6.056535043
4,2,3,3.977977391
4,2,4,4.025065648
4,2,5,4.857960936
4,2,6,5.016878982
4,2,7,7.793991488
4,2,8,7.294742158
4,2,9,6.424963164
4,2,10,6.081150089
4,2,11,6.502862217
4,2,12,7.068144978
4,2,13,8.382234767
4,2,14,8.554201133
4,2,15,8.068843854
4,2,16,7.716365341
4,2,17,7.801107179
4,2,18,7.868362028
4,2,19,8.853134577
4,2,20,18.27697796
4,3,1,6.776636346
4,3,2,7.24895765
4,3,3,12.67974906
4,3,4,13.57078051
4,3,5,6.803729436
4,3,6,7.040683272
4,3,7,8.294071828
4,3,8,10.09348704
4,3,9,12.08118318
4,3,10,11.92259955
4,3,11,12.35380809
4,3,12,13.16272627
4,3,13,11.38126649
4,3,14,11.30563065
4,3,15,12.40230755
4,3,16,12.76811989
4,3,17,14.62694301
4,3,18,16.27877538
4,3,19,17.32314953
4,3,20,37.00967449
4,4,1,16.39615427
4,4,2,16.42301301
4,4,3,13.8662745
4,4,4,13.94655513
4,4,5,7.221471203
4,4,6,9.043820436
4,4,7,10.68931379
4,4,8,12.94963524
4,4,9,15.59545918
4,4,10,16.15171633
4,4,11,16.79445392
4,4,12,16.98034575
4,4,13,13.87919062
4,4,14,14.81729776
4,4,15,16.15291218
4,4,16,17.9791898
4,4,17,19.75551257
4,4,18,20.309499
4,4,19,21.53216914
4,4,20,46.76150475
4,5,1,22.76149428
4,5,2,17.75811206
4,5,3,15.35065075
4,5,4,21.00795421
4,5,5,21.28770749
4,5,6,17.43514485
4,5,7,18.93101658
4,5,8,22.54855434
4,5,9,20.60959212
4,5,10,20.69579618
4,5,11,22.78678686
4,5,12,22.08698858
4,5,13,22.28887337
4,5,14,22.47050774
4,5,15,24.69325049
4,5,16,25.02922346
4,5,17,24.13517388
4,5,18,22.74654367
4,5,19,19.35807785
4,5,20,71.18513103
4,6,1,28.04853077
4,6,2,25.75334775
4,6,3,18.41519434
4,6,4,16.06830988
4,6,5,16.69481215
4,6,6,18.35897376
4,6,7,19.04771827
4,6,8,20.37111597
4,6,9,21.87912485
4,6,10,21.71549179
4,6,11,21.25663109
4,6,12,21.79923937
4,6,13,21.64328405
4,6,14,21.84695455
4,6,15,22.88686216
4,6,16,22.66612102
4,6,17,21.86579879
4,6,18,23.21685456
4,6,19,16.70426124
4,6,20,76.28568041
4,7,1,0.961226969
4,7,2,0.964035722
4,7,3,0.276523866
4,7,4,0.279393645
4,7,5,0.045297318
4,7,6,0.046289771
4,7,7,0.008451755
4,7,8,0.008755412
4,7,9,1.561408116
4,7,10,1.190359839
4,7,11,0.415978949
4,7,12,0.395053954
4,7,13,0.12861656
4,7,14,0.114741935
4,7,15,0.073131577
4,7,16,0.118255743
4,7,17,1.747950792
4,7,18,1.423835557
4,7,19,1.102134354
4,8,1,0.6574538
4,8,2,0.659142099
4,8,3,0.106897983
4,8,4,0.107895745
4,8,5,0.078853364
4,8,6,0.080450339
4,8,7,0.02100276
4,8,8,0.021750541
4,8,9,0.962739379
4,8,10,0.791199241
4,8,11,0.166581996
4,8,12,0.161125443
4,8,13,0.132931831
4,8,14,0.130671212
4,8,15,0.092340066
4,8,17,1.172382851
4,8,18,0.82919453
4,8,19,0.565441448
4,9,1,0.093573388
4,9,2,0.093883669
4,9,3,0.099345434
4,9,4,0.100510825
4,9,5,0.018056177
4,9,6,0.018488834
4,9,7,0.017689901
4,9,8,0.018326018
4,9,9,0.165090919
4,9,10,0.116600954
4,9,11,0.131962265
4,9,12,0.134579211
4,9,13,0.033474729
4,9,14,0.03239059
4,9,15,0.031450873
4,9,16,0.031718112
4,9,17,0.197396855
4,9,18,0.155621547
4,9,19,0.240611424
4,10,1,8.921188766
4,10,2,8.93670244
4,10,3,12.13977109
4,10,4,12.21483984
4,10,5,8.533335806
4,10,6,8.655954164
4,10,7,4.393805135
4,10,8,6.646298159
4,10,9,9.322498
4,10,10,10.23416574
4,10,11,11.11628333
4,10,12,12.39015046
4,10,13,12.0023709
4,10,14,11.59557385
4,10,15,9.401563528
4,10,16,11.00251066
4,10,17,13.08558939
4,10,18,14.9722641
4,10,19,16.61040501
4,10,20,32.1892657
4,11,1,6.523949509
4,11,2,6.540753205
4,11,3,4.828608941
4,11,4,4.8734198
4,11,5,3.514304046
4,11,6,3.585083311
4,11,7,2.54560354
4,11,8,4.105792414
4,11,9,5.919982891
4,11,10,6.732650349
4,11,11,6.275839578
4,11,12,6.327527288
4,11,13,5.402773405
4,11,14,5.154722325
4,11,15,4.727343555
4,11,16,6.482733408
4,11,17,7.492822072
4,11,18,8.209657681
4,11,19,8.849683029
4,11,20,14.52441298
4,12,1,2.776996551
4,12,2,2.783626264
4,12,3,3.324059839
4,12,4,3.35228985
4,12,5,2.297483666
4,12,6,2.340537564
4,12,7,1.826528146
4,12,8,2.029708371
4,12,9,4.237933445
4,12,10,3.61475259
4,12,11,4.208020738
4,12,12,4.415615591
4,12,13,3.591176394
4,12,14,3.356568147
4,12,15,2.927065388
4,12,16,3.205219073
4,12,17,4.744363766
4,12,18,4.844940243
4,12,19,6.260113567
4,12,20,8.885929878
4,13,1,1.834906691
4,13,2,1.841721526
4,13,3,1.67173279
4,13,4,1.693459469
4,13,5,2.705847165
4,13,6,2.775409525
4,13,7,0.475391138
4,13,8,0.492410714
4,13,9,3.239847292
4,13,10,2.32066697
4,13,11,2.27418092
4,13,12,2.420650499
4,13,13,3.517513474
4,13,14,3.575391508
4,13,15,1.053160324
4,13,16,1.247160579
4,13,17,3.549729709
4,13,18,3.284708411
4,13,19,6.046288164
4,14,1,6.930400001
4,14,2,6.951032632
4,14,3,3.966867298
4,14,4,4.160681186
4,14,5,6.603494102
4,14,6,7.034345987
4,14,7,2.322205809
4,14,8,4.067178546
4,14,9,6.057491396
4,14,10,6.958970957
4,14,11,6.316107699
4,14,12,6.671367856
4,14,13,7.630842042
4,14,14,8.110131731
4,14,15,5.768710174
4,14,16,6.553290491
4,14,17,7.355945094
4,14,18,7.967563351
4,14,19,8.749315043
4,14,20,18.39698012
4,15,1,1.545413154
4,15,2,1.54985175
4,15,3,1.175616785
4,15,4,1.187712367
4,15,5,3.200111375
4,15,6,3.269834395
4,15,7,0.557474512
4,15,8,0.948679004
4,15,9,3.2770982
4,15,10,2.022979342
4,15,11,1.737561643
4,15,12,2.109385958
4,15,13,3.593077243
4,15,14,3.99809811
4,15,15,1.610111699
4,15,16,1.904734291
4,15,17,3.594646949
4,15,18,3.119904965
4,15,19,5.516901889
4,16,1,0.539360451
4,16,2,0.258997738
4,16,3,0.260779185
4,16,4,0.178077936
4,16,5,0.181237455
4,16,6,0.007454622
4,16,7,0.007724201
4,16,8,0.993792397
4,16,9,0.409075468
4,16,10,0.3807537
4,16,11,0.281904057
4,16,12,0.293247342
4,16,13,0.06233584
4,16,14,0.092835142
4,16,15,1.096548897
4,16,16,0.532174759
4,16,17,0.475405212
4,16,18,0.366182626
4,16,19,0.721706607
4,17,1,3.428667888
4,17,2,3.666935836
4,17,3,6.115600517
4,17,4,6.510710865
4,17,5,1.608451386
4,17,6,1.659003435
4,17,7,9.252400031
4,17,8,8.805859917
4,17,9,10.11574115
4,17,10,9.588514447
4,17,11,7.478244984
4,17,12,7.373343807
4,17,13,9.74602315
4,17,14,10.95341944
4,17,15,11.53457984
4,17,16,11.33096218
4,17,17,10.70885639
4,17,18,10.29013513
4,17,19,10.75383879
4,17,20,30.81219469
4,18,1,0.327471632
4,18,2,0.393335462
4,18,3,0.397531631
4,18,4,0.201424171
4,18,5,0.206486078
4,18,6,0.042372772
4,18,7,0.043973673
4,18,8,1.029520995
4,18,9,0.623435499
4,18,10,0.575980649
4,18,11,0.339149989
4,18,12,0.33432607
4,18,13,0.126128232
4,18,14,0.170534449
4,18,15,1.12319758
4,18,16,0.753640707
4,18,17,0.676903383
4,18,18,0.447393414
4,18,19,0.740415841
4,18,20,0.307725658
4,19,1,0.271205681
4,19,2,0.105596678
4,19,3,0.060478364
4,19,4,0.034987708
4,19,5,0.021809767
4,19,6,0.013387018
4,19,7,0.007020112
4,19,8,0.00430393
4,19,9,0.272423423
4,19,10,0.109559151
4,19,11,0.063520056
4,19,12,0.037378765
4,19,13,0.023818563
4,19,14,0.01489617
4,19,15,0.010725672
4,19,16,8.27E-05
4,19,17,0.324263086
4,19,18,0.127565997
4,19,19,0.000312309
4,19,20,0.000313317
4,20,1,0.422291337
4,20,2,0.165289523
4,20,3,0.09469131
4,20,4,0.054696815
4,20,5,0.034042897
4,20,6,0.020977919
4,20,7,0.372805353
4,20,8,0.153189434
4,20,9,0.091635244
4,20,10,0.051349769
4,20,11,0.032036802
4,20,12,0.020087896
4,20,13,0.433839206
4,20,14,0.174260348
4,20,15,0.102161223
4,20,16,0.056467098
4,20,17,0.038568965
4,20,18,0.022627205
4,20,19,0.460749097
4,20,20,0.000872991
4,21,1,0.253787861
4,21,2,0.099486558
4,21,3,0.057025367
4,21,4,0.032968324
4,21,5,0.020552752
4,21,6,0.012613937
4,21,7,0.006607938
4,21,8,0.004153966
4,21,9,0.256563135
4,21,10,0.103194576
4,21,11,0.059885089
4,21,12,0.035182835
4,21,13,0.02240873
4,21,14,0.013999979
4,21,15,0.007450362
4,21,16,0.004704349
4,21,17,0.325579766
4,21,18,0.12017395
4,21,19,0.000293171
4,21,20,0.000294118
4,22,1,2.444033531
4,22,2,0.945418725
4,22,3,0.528110885
4,22,4,0.295735077
4,22,5,0.185640837
4,22,6,0.11444627
4,22,7,0.060131335
4,22,8,0.431549087
4,22,9,1.723613235
4,22,10,0.960380205
4,22,11,0.549754178
4,22,12,0.315822891
4,22,13,0.202391296
4,22,14,0.129068135
4,22,15,0.06785871
4,22,16,0.861268226
4,22,17,2.232836903
4,22,18,1.127946293
4,22,19,0.002771025
4,22,20,0.002779971
4,23,1,7.830729172
4,23,2,3.034072192
4,23,3,1.698695435
4,23,4,0.954446563
4,23,5,0.602906273
4,23,6,0.369332706
4,23,7,1.799779737
4,23,8,3.984592011
4,23,9,2.972127403
4,23,10,1.679058186
4,23,11,0.954782114
4,23,12,0.615831187
4,23,13,0.907739786
4,23,14,2.948934278
4,23,15,4.691270658
4,23,16,3.424308281
4,23,17,1.90197311
4,23,18,1.067165621
4,23,19,0.681891247
4,23,20,0.010713964
4,24,1,4.104389371
4,24,2,1.587513154
4,24,3,0.898629004
4,24,4,0.515203539
4,24,5,0.322047773
4,24,6,0.198224375
4,24,7,0.102965505
4,24,8,1.157250961
4,24,9,2.192448665
4,24,10,1.636868755
4,24,11,0.946040665
4,24,12,0.556299111
4,24,13,0.355361724
4,24,14,0.226949761
4,24,15,0.696011642
4,24,16,1.331857125
4,24,17,2.63889695
4,24,18,1.924447691
4,24,19,1.085073256
4,24,20,0.006037062
4,25,1,1.475928268
4,25,2,0.572385276
4,25,3,0.334409673
4,25,4,0.199811823
4,25,5,0.124622973
4,25,6,0.077042909
4,25,7,0.041380441
4,25,8,0.027171142
4,25,9,1.396253081
4,25,10,0.562551294
4,25,11,0.32742773
4,25,12,0.196195195
4,25,13,0.124324804
4,25,14,0.07778204
4,25,15,0.042145401
4,25,16,0.027825141
4,25,17,1.620448346
4,25,18,0.639177154
4,25,19,0.000334232
4,25,20,0.000335311
4,26,1,5.987092
4,26,2,2.391347648
4,26,3,1.332740582
4,26,4,0.747851879
4,26,5,0.471352914
4,26,6,0.293529732
4,26,7,0.154519356
4,26,8,1.683844093
4,26,9,2.815694668
4,26,10,2.310485581
4,26,11,1.30679495
4,26,12,0.749220611
4,26,13,0.480286362
4,26,14,0.303038255
4,26,15,1.049111406
4,26,16,1.821420544
4,26,17,3.278639875
4,26,18,2.637189195
4,26,19,0.001920775
4,26,20,0.001926976
4,27,1,1.060079005
4,27,2,0.41032833
4,27,3,0.229628094
4,27,4,0.128881409
4,27,5,0.081415023
4,27,6,0.050776267
4,27,7,0.027376014
4,27,8,0.018336019
4,27,9,0.95688371
4,27,10,0.379969805
4,27,11,0.214644297
4,27,12,0.122778474
4,27,13,0.078677473
4,27,14,0.049907
4,27,15,0.026913987
4,27,16,0.018066452
4,27,17,1.338853204
4,27,19,0.243219832
4,27,20,10.01126568
4,28,1,1.940328003
4,28,2,0.760471327
4,28,3,0.436230229
4,28,4,0.243530849
4,28,5,0.152521782
4,28,6,0.09394822
4,28,7,0.049440319
4,28,8,0.255654687
4,28,9,1.533442159
4,28,10,0.777009568
4,28,11,0.451526396
4,28,12,0.258667118
4,28,13,0.165502317
4,28,14,0.10379648
4,28,15,0.055550688
4,28,16,0.502051412
4,28,17,1.820816408
4,28,18,0.902525722
4,28,19,0.001960925
4,28,20,0.001967256
4,29,1,1.867728124
4,29,2,0.723100439
4,29,3,0.404170957
4,29,4,0.226897492
4,29,5,0.142988828
4,29,6,0.088787618
4,29,7,0.04746571
4,29,8,0.301686753
4,29,9,1.269082388
4,29,10,0.700080368
4,29,11,0.396951926
4,29,12,0.227707518
4,29,13,0.145966515
4,29,14,0.091842504
4,29,15,0.049609884
4,29,16,0.599848071
4,29,17,1.479693696
4,29,18,0.799359991
4,29,19,0.000607755
4,29,20,0.000609717
4,30,1,0.939465435
4,30,2,0.363481615
4,30,3,0.203140707
4,30,4,0.113916861
4,30,5,0.07167741
4,30,6,0.044327447
4,30,7,0.02351274
4,30,8,0.01519388
4,30,9,0.897309883
4,30,10,0.356515283
4,30,11,0.202601186
4,30,12,0.116163907
4,30,13,0.074381323
4,30,14,0.046620314
4,30,15,0.024981094
4,30,16,0.016239288
4,30,17,1.051142201
4,30,18,0.408409145
4,30,19,0.330455734
4,30,20,0.002083954
4,31,1,0.591259769
4,31,2,0.228778521
4,31,3,0.127927544
4,31,4,0.07190842
4,31,5,0.045483626
4,31,6,0.028428373
4,31,7,0.015384477
4,31,8,0.010354341
4,31,9,0.520380114
4,31,10,0.207174746
4,31,11,0.116223657
4,31,12,0.066512645
4,31,13,0.042633869
4,31,14,0.026892947
4,31,15,0.014634425
4,31,16,0.009868809
4,31,17,0.597267262
4,31,18,0.232911418
4,31,19,4.41E-05
4,31,20,4.43E-05
4,32,1,6.326110699
4,32,2,2.448836282
4,32,3,1.37262651
4,32,4,0.771164071
4,32,5,0.487259623
4,32,6,0.304324847
4,32,7,0.161204904
4,32,8,1.692231844
4,32,9,2.933845823
4,32,10,2.320830334
4,32,11,1.315625647
4,32,12,0.754119326
4,32,13,0.483966887
4,32,14,0.305781896
4,32,15,1.023479427
4,32,16,1.881133856
4,32,17,3.396056285
4,32,18,2.635201234
4,32,19,1.467802747
4,32,20,0.00128487
4,33,1,0.642387627
4,33,2,0.248538837
4,33,3,0.138867778
4,33,4,0.07795065
4,33,5,0.049148264
4,33,6,0.030544881
4,33,7,0.016322188
4,33,8,0.010735784
4,33,9,0.595346138
4,33,10,0.236673254
4,33,11,0.133745704
4,33,12,0.07661451
4,33,13,0.04952878
4,33,14,0.031129978
4,33,15,0.016647124
4,33,16,0.010974819
4,33,17,0.692206161
4,33,18,0.269041979
4,33,19,0.000142575
4,33,20,0.000143035
4,34,1,0.08826568
4,34,2,0.034010552
4,34,3,0.018934515
4,34,4,0.010571437
4,34,5,0.006641946
4,34,6,0.004064006
4,34,7,0.002134544
4,34,8,0.07855615
4,34,9,0.031996895
4,34,10,0.017896416
4,34,11,0.010059587
4,34,12,0.00643837
4,34,13,0.003996197
4,34,14,0.002122598
4,34,15,0.091511686
4,34,16,0.036403809
4,34,17,0.02004228
4,34,18,0.01111839
4,34,19,0.007037187
4,34,20,5.83E-05
4,35,1,3.680005163
4,35,2,1.428574765
4,35,3,0.799974424
4,35,4,0.449544696
4,35,5,0.284149183
4,35,6,0.179111451
4,35,7,2.592440731
4,35,8,1.065941207
4,35,9,0.638019496
4,35,10,0.353253817
4,35,11,0.212687395
4,35,12,0.135599284
4,35,13,2.935393396
4,35,14,1.174088044
4,35,15,0.68285489
4,35,16,0.37651567
4,35,17,0.22817453
4,35,18,0.14400923
4,35,19,3.268358734
4,35,20,1.498329309
4,36,1,0.084249683
4,36,2,0.032480103
4,36,3,0.018108044
4,36,4,0.010130006
4,36,5,0.006392618
4,36,6,0.003972051
4,36,7,0.002115895
4,36,8,0.066817841
4,36,9,0.027344402
4,36,10,0.015341832
4,36,11,0.008461766
4,36,12,0.005416734
4,36,13,0.003399501
4,36,14,0.001821935
4,36,15,0.076362112
4,36,16,0.030421909
4,36,17,0.016838001
4,36,18,0.009219042
4,36,19,0.012105808
4,36,20,9.81E-06
5,1,1,3.59992547
5,1,2,9.150155093
5,1,3,15.83780435
5,1,4,16.22454468
5,1,5,40.09529389
5,1,6,59.31232546
5,1,7,10.63723467
5,1,8,63.18193673
5,1,9,64.95507133
5,1,10,66.52809333
5,1,11,9.373594414
5,1,12,10.50139087
5,1,13,12.97744685
5,1,14,11.23116797
5,1,15,30.47125125
5,1,16,89.39255982
5,1,17,11.31146477
5,1,18,10.37642803
5,1,19,107.787383
5,1,20,91.62848735
5,2,1,10.82774477
5,2,2,10.17079486
5,2,3,10.12937785
5,2,4,12.91065334
5,2,5,15.6889731
5,2,6,17.53451764
5,2,7,18.4579804
5,2,8,13.24927823
5,2,9,8.956034833
5,2,10,9.174203392
5,2,11,4.04563408
5,2,12,8.572014643
5,2,13,12.82553163
5,2,14,13.57672175
5,2,15,14.00352203
5,2,16,14.57558683
5,2,17,17.10298853
5,2,18,14.58485383
5,2,19,13.1205811
5,2,20,45.80557662
5,3,1,11.88820769
5,3,2,5.712762025
5,3,3,6.007183452
5,3,4,7.708140883
5,3,5,13.97757324
5,3,6,22.98284439
5,3,7,10.73491903
5,3,8,9.832739274
5,3,9,10.10105351
5,3,10,10.3376513
5,3,11,15.12353489
5,3,12,8.470665269
5,3,13,8.832088021
5,3,14,9.240774044
5,3,15,9.468529359
5,3,16,29.99776596
5,3,17,9.492357988
5,3,18,8.348803977
5,3,19,16.14606626
5,3,20,32.82921227
5,4,1,10.72563166
5,4,2,4.624250388
5,4,3,4.153821777
5,4,4,4.72411295
5,4,5,5.959553882
5,4,6,6.809990727
5,4,7,6.316279849
5,4,8,3.758851812
5,4,9,4.348020048
5,4,10,5.792906456
5,4,11,5.974190504
5,4,12,5.711057674
5,4,13,6.045944674
5,4,14,6.338759401
5,4,15,6.481977544
5,4,16,6.720773083
5,4,17,7.07967007
5,4,18,6.298802466
5,4,19,5.97254297
5,4,20,19.90309522
5,5,1,6.513166789
5,5,2,6.639668406
5,5,3,3.797219858
5,5,4,1.786120052
5,5,5,4.530165314
5,5,6,4.706832801
5,5,7,4.866184309
5,5,8,3.365035923
5,5,9,4.410065151
5,5,10,5.426756586
5,5,11,6.375516792
5,5,12,6.655949336
5,5,13,5.035425406
5,5,14,4.158100793
5,5,15,5.43699499
5,5,16,6.347682584
5,5,17,6.569196764
5,5,18,5.654813613
5,5,19,7.954599692
5,5,20,18.6681218
5,6,1,36.42847957
5,6,2,32.98819676
5,6,3,11.81359825
5,6,4,10.08863391
5,6,5,11.639363
5,6,6,12.45872356
5,6,7,12.62358174
5,6,8,13.16205502
5,6,9,13.93048083
5,6,10,16.01429613
5,6,11,17.91813724
5,6,12,17.47469898
5,6,13,16.99698901
5,6,14,16.95000016
5,6,15,16.71378781
5,6,16,16.74131408
5,6,17,18.07504113
5,6,18,19.03275819
5,6,19,21.89473735
5,6,20,59.33204093
5,7,1,12.93066864
5,7,2,9.138527593
5,7,3,8.10084113
5,7,4,4.913921158
5,7,5,6.196783742
5,7,6,6.965813633
5,7,7,7.15662297
5,7,8,7.72423561
5,7,9,8.431152527
5,7,10,8.081125163
5,7,11,10.19206779
5,7,12,10.02670183
5,7,13,9.869859855
5,7,14,9.449255951
5,7,15,10.03773632
5,7,16,10.36879511
5,7,17,10.26672628
5,7,18,7.449211755
5,7,19,16.8250571
5,7,20,28.75397282
5,8,1,7.03461986
5,8,2,3.639174821
5,8,3,2.663309679
5,8,4,2.053135107
5,8,5,1.263759559
5,8,6,0.80666509
5,8,7,0.485629388
5,8,8,0.359181305
5,8,9,0.94931133
5,8,10,1.787119242
5,8,11,1.872341165
5,8,12,2.071455224
5,8,13,1.997504367
5,8,14,1.432643218
5,8,15,0.832195412
5,8,16,0.525645867
5,8,17,0.439627246
5,8,18,0.750791329
5,8,19,1.8148599
5,8,20,3.35E-10
5,9,1,0.375642699
5,9,2,0.194200717
5,9,3,0.14205078
5,9,4,0.109379673
5,9,5,0.067202349
5,9,6,0.042815644
5,9,7,0.025703216
5,9,8,0.01906392
5,9,9,0.018448874
5,9,10,0.011047785
5,9,11,0.346747775
5,9,12,0.161423928
5,9,13,0.10639095
5,9,14,0.076248752
5,9,15,0.044253265
5,9,16,0.027901671
5,9,17,0.016507161
5,9,18,0.018463114
5,9,19,0.026924372
5,9,20,1.79E-11
5,10,1,2.318800598
5,10,2,1.247588329
5,10,3,0.943811904
5,10,4,0.752630946
5,10,5,0.461470569
5,10,6,0.294999462
5,10,7,0.179262765
5,10,8,0.133658782
5,10,9,0.124360528
5,10,10,0.659602533
5,10,11,0.995882128
5,10,12,0.989961326
5,10,13,0.669416644
5,10,14,0.458450414
5,10,15,0.279031994
5,10,16,0.176193911
5,10,17,0.147587494
5,10,18,1.07E-11
5,10,19,1.08E-11
5,10,20,1.08E-11
5,11,1,6.154951878
5,11,2,3.184227884
5,11,3,2.330177277
5,11,4,1.796430243
5,11,5,1.105804128
5,11,6,0.70587468
5,11,7,0.42497675
5,11,8,0.314361454
5,11,9,0.852000388
5,11,10,1.545149828
5,11,11,1.610988348
5,11,12,1.775947156
5,11,13,1.752110894
5,11,14,1.265209547
5,11,15,0.728180543
5,11,16,0.459967975
5,11,17,0.384734291
5,11,18,0.700708454
5,11,19,1.241476535
5,11,20,2.90E-10
5,12,1,5.471889662
5,12,2,2.829783955
5,12,3,2.072186704
5,12,4,1.596201675
5,12,5,0.981853218
5,12,6,0.626248945
5,12,7,0.376746548
5,12,8,0.279688339
5,12,9,0.269384567
5,12,10,1.820743272
5,12,11,2.086921969
5,12,12,2.354723378
5,12,13,1.556636657
5,12,14,1.123286204
5,12,15,0.646557913
5,12,16,0.408081586
5,12,17,0.241953134
5,12,18,0.176467813
5,12,19,2.048131835
5,12,20,4.39E-07
5,13,1,64.20906483
5,13,2,36.02428603
5,13,3,28.17095712
5,13,4,23.23902221
5,13,5,14.20471993
5,13,6,9.056895922
5,13,7,5.530938244
5,13,8,4.488241602
5,13,9,7.94245327
5,13,10,8.008752578
5,13,11,7.611092488
5,13,12,8.176410771
5,13,13,34.30433352
5,13,14,7.821031219
5,13,15,6.658274663
5,13,16,6.001660722
5,13,17,4.862788537
5,13,18,7.477548615
5,13,19,8.193568263
5,13,20,2.46E-11
5,14,1,6.976771543
5,14,2,3.912899235
5,14,3,3.057914817
5,14,4,2.52255785
5,14,5,1.542330313
5,14,6,0.989289744
5,14,7,0.593902733
5,14,8,0.443837869
5,14,9,0.426070815
5,14,10,1.114512835
5,14,11,2.21509537
5,14,12,2.206353169
5,14,13,2.159379699
5,14,14,2.113090357
5,14,15,1.79273567
5,14,16,1.08540136
5,14,17,0.686099749
5,14,18,2.66E-12
5,14,19,2.67E-12
5,14,20,2.67E-12
6,1,1,57.84673148
6,1,2,64.17242548
6,1,3,66.99608209
6,1,4,95.92561505
6,1,5,102.7248628
6,1,6,74.96308712
6,1,7,91.73993501
6,1,8,99.8700906
6,1,9,111.3003872
6,1,10,122.4607133
6,1,11,122.4606462
6,1,12,111.0807549
6,1,13,110.5917372
6,1,14,115.6832803
6,1,15,120.5795168
6,1,16,124.5801881
6,1,17,123.9185826
6,1,18,114.2661267
6,1,19,105.2452609
6,1,20,273.6497203
6,2,1,69.04953992
6,2,2,75.75438555
6,2,3,99.78399372
6,2,4,108.8984599
6,2,5,102.7705439
6,2,6,106.2611063
6,2,7,94.95813343
6,2,8,101.3889031
6,2,9,98.76888086
6,2,10,92.8019874
6,2,11,85.26041589
6,2,12,76.65100586
6,2,13,79.95080388
6,2,14,71.07375139
6,2,15,72.06132314
6,2,16,72.78578706
6,2,17,66.01862903
6,2,18,70.52164695
6,2,19,67.38806452
6,2,20,335.2300327
6,3,1,70.69730629
6,3,2,71.940666
6,3,3,90.06243369
6,3,4,105.9281851
6,3,5,113.2639323
6,3,6,115.2877968
6,3,7,104.0561344
6,3,8,109.2269954
6,3,9,113.380501
6,3,10,131.9732437
6,3,11,124.3743124
6,3,12,111.0379044
6,3,13,110.7613191
6,3,14,100.926998
6,3,15,99.10921963
6,3,16,97.5727331
6,3,17,93.9936048
6,3,18,126.9662069
6,3,19,139.3392481
6,3,20,474.1758817
6,4,1,40.12978
6,4,2,34.41535496
6,4,3,28.93460769
6,4,4,45.65252788
6,4,5,64.49690422
6,4,6,105.5924785
6,4,7,97.31829127
6,4,8,151.277698
6,4,9,41.18022529
6,4,10,46.51795878
6,4,11,76.16800041
6,4,12,58.22213562
6,4,13,100.6249488
6,4,14,67.70173743
6,4,15,115.3036178
6,4,16,134.3487878
6,4,17,129.4763295
6,4,18,61.34924107
6,4,19,42.71597196
6,4,20,302.2450546
6,5,1,49.39722866
6,5,2,59.99092203
6,5,3,63.23749816
6,5,4,58.71613222
6,5,5,53.35903681
6,5,6,57.77504723
6,5,7,63.55815619
6,5,8,51.28554746
6,5,9,39.74697557
6,5,10,64.96794559
6,5,11,75.98901582
6,5,12,77.73572174
6,5,13,74.49302361
6,5,14,73.8153608
6,5,15,72.70086269
6,5,16,62.15421718
6,5,17,55.1489563
6,5,18,60.40994058
6,5,19,84.10492224
6,5,20,127.4026743
6,6,1,19.43712228
6,6,2,20.31321
6,6,3,27.38249148
6,6,4,34.506396
6,6,5,40.79206556
6,6,6,46.32947535
6,6,7,49.62459807
6,6,8,54.88173727
6,6,9,59.20241257
6,6,10,63.07874189
6,6,11,66.14683498
6,6,12,65.96054664
6,6,13,69.71556345
6,6,14,68.53782574
6,6,15,71.57331313
6,6,16,74.96148279
6,6,17,59.23769647
6,6,18,35.52038818
6,6,19,136.1811024
6,6,20,174.2232248
6,7,1,9.134871243
6,7,2,7.917860006
6,7,3,7.439300117
6,7,4,4.932645011
6,7,5,3.855062102
6,7,6,4.099712288
6,7,7,6.070098671
6,7,8,6.382739808
6,7,9,7.603860456
6,7,10,8.849884298
6,7,11,9.736365514
6,7,12,10.34710448
6,7,13,8.311076878
6,7,14,6.872262248
6,7,15,6.451999027
6,7,16,7.608199608
6,7,17,8.194617299
6,7,18,8.939271961
6,7,19,6.581276666
6,7,20,18.77529308
6,8,1,6.444756161
6,8,2,7.16792073
6,8,3,10.31503958
6,8,4,16.1923097
6,8,5,21.60031702
6,8,6,10.76503303
6,8,7,9.900679129
6,8,8,9.891368492
6,8,9,10.35417326
6,8,10,11.78270355
6,8,11,13.46340051
6,8,12,15.44581685
6,8,13,17.00195201
6,8,14,18.62814685
6,8,15,20.43795281
6,8,16,16.71202566
6,8,17,14.60190169
6,8,18,13.59536012
6,8,19,14.81147804
6,8,20,41.79495822
6,9,1,1.537542004
6,9,2,0.816112469
6,9,3,0.585152128
6,9,4,0.37355443
6,9,5,0.316681577
6,9,6,0.450482617
6,9,7,0.947893272
6,9,8,0.821207606
6,9,9,0.633552064
6,9,10,0.388935082
6,9,11,0.34482867
6,9,12,0.796845373
6,9,13,1.002979416
6,9,14,0.938231447
6,9,15,0.713408963
6,9,16,0.542716116
6,9,17,0.43861225
6,9,18,0.514083052
6,9,19,0.673936233
6,9,20,1.957511523
7,1,1,25.11379818
7,1,2,29.95192171
7,1,3,36.51891478
7,1,4,37.02635433
7,1,5,34.80606725
7,1,6,31.64817841
7,1,7,26.21716304
7,1,8,23.97633132
7,1,9,26.03298485
7,1,10,26.64213184
7,1,11,26.59891432
7,1,12,25.51736459
7,1,13,27.01928439
7,1,14,23.06156182
7,1,15,21.28574335
7,1,16,18.71430423
7,1,17,15.57242906
7,1,18,13.57251792
7,1,19,12.30826678
7,1,20,96.66182324
7,2,1,0.64969905
7,2,2,0.535232908
7,2,3,0.239076456
7,2,4,0.15290873
7,2,5,0.16316405
7,2,6,0.242847574
7,2,7,0.256685994
7,2,8,0.307183545
7,2,9,0.82590842
7,2,10,0.646106607
7,2,11,0.373220427
7,2,12,0.266139795
7,2,13,0.272251214
7,2,14,0.352843161
7,2,15,0.366915909
7,2,16,0.442339417
7,2,17,0.818828082
7,2,18,1.046605135
7,3,1,9.626308536
7,3,2,11.02985744
7,3,3,11.9931492
7,3,4,11.10408469
7,3,5,9.09718653
7,3,6,6.857630052
7,3,7,7.779537784
7,3,8,9.342028317
7,3,9,10.63384915
7,3,10,11.07249513
7,3,11,11.28883204
7,3,12,10.9568224
7,3,13,11.44960771
7,3,14,10.10575797
7,3,15,9.152205287
7,3,16,8.054780762
7,3,17,7.674688767
7,3,18,8.129345385
7,3,19,18.27255834
7,3,20,31.73268815
7,4,1,2.003977898
7,4,2,1.710008299
7,4,3,1.59546806
7,4,4,0.906585963
7,4,5,0.601198165
7,4,6,0.651521508
7,4,7,1.629598436
7,4,8,2.062288963
7,4,9,1.605939561
7,4,10,1.115336541
7,4,11,1.070040497
7,4,12,1.920711656
7,4,13,2.308050527
7,4,14,1.979888221
7,4,15,1.549101403
7,4,16,1.316356518
7,4,17,1.928395484
7,4,18,2.340756495
7,4,19,2.535130479
7,4,20,2.949022254
8,1,2,5.720077273
8,1,3,2.50232971
8,1,4,2.674027572
8,1,5,2.86547926
8,1,6,3.050479208
8,1,7,3.331286489
8,1,8,7.481561728
8,1,9,4.50494812
8,1,10,4.005426718
8,1,11,3.903864964
8,1,12,4.191514552
8,1,13,4.109333099
8,1,14,8.72052726
8,1,15,5.096548962
8,1,16,4.454765654
8,1,17,3.993611971
8,1,18,3.815879552
8,1,19,8.206127172
8,1,20,7.939563272
8,2,1,1.724530781
8,2,2,1.879338642
8,2,3,2.215252108
8,2,4,2.488916812
8,2,5,2.776517995
8,2,6,3.004659107
8,2,7,3.18034369
8,2,8,3.351473905
8,2,9,3.51916485
8,2,10,3.588925288
8,2,11,3.64865519
8,2,12,3.712224611
8,2,13,3.741047798
8,2,14,3.824029358
8,2,15,3.853338036
8,2,16,3.906226925
8,2,17,4.018386103
8,2,18,1.245968335
8,2,19,6.818258833
8,2,20,7.27335238
8,3,1,61.46422345
8,3,2,64.88915236
8,3,3,47.80319107
8,3,4,38.15638292
8,3,5,27.2921496
8,3,6,81.52494078
8,3,7,88.85998282
8,3,8,81.49767929
8,3,9,75.82560388
8,3,10,66.92526391
8,3,11,91.13615477
8,3,12,102.3524457
8,3,13,99.49690156
8,3,14,96.14249644
8,3,15,93.66270211
8,3,16,101.0317667
8,3,17,106.7639717
8,3,18,104.0677848
8,3,19,92.77535245
8,3,20,224.3806749
8,4,1,149.7852439
8,4,2,151.6663219
8,4,3,156.0684855
8,4,4,163.8403577
8,4,5,175.3269705
8,4,6,228.0797084
8,4,7,189.237934
8,4,8,211.6803701
8,4,9,234.1910373
8,4,10,232.2902634
8,4,11,282.8540258
8,4,12,234.4175559
8,4,13,262.8542693
8,4,14,252.8752861
8,4,15,269.0022373
8,4,16,312.0212491
8,4,17,261.0333421
8,4,18,449.6594834
8,4,20,402.3372655
8,5,1,11.87159683
8,5,2,12.45496496
8,5,3,12.5920746
8,5,4,13.14146558
8,5,5,13.87652687
8,5,6,14.74431319
8,5,7,15.65832482
8,5,8,16.52571824
8,5,9,23.02071476
8,5,10,21.1283451
8,5,11,20.43698127
8,5,12,20.7780461
8,5,13,20.87197063
8,5,14,21.36172985
8,5,15,21.4723705
8,5,16,21.71529609
8,5,17,22.96448225
8,5,18,22.64061704
8,5,19,22.75449506
8,5,20,65.48716313
9,1,1,2.591988358
9,1,2,6.030440335
9,1,3,6.006669762
9,1,4,7.713436313
9,1,5,8.031116528
9,1,6,10.41408278
9,1,7,10.58142072
9,1,8,12.67239228
9,1,9,13.3172774
9,1,10,14.58511549
9,1,11,14.88088767
9,1,12,16.19557156
9,1,13,16.27770284
9,1,14,17.49487442
9,1,15,17.62689485
9,1,16,18.77679256
9,1,17,18.1436704
9,1,18,22.45329914
9,1,19,16.19583695
9,1,20,35.80365977
9,2,1,4.957446933
9,2,2,5.795550167
9,2,3,7.482858608
9,2,4,9.056902041
9,2,5,10.80014056
9,2,6,12.39760102
9,2,7,13.83111605
9,2,8,15.28850756
9,2,9,16.7687618
9,2,10,17.74821054
9,2,11,18.64818226
9,2,12,19.55337294
9,2,13,20.24239714
9,2,14,21.23543627
9,2,15,21.84208746
9,2,16,22.5639134
9,2,17,23.61516162
9,2,18,24.83536216
9,2,19,26.72023165
9,2,20,43.48052891
9,3,1,3.78E-06
9,3,2,5.555281803
9,3,3,5.677742697
9,3,4,5.879935256
9,3,5,6.174742984
9,3,6,6.557395961
9,3,7,6.819366532
9,3,8,0.418674865
9,3,9,5.768707298
9,3,10,6.158001753
9,3,11,6.682726291
9,3,12,7.336989463
9,3,13,7.638128776
9,3,14,7.362525091
9,3,15,2.228825247
9,3,16,9.438241641
9,4,1,5.185287923
9,4,2,5.237837124
9,4,3,5.353300252
9,4,4,5.543938951
9,4,5,5.821900523
9,4,6,6.182687615
9,4,7,6.584639485
9,4,8,5.810365074
9,4,9,6.820314159
9,4,10,5.724034474
9,4,11,6.107092897
9,4,12,6.743564694
9,4,13,7.063304622
9,4,14,7.411849303
9,4,15,7.053046491
9,4,16,11.2182427
9,5,1,14.62052008
9,5,2,16.95766997
9,5,3,17.97618227
9,5,4,15.79392978
9,5,5,14.1781621
9,5,6,14.34344677
9,5,7,13.18166959
9,5,8,16.78347703
9,5,9,18.05128281
9,5,10,17.39583105
9,5,11,15.94999535
9,5,12,15.38719844
9,5,13,14.97455704
9,5,14,14.12332654
9,5,15,11.54960229
9,5,16,8.37753025
9,5,19,27.19001208
9,5,20,22.35869072
9,9,1,0.211037378
9,9,2,0.220544851
9,9,3,0.227453802
9,9,4,0.230759018
9,9,5,0.234714468
9,9,6,0.238599404
9,9,7,0.242595324
9,9,8,0.248201663
9,9,9,0.25567386
9,9,10,0.263036547
9,9,11,0.270869864
9,9,12,0.281661544
9,9,13,0.294954403
9,9,14,0.311250219
9,9,15,0.32877231
9,9,16,0.344708651
9,9,17,0.362855769
9,9,18,0.380100984
9,9,20,1.297544383
9,10,1,0.232141141
9,10,2,0.242599343
9,10,3,0.250164986
9,10,4,0.253802687
9,10,5,0.2581697
9,10,6,0.262454232
9,10,7,0.266853687
9,10,8,0.273046384
9,10,9,0.281279146
9,10,10,0.289334514
9,10,11,0.298049652
9,10,12,0.309995713
9,10,13,0.324674183
9,10,14,0.342657006
9,10,15,0.361946364
9,10,16,0.381525515
9,10,17,0.398362792
9,10,18,0.419181602
9,10,20,1.411682706
9,11,1,1.693977062
9,11,2,1.770751883
9,11,3,1.825397997
9,11,4,1.851725134
9,11,5,1.88346092
9,11,6,1.914442714
9,11,7,1.946169387
9,11,8,1.991479675
9,11,9,2.051746348
9,11,10,2.107502583
9,11,11,2.181976858
9,11,12,2.269076319
9,11,13,2.375428365
9,11,14,2.506778052
9,11,15,2.646898308
9,11,16,2.781959791
9,11,17,2.611272884
9,11,18,1.613612772
9,11,19,1.51121992
9,11,20,3.914707122
9,12,1,12.13742043
9,12,2,12.67447537
9,12,3,13.0287811
9,12,4,13.14356665
9,12,5,13.25911736
9,12,6,13.3332098
9,12,7,13.37356477
9,12,8,13.4860524
9,12,9,13.66301428
9,12,10,13.74610016
9,12,11,13.90760674
9,12,12,14.16092588
9,12,13,14.54209791
9,12,14,15.1543038
9,12,15,16.11294186
9,12,16,17.30279958
9,12,17,10.00000469
9,12,18,11.43567534
9,12,19,11.62114101
10,1,1,10.01440536
10,1,2,15.97593436
10,1,3,10.96909181
10,1,4,22.64742698
10,1,5,14.41181881
10,1,6,30.93695133
10,1,7,15.11967693
10,1,8,37.68781062
10,1,9,19.1376309
10,1,10,42.18823251
10,1,11,24.74296349
10,1,12,40.30233896
10,1,13,30.33793797
10,1,14,40.71590704
10,1,15,27.44710509
10,1,16,53.8608648
10,1,17,14.73558701
10,1,18,72.17476114
10,1,19,13.79670945
10,1,20,107.4351211
10,2,1,11.93522753
10,2,2,12.06940247
10,2,3,15.38478578
10,2,4,18.77126187
10,2,5,21.66503531
10,2,6,24.29395354
10,2,7,25.65740826
10,2,8,28.48891599
10,2,9,30.81325242
10,2,10,33.00697393
10,2,11,34.7906713
10,2,12,34.5960695
10,2,13,36.89660856
10,2,14,36.21575861
10,2,15,38.14046539
10,2,16,40.24187026
10,2,17,14.34188179
10,2,18,70.06981256
10,2,19,46.63121364
10,2,20,102.2927894
10,3,1,138.4482915
10,3,2,66.51772225
10,3,3,67.35636074
10,3,4,68.90486733
10,3,5,71.56288649
10,3,6,75.94514071
10,3,7,85.02680415
10,3,8,69.0145552
10,3,9,79.9648092
10,3,10,89.00150694
10,3,11,100.955458
10,3,12,85.50773405
10,3,13,107.8264321
10,3,14,75.2044842
10,3,15,96.24584096
10,3,16,108.7157504
10,3,17,192.1646401
10,3,20,181.2605421
10,4,1,4.06185826
10,4,2,4.103022301
10,4,3,4.193469518
10,4,4,4.342804981
10,4,5,4.560544193
10,4,6,4.843164185
10,4,7,4.463906309
10,4,8,1.246153321
10,4,9,4.03025437
10,4,10,5.023993447
10,4,11,5.611147404
10,4,12,5.779392926
10,4,13,5.745529356
10,4,14,5.064598991
10,4,15,2.973759652
10,4,16,4.371890571
10,4,17,5.607551226
10,4,18,6.556896043
10,4,19,5.982942538
10,5,1,0.510023485
10,5,2,31.74228313
10,5,3,33.59837722
10,5,4,34.79521696
10,5,5,36.54014895
10,5,6,38.80496299
10,5,7,41.32819344
10,5,8,5.101619289
10,5,9,18.99523525
10,5,10,42.7778172
10,5,11,44.90127983
10,5,12,45.45959467
10,5,13,52.9479505
10,5,14,49.91471009
10,5,15,7.020039369
10,5,16,25.63657235
10,5,17,79.53622076
10,5,19,46.58682593
10,5,20,59.66019439
10,8,1,241.748118
10,8,2,252.1736589
10,8,3,258.7080584
10,8,4,260.9185461
10,8,5,263.3147477
10,8,6,264.7709219
10,8,7,265.239114
10,8,8,266.9105121
10,8,9,268.8987165
10,8,10,268.2222284
10,8,11,266.4555661
10,8,12,264.7510168
10,8,13,215.671288
10,8,14,154.368371
10,8,15,148.7423062
10,8,16,171.8206875
10,8,17,164.2379572
10,8,18,190.5293706
10,8,19,205.272147
10,8,20,1434.594123
10,9,1,18.60098793
10,9,2,19.43334583
10,9,3,20.00328498
10,9,4,20.2817071
10,9,5,20.61547079
10,9,6,20.92389577
10,9,7,21.19162025
10,9,8,21.57566215
10,9,9,22.02007025
10,9,10,22.23349392
10,9,11,22.28105096
10,9,12,21.74388819
10,9,13,11.04320851
10,9,14,10.6925499
10,9,15,11.40024559
10,9,16,12.13676604
10,9,17,10.81198816
10,9,18,12.75242526
10,9,19,9.179028845
10,9,20,99.95068184
10,10,1,19.02389571
10,10,2,19.87469761
10,10,3,20.46027454
10,10,4,20.74406151
10,10,5,21.08377698
10,10,6,21.39333039
10,10,7,21.67343551
10,10,8,22.06638794
10,10,9,22.52220435
10,10,10,22.74118776
10,10,11,22.79339272
10,10,12,22.22469738
10,10,13,11.15620697
10,10,14,10.76756218
10,10,15,11.63550812
10,10,16,9.98043115
10,10,17,9.09968158
10,10,18,13.08302344
10,10,19,14.93363172
10,10,20,102.1231967
11,1,1,5.089873251
11,1,2,5.245351584
11,1,3,5.600237787
11,1,4,6.042109847
11,1,5,6.054187561
11,1,6,6.300724537
11,1,7,6.090861529
11,1,8,6.49813093
11,1,9,6.636838235
11,1,10,6.585514404
11,1,11,6.542594623
11,1,12,6.063928949
11,1,13,6.471651906
11,1,14,5.593922767
11,1,15,5.713177948
11,1,16,5.668729738
11,1,17,4.998209315
11,1,18,4.41273086
11,1,19,3.642674598
11,1,20,28.02925986
11,2,1,4.927503714
11,2,2,5.935105493
11,2,3,6.22145302
11,2,4,6.827753395
11,2,5,7.125898899
11,2,6,7.263276823
11,2,7,6.95624114
11,2,8,7.132327241
11,2,9,7.186292463
11,2,10,7.123241431
11,2,11,6.970784014
11,2,12,6.471972916
11,2,13,6.533176498
11,2,14,5.205845473
11,2,15,4.73462916
11,2,16,3.834220743
11,2,17,3.714240155
11,2,18,3.551063952
11,2,19,3.482140311
11,2,20,30.09053666
11,3,1,53.84146453
11,3,2,68.48269568
11,3,3,82.30001822
11,3,4,84.83741189
11,3,5,77.29845717
11,3,6,75.54985524
11,3,7,60.43120453
11,3,8,61.76623958
11,3,9,61.19472934
11,3,10,60.26243134
11,3,11,51.77082037
11,3,12,41.450727
11,3,13,39.50972135
11,3,14,42.6635373
11,3,15,53.48590924
11,3,16,41.65407941
11,3,17,49.02808448
11,3,18,90.23543737
11,3,19,77.52653927
11,3,20,177.2101094
11,4,1,35.27431119
11,4,2,38.48821938
11,4,3,37.67508199
11,4,4,38.95463037
11,4,5,40.97246332
11,4,6,40.67329815
11,4,7,33.28760043
11,4,8,39.87968273
11,4,9,43.73112419
11,4,10,50.08598224
11,4,11,42.20617248
11,4,12,39.85647958
11,4,13,41.16181226
11,4,14,39.61311981
11,4,15,36.68987288
11,4,16,40.28076879
11,4,17,40.57695192
11,4,18,41.80306603
11,4,19,46.99805091
11,4,20,77.71003704
11,7,1,111.8032055
11,7,2,116.7133627
11,7,3,119.9246368
11,7,4,121.255259
11,7,5,122.8157838
11,7,6,124.1234227
11,7,7,125.369883
11,7,8,127.324322
11,7,9,129.9675809
11,7,10,131.1874933
11,7,11,135.1010292
11,7,12,139.3842332
11,7,13,141.8028537
11,7,14,146.8405109
11,7,15,154.9017547
11,7,16,79.94454243
11,7,17,88.7382896
11,7,18,99.15015177
11,7,19,111.4739455
11,7,20,636.1788302
11,8,1,49.38539932
11,8,2,51.55451648
11,8,3,52.9618007
11,8,4,53.54317503
11,8,5,54.2225359
11,8,6,54.78291114
11,8,7,55.36387439
11,8,8,56.24133055
11,8,9,57.40951621
11,8,10,57.90553745
11,8,11,59.67450962
11,8,12,61.07622878
11,8,13,64.0205331
11,8,14,65.97336735
11,8,15,36.18629349
11,8,16,39.72551847
11,8,17,44.74300477
11,8,18,42.74163982
11,8,19,41.59576628
11,8,20,266.7153218
12,1,1,39.70836833
12,1,2,5.52282691
12,1,3,7.80582759
12,1,4,7.106540062
12,1,5,7.615301334
12,1,6,8.106910544
12,1,7,39.5843425
12,1,8,8.700942908
12,1,9,9.246883625
12,1,10,8.873791683
12,1,11,11.31241693
12,1,12,8.487047188
12,1,13,47.29805878
12,1,14,8.855991525
12,1,15,9.203708952
12,1,16,9.490590211
12,1,17,10.00101641
12,1,18,10.26568946
12,1,19,11.39984763
12,1,20,47.04353382
12,2,1,11.80571175
12,2,2,7.166706375
12,2,3,19.71118041
12,2,4,16.43120665
12,2,5,10.64351055
12,2,6,24.44223182
12,2,7,18.96393817
12,2,8,11.43323563
12,2,9,27.83371123
12,2,10,21.13439746
12,2,11,21.44874252
12,2,12,10.80935611
12,2,13,30.80735411
12,2,14,11.90225649
12,2,15,10.44753838
12,2,16,38.27043702
12,2,17,17.7853192
12,2,18,8.096008598
12,2,19,41.84062133
12,2,20,47.85260625
12,3,1,97.96849173
12,3,2,122.2625423
12,3,3,141.3608955
12,3,4,146.8470228
12,3,5,146.9783536
12,3,6,144.201247
12,3,7,135.0869436
12,3,8,134.6162079
12,3,9,134.0393505
12,3,10,128.7402692
12,3,11,123.2259749
12,3,12,116.4488726
12,3,13,115.2028724
12,3,14,110.4184183
12,3,15,110.6090961
12,3,16,111.1057978
12,3,17,109.2236794
12,3,18,111.1351238
12,3,19,10.7634668
12,3,20,22933.1887
12,4,1,10.21050201
12,4,2,12.24692152
12,4,3,14.26230954
12,4,4,14.94437572
12,4,5,14.25531998
12,4,6,13.46174083
12,4,7,11.50547152
12,4,8,11.28987136
12,4,9,10.71080656
12,4,10,10.12226233
12,4,11,9.475146403
12,4,12,6.724857123
12,4,13,6.617703053
12,4,14,6.659788708
12,4,15,6.502662348
12,4,16,6.295594522
12,4,17,6.616938166
12,4,18,5.494543317
12,4,19,5.598163783
12,4,20,311.2385225
12,5,1,15.2068263
12,5,2,18.23971903
12,5,3,21.24175007
12,5,4,22.27357981
12,5,5,21.25019766
12,5,6,19.94480673
12,5,7,16.9644676
12,5,8,16.91203281
12,5,9,16.13642143
12,5,10,15.34550233
12,5,11,14.09739176
12,5,12,12.34035522
12,5,13,9.947299704
12,5,14,9.956703386
12,5,15,10.2392355
12,5,16,9.667042982
12,5,17,10.21057498
12,5,18,9.995032963
12,5,19,9.987665054
12,5,20,893.5576896
12,9,1,42.27517636
12,9,2,44.0179803
12,9,3,45.23024191
12,9,4,45.73422168
12,9,5,46.32684456
12,9,6,46.81572387
12,9,7,47.2592642
12,9,8,47.98900485
12,9,9,48.96837887
12,9,10,49.75953168
12,9,11,50.81883983
12,9,12,52.12164436
12,9,13,54.30913898
12,9,14,56.30255458
12,9,15,59.05917657
12,9,16,61.86063252
12,9,17,64.52001245
12,9,18,38.14814465
12,9,19,33.21470774
12,9,20,325.2927456
12,10,1,115.5803792
12,10,2,120.1822005
12,10,3,123.4919561
12,10,4,124.8678396
12,10,5,126.4853437
12,10,6,127.821299
12,10,7,129.0301178
12,10,8,131.0215546
12,10,9,133.6933035
12,10,10,135.847673
12,10,11,138.7332148
12,10,12,142.3333159
12,10,13,148.2386411
12,10,14,153.8060795
12,10,15,161.3782781
12,10,16,169.0385144
12,10,17,176.0459699
12,10,18,103.6665088
12,10,19,90.70611017
12,10,20,876.6969016
13,1,1,12.8448708
13,1,2,17.76295153
13,1,3,20.71337892
13,1,4,33.82732161
13,1,5,23.70941897
13,1,6,28.6700865
13,1,7,34.71642728
13,1,8,30.3955992
13,1,9,30.24060276
13,1,10,42.27902089
13,1,11,35.91820552
13,1,12,20.38213765
13,1,13,54.38450816
13,1,14,31.69985676
13,1,15,10.7598016
13,1,16,62.00103539
13,1,17,38.15719513
13,1,18,11.97081965
13,1,19,12.75329738
13,1,20,95.00456349
13,2,1,5.492654821
13,2,2,6.380442741
13,2,3,7.554473344
13,2,4,8.598906193
13,2,5,9.308761676
13,2,6,9.846755488
13,2,7,10.03614649
13,2,8,10.4347184
13,2,9,10.85815665
13,2,10,11.06651878
13,2,11,11.3133155
13,2,12,10.80645669
13,2,13,11.15637713
13,2,14,10.72850724
13,2,15,10.83560151
13,2,16,11.04522201
13,2,17,11.35801946
13,2,18,11.84422657
13,2,19,12.73617694
13,2,20,47.23090577
13,3,1,5.271281049
13,3,2,7.85694369
13,3,3,10.53158102
13,3,4,10.34805577
13,3,5,6.463847283
13,3,6,8.07923446
13,3,7,7.686213731
13,3,8,7.96391015
13,3,9,9.227731636
13,3,10,8.923061758
13,3,11,8.813534994
13,3,12,9.745363974
13,3,13,10.5377286
13,3,14,8.598610009
13,3,15,8.89948726
13,3,16,7.835713859
13,3,17,11.07534749
13,3,18,9.452015837
13,3,20,16.63873502
13,4,1,0.528707569
13,4,2,4.087937073
13,4,3,5.251939495
13,4,4,5.709912984
13,4,5,6.77730079
13,4,6,6.818295939
13,4,7,6.34879082
13,4,8,6.367088053
13,4,9,6.902239901
13,4,10,6.180290005
13,4,11,4.307701868
13,4,12,4.358411253
13,4,13,6.074640889
13,4,14,9.255524851
13,4,15,11.26934099
13,4,16,10.74835664
13,4,17,9.355941905
13,4,20,9.755969265
13,5,1,6.360457569
13,5,2,6.440335377
13,5,3,6.627268175
13,5,4,6.95729176
13,5,5,7.44505752
13,5,6,3.207357922
13,5,7,7.599690632
13,5,8,8.993060423
13,5,9,9.856131385
13,5,10,9.5047585
13,5,11,6.158066216
13,5,12,9.023807215
13,5,13,10.57683987
13,5,14,10.91442987
13,5,15,10.963869
13,5,16,8.988817979
13,5,17,10.72779504
13,5,18,14.37227219
13,5,20,21.39453781
13,8,1,25.69203255
13,8,2,11.12437129
13,8,3,7.049341108
13,8,4,7.976521165
13,8,5,9.427442299
13,8,6,6.822089942
13,8,7,6.412154003
13,8,8,8.989260364
13,8,9,5.77153382
13,8,10,5.37417014
13,8,11,9.065453951
13,8,12,5.873041809
13,8,13,4.865336501
13,8,14,9.516155428
13,8,15,5.063831248
13,8,16,7.660683438
13,8,17,3.462757823
13,8,18,0.008722083
13,8,19,0.008771967
13,8,20,0.008814902
13,9,2,3.031744059
13,9,3,2.79731427
13,9,4,2.487732294
13,9,5,2.397634956
13,9,6,2.246717386
13,9,7,3.803388623
13,9,8,3.780276415
13,9,9,3.877520335
13,9,10,3.329180763
13,9,11,2.499585247
13,9,12,3.673891386
13,9,13,2.906345178
13,9,14,2.735843492
13,9,15,2.491077117
13,9,16,2.18E-06
13,9,17,2.19E-06
13,9,18,2.21E-06
13,9,19,2.22E-06
13,9,20,2.23E-06
13,10,1,4.376354137
13,10,2,2.610885729
13,10,3,1.913649199
13,10,4,1.356201528
13,10,5,1.168558652
13,10,6,5.651493995
13,10,7,3.374036624
13,10,8,2.355749088
13,10,9,1.665894295
13,10,10,2.204894451
13,10,11,5.76650434
13,10,12,4.103507956
13,10,13,2.861824748
13,10,14,1.794082917
13,10,15,3.269799759
13,10,16,6.270359153
13,10,17,4.376050721
13,10,18,2.990821821
13,10,19,0.009715368
13,10,20,0.009762922
14,1,1,7.078518945
14,1,2,9.776154178
14,1,3,10.18002959
14,1,4,7.741459808
14,1,5,10.01768492
14,1,6,10.69188468
14,1,7,8.900049712
14,1,8,10.49880857
14,1,9,10.95692801
14,1,10,10.33791814
14,1,11,10.70073641
14,1,12,10.18903737
14,1,13,10.86573612
14,1,14,9.880670861
14,1,15,7.262357159
14,1,16,8.614810729
14,1,17,9.405623669
14,1,18,6.950625678
14,1,19,5.405272793
14,1,20,28.05762885
14,2,1,1.21210693
14,2,2,9.731991192
14,2,3,11.91239795
14,2,4,10.21754368
14,2,5,8.505004961
14,2,6,12.33835118
14,2,7,10.39494655
14,2,8,12.4078274
14,2,9,11.92408947
14,2,10,11.13882843
14,2,11,12.85995864
14,2,12,11.5560979
14,2,13,12.57930903
14,2,14,9.667478441
14,2,15,9.912259005
14,2,16,10.70351368
14,2,17,9.901511093
14,2,18,7.066493306
14,2,19,12.97808177
14,2,20,33.91790048
15,1,1,0.582990283
15,1,2,0.83893903
15,1,3,0.900621763
15,1,4,1.012031958
15,1,5,1.016666643
15,1,6,1.164222261
15,1,7,1.040827234
15,1,8,1.239067393
15,1,9,1.157720402
15,1,10,1.228388528
15,1,11,1.327378294
15,1,12,1.017443807
15,1,13,1.644979235
15,1,14,0.517027893
15,1,15,1.913941681
15,1,16,0.573459649
15,1,17,0.434451188
15,1,18,3.19187361
15,1,20,3.609425523
15,2,1,1.333064659
15,2,2,1.405555509
15,2,3,1.593753118
15,2,4,1.763472777
15,2,5,1.882359736
15,2,6,1.96873454
15,2,7,1.971755396
15,2,8,2.058368147
15,2,9,2.112593575
15,2,10,2.154951853
15,2,11,2.179926258
15,2,12,2.11663691
15,2,13,0.489089256
15,2,14,3.558397547
15,2,15,0.464484394
15,2,16,3.160421119
15,2,17,0.462834996
15,2,18,1.120409275
15,2,19,3.842607674
15,2,20,6.246258514
15,3,1,7.753352874
15,3,2,7.82003515
15,3,3,7.97394571
15,3,4,8.244762621
15,3,5,8.671837747
15,3,6,9.261882412
15,3,7,11.8777517
15,3,8,8.266443322
15,3,9,9.821330691
15,3,10,11.07860383
15,3,11,10.83007562
15,3,12,4.076397778
15,3,13,14.26002942
15,3,14,9.147375868
15,3,15,17.95124071
15,3,16,3.715086947
15,3,17,23.43953214
15,4,1,0.883111586
15,4,2,0.895803158
15,4,3,0.923452858
15,4,4,0.968258283
15,4,5,1.030373984
15,4,6,1.101024364
15,4,7,1.441817177
15,4,8,0.985782569
15,4,9,1.172112459
15,4,10,1.230412724
15,4,11,1.210873272
15,4,12,1.268828182
15,4,13,1.627408614
15,4,14,1.238213733
15,4,15,1.937807679
15,7,1,9.847423697
15,7,2,10.70080412
15,7,3,11.12841142
15,7,4,11.56973349
15,7,5,11.8986585
15,7,6,12.23636921
15,7,7,12.53053513
15,7,8,12.8185722
15,7,9,13.16111954
15,7,10,13.40012717
15,7,11,13.6160862
15,7,12,13.07997883
15,7,13,9.04973682
15,7,14,6.286268847
15,7,15,7.329525592
15,7,16,3.847287534
15,7,17,8.611139474
15,7,18,8.938874014
15,7,19,9.278775091
15,7,20,72.54930109
15,8,1,1.306224778
15,8,2,1.453411057
15,8,3,1.530228167
15,8,4,1.617859779
15,8,5,1.694991819
15,8,6,1.764747374
15,8,7,1.84333825
15,8,8,1.900133496
15,8,9,1.97727085
15,8,10,2.003856114
15,8,11,2.014110052
15,8,12,1.951693761
15,8,13,0.967664532
15,8,14,0.96791374
15,8,15,0.90379
15,8,16,0.98251394
15,8,18,1.313224732
15,8,19,1.305692596
15,8,20,10.35371995
16,1,1,0.177594465
16,1,2,0.917430156
16,1,3,1.728858882
16,1,4,1.386835886
16,1,5,0.588924714
16,1,6,0.238803241
16,1,7,1.191087976
16,1,8,1.008048897
16,1,9,2.189849677
16,1,10,1.655988079
16,1,11,0.716765525
16,1,12,0.367154072
16,1,13,1.610872215
16,1,14,0.483716342
16,1,15,0.476426536
16,1,16,0.480350021
16,1,17,0.454870203
16,1,18,2.687584911
16,1,19,0.552015059
16,1,20,3.577571529
16,2,1,2.648179458
16,2,2,1.884854779
16,2,3,0.994925191
16,2,4,0.413860075
16,2,5,0.227199327
16,2,6,3.332124288
16,2,7,2.091635317
16,2,8,1.175607183
16,2,9,0.683887823
16,2,10,0.636219913
16,2,11,3.471321885
16,2,12,0.873446659
16,2,13,2.464002056
16,2,14,0.760339506
16,2,15,0.764397703
16,2,16,3.826468295
16,2,17,0.833102162
16,2,18,0.728059682
16,2,19,1.033025457
16,2,20,4.916700406
16,3,1,0.403476741
16,3,2,1.467540516
16,3,3,2.782604874
16,3,4,1.546018758
16,3,5,0.361638789
16,3,6,0.231743691
16,3,7,0.798238977
16,3,8,1.760124077
16,3,9,3.551443028
16,3,10,1.868687859
16,3,11,0.541303178
16,3,12,0.570289261
16,3,13,0.639024324
16,3,14,0.689697428
16,3,15,4.906948358
16,3,16,2.317312291
16,3,17,0.564669512
16,3,18,0.513527561
16,3,19,0.444213459
16,3,20,4.440024433
16,4,1,0.268156824
16,4,2,2.14353242
16,4,3,4.162765999
16,4,4,3.216592403
16,4,5,1.36265223
16,4,6,0.466143796
16,4,7,1.077555524
16,4,8,2.463891769
16,4,9,4.819215768
16,4,10,4.4165763
16,4,11,1.007868785
16,4,12,0.38821825
16,4,13,0.418516479
16,4,14,2.035451495
16,4,15,3.582311031
16,4,16,3.406890589
16,4,17,1.049985077
16,4,19,0.236277538
16,4,20,6.608279556
16,5,1,3.096311378
16,5,2,2.934160413
16,5,3,1.710446974
16,5,4,0.772033539
16,5,5,0.458405119
16,5,6,3.094287396
16,5,7,3.120594622
16,5,8,2.429720809
16,5,9,0.751408068
16,5,10,0.722452205
16,5,11,3.008866286
16,5,12,2.67483275
16,5,13,2.511580395
16,5,14,0.768762183
16,5,15,0.785321201
16,5,16,3.556569915
16,5,17,2.427028207
16,5,18,0.656517745
16,5,19,0.720898305
16,5,20,6.567032964
16,6,1,0.447525619
16,6,2,2.60738199
16,6,3,5.807412025
16,6,4,3.303915768
16,6,5,0.786890586
16,6,6,0.273432305
16,6,7,0.50689956
16,6,8,2.605599519
16,6,9,6.786629811
16,6,10,4.797551061
16,6,11,0.544453185
16,6,12,0.526956961
16,6,13,0.543895854
16,6,14,1.917466583
16,6,15,5.376098153
16,6,16,4.519889138
16,6,20,8.918812521
16,7,1,0.060042371
16,7,2,0.323015091
16,7,3,0.637511292
16,7,4,0.50929001
16,7,5,0.222690473
16,7,6,0.083247472
16,7,7,0.169425575
16,7,8,0.215262119
16,7,9,0.358684163
16,7,10,0.360508142
16,7,11,0.268551663
16,7,12,0.188093311
16,7,13,0.192594087
16,7,14,0.280108412
16,7,15,0.331372216
16,7,16,0.328581352
16,7,17,0.292616594
16,7,18,0.213303961
16,7,20,1.194720664
16,8,1,0.459654513
16,8,2,0.392054504
16,8,3,0.219459672
16,8,4,0.089284241
16,8,5,0.054532072
16,8,6,0.496449326
16,8,7,0.37257357
16,8,8,0.264240698
16,8,9,0.161526589
16,8,10,0.131345459
16,8,11,0.390772391
16,8,12,0.40309233
16,8,13,0.316772329
16,8,14,0.226771006
16,8,15,0.22137686
16,8,16,0.358114379
16,8,17,0.389422557
16,8,18,0.291901357
16,8,19,0.137299932
16,8,20,0.782314
16,9,1,0.060225959
16,9,2,0.267178586
16,9,3,0.593465208
16,9,4,0.3314836
16,9,5,0.066849124
16,9,6,0.014272693
16,9,7,0.202307431
16,9,8,0.228496466
16,9,9,0.458331521
16,9,10,0.348277622
16,9,11,0.158887781
16,9,12,0.072340974
16,9,13,0.173184338
16,9,14,0.286559522
16,9,15,0.408802432
16,9,16,0.363092671
16,9,17,0.281910741
16,9,20,1.026967648
16,10,1,0.416078451
16,10,2,0.804560234
16,10,3,1.081404339
16,10,4,0.895868226
16,10,5,0.437407607
16,10,6,0.1483374
16,10,7,0.327165976
16,10,8,0.787268322
16,10,9,1.477579739
16,10,10,0.69038578
16,10,11,0.360909335
16,10,12,0.327949939
16,10,13,0.344311858
16,10,14,0.40292196
16,10,15,1.202909857
16,10,16,0.79852027
16,10,17,0.346645331
16,10,18,0.288351505
16,10,20,2.561224717
16,11,1,3.158716995
16,11,2,1.533517946
16,11,3,0.564060982
16,11,4,0.219896862
16,11,5,0.163171811
16,11,6,3.078864474
16,11,7,1.569075097
16,11,8,0.644662181
16,11,9,0.590764978
16,11,10,0.614726356
16,11,11,2.891602517
16,11,12,0.861182896
16,11,13,0.814282368
16,11,14,0.787455819
16,11,15,0.783359123
16,11,16,3.164178513
16,11,17,0.746357874
16,11,18,0.641632932
16,11,19,0.476978718
16,11,20,4.12886047
16,12,1,0.63811712
16,12,2,1.274542428
16,12,3,1.322539656
16,12,4,0.528784195
16,12,5,0.12921359
16,12,6,0.216275083
16,12,7,0.478113555
16,12,8,1.400528281
16,12,9,1.312682308
16,12,10,0.542586115
16,12,11,0.454828294
16,12,12,0.484666572
16,12,13,0.514164543
16,12,14,1.134265048
16,12,15,1.54199827
16,12,16,0.550920161
16,12,17,0.514322682
16,12,18,0.47396531
16,12,20,3.615922469
16,13,1,0.010175265
16,13,2,0.081226684
16,13,3,0.157529063
16,13,4,0.121557839
16,13,5,0.051425491
16,13,6,0.017567826
16,13,7,0.012826169
16,13,8,0.107694467
16,13,9,0.215922254
16,13,10,0.168644826
16,13,11,0.07049402
16,13,12,0.023242093
16,13,13,0.01630653
16,13,14,0.131815601
16,13,15,0.255705054
16,13,16,0.19442299
16,13,17,0.079660199
16,13,18,0.000313193
16,13,19,0.000314984
16,13,20,0.000316526
16,14,1,0.135301245
16,14,2,0.128148184
16,14,3,0.074663608
16,14,4,0.033682598
16,14,5,0.019988871
16,14,6,0.159495451
16,14,7,0.166896529
16,14,8,0.099982342
16,14,9,0.045100444
16,14,10,0.025991765
16,14,11,0.199831702
16,14,12,0.201860521
16,14,13,0.117322139
16,14,14,0.0517315
16,14,15,0.029334752
16,14,16,0.219734029
16,14,17,0.000484702
16,14,18,0.000487944
16,14,19,0.000490735
16,14,20,0.000493137
16,15,1,0.016817052
16,15,2,0.097888343
16,15,3,0.217822174
16,15,4,0.123805612
16,15,5,0.029458893
16,15,6,0.007717882
16,15,7,0.021178861
16,15,8,0.129691963
16,15,9,0.298443605
16,15,10,0.171762743
16,15,11,0.040398888
16,15,12,0.010217017
16,15,13,0.026928883
16,15,14,0.158819984
16,15,15,0.353573695
16,15,16,0.198147864
16,15,17,0.045849969
16,15,18,0.000365782
16,15,19,0.000367874
16,15,20,0.000369674
16,16,1,0.001857287
16,16,2,0.009980341
16,16,3,0.019674805
16,16,4,0.015699514
16,16,5,0.006856772
16,16,6,0.002560263
16,16,7,0.002341629
16,16,8,0.013234541
16,16,9,0.026970306
16,16,10,0.021780923
16,16,11,0.009398397
16,16,12,0.003386745
16,16,13,0.002976242
16,16,14,0.016197545
16,16,15,0.031936776
16,16,16,0.025107785
16,16,17,0.010618082
16,16,18,4.00E-05
16,16,19,4.03E-05
16,16,20,4.05E-05
16,17,1,0.019279794
16,17,2,0.016435605
16,17,3,0.009195212
16,17,4,0.003738943
16,17,5,0.002282403
16,17,6,0.022589684
16,17,7,0.02140991
16,17,8,0.012314382
16,17,9,0.005006
16,17,10,0.002967335
16,17,11,0.028297851
16,17,12,0.025891137
16,17,13,0.01444871
16,17,14,0.005744921
16,17,15,0.003351274
16,17,16,0.031107829
16,17,17,6.22E-05
16,17,18,6.27E-05
16,17,19,6.30E-05
16,17,20,6.33E-05
16,18,1,0.002495613
16,18,2,0.011062563
16,18,3,0.024553238
16,18,4,0.013703577
16,18,5,0.002761372
16,18,6,0.000589103
16,18,7,0.003143299
16,18,8,0.01465823
16,18,9,0.033642922
16,18,10,0.019011785
16,18,11,0.003786631
16,18,12,0.000779794
16,18,13,0.003996025
16,18,14,0.017949301
16,18,15,0.039855365
16,18,16,0.021931825
16,18,17,0.004303855
16,18,18,4.08E-05
16,18,19,4.10E-05
16,18,20,4.12E-05
16,19,1,0.021657354
16,19,2,0.041835972
16,19,3,0.0561745
16,19,4,0.046489376
16,19,5,0.02271991
16,19,6,0.007131715
16,19,7,0.027386927
16,19,8,0.055606741
16,19,9,0.077104248
16,19,10,0.064495822
16,19,11,0.031098656
16,19,12,0.009414876
16,19,13,0.034724628
16,19,14,0.067940532
16,19,15,0.091181797
16,19,16,0.074264975
16,19,17,0.035091178
16,19,18,0.010520192
16,19,19,0.000126544
16,19,20,0.000127164
16,20,1,0.212138913
16,20,2,0.10293719
16,20,3,0.040299326
16,20,4,0.011798573
16,20,5,0.003601214
16,20,6,0.243715461
16,20,7,0.134098257
16,20,8,0.053970576
16,20,9,0.015796606
16,20,10,0.004681729
16,20,11,0.305287931
16,20,12,0.162160033
16,20,13,0.063359981
16,20,14,0.018203652
16,20,15,0.005420542
16,20,16,0.335375549
16,20,17,0.000447287
16,20,18,0.000450279
16,20,19,0.000452854
16,20,20,0.00045507
16,21,1,0.042985975
16,21,2,0.08581536
16,21,3,0.089002689
16,21,4,0.036880209
16,21,5,0.007195488
16,21,6,0.00095972
16,21,7,0.054267726
16,21,8,0.113914465
16,21,9,0.122076043
16,21,10,0.051165938
16,21,11,0.009856696
16,21,12,0.001268393
16,21,13,0.068881568
16,21,14,0.139316427
16,21,15,0.144505671
16,21,16,0.059043747
16,21,17,0.011270173
16,21,18,0.000181839
16,21,19,0.000182879
16,21,20,0.000183774
