DUMMY,DUMMY,1,2,3,4,5,6,7,8,9,10,11,12,13,14,15,16,17,18,20,21,22,23,24,25,26,27,28,29,30,31,32,33
1,1,6,32,0.238109285,0.254912038,122,48.8,0.03,3.331455039,0.05,0.61,193.5,0.1034,149.85,0,0,0,0,0,0.2,0.008,0.004,0.23,0.0571,2981.5,0.7445,0.056806665,23,0.675,-0.06,0.24,0.183538963,0.292666078
1,2,6.1,50,0.561874857,0.244915488,145,58,0.03,3.959516235,0.05,0.61,323.55,0.10755,198,0,0,0,0,0,0.2,0.008,0.004,0.45,0.072,331.5,1.209,0.071907904,21,0.654,-0.052,0.24,0.221755651,0.212444695
1,3,6,45,0.561874857,0.244915488,145,58,0.03,3.959516235,0.05,0.61,323.55,0.10755,198,0,0,0,0,0,0.2,0.008,0.004,0.45,0.072,331.5,1.209,0.071907904,21,0.782,-0.071,0.24,0.154434849,0.165096708
1,4,6.1,37,0.238109285,0.254912038,122,48.8,0.03,3.331455039,0.05,0.61,193.5,0.1034,149.85,0,0,0,0,0,0.2,0.008,0.004,0.23,0.0571,2981.5,0.7445,0.056806665,23,0.551,-0.037,0.24,0.15989683,0.28078996
1,5,6,50,0.561874857,0.244915488,145,58,0.03,3.959516235,0.05,0.61,323.55,0.10755,198,0,0,0,0,0,0.2,0.008,0.004,0.45,0.072,331.5,1.209,0.071907904,21,0.777,-0.078,0.24,0.193070481,0.199947046
1,6,5.9,45,0.561874857,0.244915488,145,58,0.03,3.959516235,0.05,0.61,323.55,0.10755,198,0,0,0,0,0,0.2,0.008,0.004,0.45,0.072,331.5,1.209,0.071907904,21,0.789,-0.071,0.24,0.151516758,0.176003172
1,7,5.8,55,0.543185516,0.18993446,193,77.2,0.03,5.270252644,0.05,0.61,361,0.0384,216.2,0,0,0,0,0,0.2,0.008,0.004,0.23,0.1334,228.35,1.368,0.133288272,35,0.991,-0.129,0.24,0.359828032,0.782041493
1,8,6.12,40,0.543185516,0.18993446,193,77.2,0.03,5.270252644,0.05,0.61,361,0.0384,216.2,0,0,0,0,0,0.2,0.008,0.004,0.23,0.1334,228.35,1.368,0.133288272,35,0.784,-0.082,0.24,0.16992405,0.217848909
1,9,5.87,50,0.656276759,0.19993101,299,119.6,0.03,8.164795547,0.05,0.61,425.3,0.0476,254.7,0,0,0,0,0,0.2,0.008,0.004,0.45,0.1189,240.36,2.391,0.118899598,20,0.918,-0.093,0.24,0.194304711,0.377622975
1,10,5.95,45,0.551131538,0.19993101,299,119.6,0.03,8.164795547,0.05,0.61,488.2,0.0509,312.8,0,0,0,0,0,0.2,0.008,0.004,0.45,0.061,459.83,1.617,0.060996113,20,0.871,-0.079,0.24,0.148105583,0.156317003
1,11,5.65,55,0.543185516,0.18993446,193,77.2,0.03,5.270252644,0.05,0.61,361,0.0384,216.2,0,0,0,0,0,0.2,0.008,0.004,0.23,0.1517,415.08,1.088,0.151364904,35,0.83,-0.104,0.24,0.375773503,1.157250363
1,12,6,45,0.543185516,0.18993446,193,77.2,0.03,5.270252644,0.05,0.61,361,0.0384,216.2,0,0,0,0,0,0.2,0.008,0.004,0.23,0.1517,415.08,1.088,0.151364904,35,0.534,-0.042,0.24,0.219103521,0.335241515
1,13,5.8,50,0.656276759,0.19993101,299,119.6,0.03,8.164795547,0.05,0.61,425.3,0.0476,254.7,0,0,0,0,0,0.2,0.008,0.004,0.45,0.1189,240.36,2.391,0.118899487,20,0.947,-0.106,0.24,0.25034879,0.365151547
1,14,5.7,50,0.551131538,0.19993101,299,119.6,0.03,8.164795547,0.05,0.61,488.2,0.0509,312.8,0,0,0,0,0,0.2,0.008,0.004,0.45,0.1888,329.05,0.432,0.172753138,20,0.796,-0.069,0.24,0.194611435,0.201231745
1,15,6.9,65,0.343452198,0.224922387,122,48.8,0.03,3.331455039,0.05,0.61,1191.2,0.0187,1251.2,0,0,0,0,0,0.2,0.008,0.004,0.23,0.284,848.73,0.379,0.255839748,23,0.463,-0.026,0.24,0.312147836,0.312838444
1,16,5.62,45,0.390987144,0.209927561,165,66,0.03,4.505656406,0.05,0.61,422.1,0.0488,519.3,0,0,0,0,0,0.2,0.008,0.004,0.23,3.6764,1,0.235,0.2,10,0.425,-0.025,0.24,0.367144895,0.700645754
1,17,6.4,45,0.523808037,0.209927561,165,66,0.03,4.505656406,0.05,0.61,427.8,0.0526,374.6,0,0,0,0,0,0.2,0.008,0.004,0.45,0.1906,284.53,1.03,0.190081627,15,0.603,-0.048,0.24,0.301428052,0.184353981
1,18,6.05,55,0.390987144,0.209927561,165,66,0.03,4.505656406,0.05,0.61,422.1,0.0488,519.3,0,0,0,0,0,0.2,0.008,0.004,0.23,3.6764,1,0.235,0.2,10,0.516,-0.043,0.24,0.326777849,0.116209247
1,19,6,60,0.523808037,0.209927561,165,66,0.03,4.505656406,0.05,0.61,427.8,0.0526,374.6,0,0,0,0,0,0.2,0.008,0.004,0.45,0.1906,284.53,1.03,0.190081627,15,0.81,-0.094,0.24,0.262880924,0.139226205
1,20,6.5,45,0.343452198,0.224922387,122,48.8,0.03,3.331455039,0.05,0.61,1191.2,0.0187,1251.2,0,0,0,0,0,0.2,0.008,0.004,0.23,0.284,848.73,0.379,0.255839748,23,0.409,-0.019,0.24,0.317147099,0.348713163
1,21,6.15,50,0.390987144,0.209927561,165,66,0.03,4.505656406,0.05,0.61,422.1,0.0488,519.3,0,0,0,0,0,0.2,0.008,0.004,0.23,3.6764,1,0.235,0.2,20,0.473,-0.037,0.24,0.370258244,0.160362575
1,22,6.45,55,0.523808037,0.209927561,165,66,0.03,4.505656406,0.05,0.61,427.8,0.0526,374.6,0,0,0,0,0,0.2,0.008,0.004,0.45,0.1906,284.53,1.03,0.190081627,15,1.064,-0.118,0.24,0.156824702,1.75057519
1,23,6.450507733,42.56150971,0.343452198,0.224922387,122,48.8,0.03,3.331455039,0.05,0.61,1191.2,0.0187,1251.2,0,0,0,0,0,0.2,0.008,0.004,0.23,0.284,848.73,0.379,0.255839748,20,0.463,-0.026,0.24,0.312147836,0.312838444
1,24,0.837524391,36.51162985,0.390987144,0.209927561,165,66,0.03,4.505656406,0.05,0.61,422.1,0.0488,519.3,0,0,0,0,0,0.2,0.008,0.004,0.23,3.6764,1,0.235,0.2,20,0.425,-0.025,0.24,0.367144895,0.700645754
1,25,6.452710334,56.36532841,0.523808037,0.209927561,165,66,0.03,4.505656406,0.05,0.61,427.8,0.0526,374.6,0,0,0,0,0,0.2,0.008,0.004,0.45,0.1906,284.53,1.03,0.190081627,20,0.603,-0.048,0.24,0.301428052,0.184353981
1,26,6.2,20,0.207432039,0.234918937,155,62,0.03,4.23258632,0.05,0.42,362.5,0.0524,270.1,0,0,0,0,0,0.2,0.008,0.004,0.23,0.4176,127.05,0.426,0.03,10,0.675,-0.06,0.24,0.183538963,0.292666078
1,27,6.2,20,0.207432039,0.234918937,155,62,0.03,4.23258632,0.05,0.42,362.5,0.0524,270.1,0,0,0,0,0,0.2,0.008,0.004,0.23,0.4176,127.05,0.426,0.03,10,0.675,-0.06,0.24,0.183538963,0.292666078
1,28,6.2,20,0.207432039,0.234918937,155,62,0.03,4.23258632,0.05,0.42,362.5,0.0524,270.1,0,0,0,0,0,0.2,0.008,0.004,0.23,0.4176,127.05,0.426,0.03,10,0.675,-0.06,0.24,0.183538963,0.292666078
1,29,6.2,20,0.207432039,0.234918937,155,62,0.03,4.23258632,0.05,0.42,362.5,0.0524,270.1,0,0,0,0,0,0.2,0.008,0.004,0.23,0.4176,127.05,0.426,0.03,10,0.675,-0.06,0.24,0.183538963,0.292666078
1,30,6.2,20,0.207432039,0.234918937,155,62,0.03,4.23258632,0.05,0.42,362.5,0.0524,270.1,0,0,0,0,0,0.2,0.008,0.004,0.23,0.4176,127.05,0.426,0.03,10,0.675,-0.06,0.24,0.183538963,0.292666078
1,31,6.2,20,0.207432039,0.234918937,155,62,0.03,4.23258632,0.05,0.42,362.5,0.0524,270.1,0,0,0,0,0,0.2,0.008,0.004,0.23,0.4176,127.05,0.426,0.03,10,0.675,-0.06,0.24,0.183538963,0.292666078
1,32,6.2,20,0.207432039,0.234918937,155,62,0.03,4.23258632,0.05,0.42,362.5,0.0524,270.1,0,0,0,0,0,0.2,0.008,0.004,0.23,0.4176,127.05,0.426,0.03,10,0.675,-0.06,0.24,0.183538963,0.292666078
1,33,6,32,0.238109285,0.254912038,122,48.8,0.03,3.331455039,0.05,0.61,193.5,0.1034,149.85,0,0,0,0,0,0.2,0.008,0.004,0.23,0.0571,2981.5,0.7445,0.056806665,23,0.675,-0.06,0.24,0.183538963,0.292666078
1,34,6.1,50,0.561874857,0.244915488,145,58,0.03,3.959516235,0.05,0.61,323.55,0.10755,198,0,0,0,0,0,0.2,0.008,0.004,0.45,0.072,331.5,1.209,0.071907904,21,0.654,-0.052,0.24,0.221755651,0.212444695
1,35,6,45,0.561874857,0.244915488,145,58,0.03,3.959516235,0.05,0.61,323.55,0.10755,198,0,0,0,0,0,0.2,0.008,0.004,0.45,0.072,331.5,1.209,0.071907904,21,0.782,-0.071,0.24,0.154434849,0.165096708
1,36,6.1,37,0.238109285,0.254912038,122,48.8,0.03,3.331455039,0.05,0.61,193.5,0.1034,149.85,0,0,0,0,0,0.2,0.008,0.004,0.23,0.0571,2981.5,0.7445,0.056806665,23,0.551,-0.037,0.24,0.15989683,0.28078996
1,37,6,50,0.561874857,0.244915488,145,58,0.03,3.959516235,0.05,0.61,323.55,0.10755,198,0,0,0,0,0,0.2,0.008,0.004,0.45,0.072,331.5,1.209,0.071907904,21,0.777,-0.078,0.24,0.193070481,0.199947046
1,38,5.9,45,0.561874857,0.244915488,145,58,0.03,3.959516235,0.05,0.61,323.55,0.10755,198,0,0,0,0,0,0.2,0.008,0.004,0.45,0.072,331.5,1.209,0.071907904,21,0.789,-0.071,0.24,0.151516758,0.176003172
1,39,5.8,55,0.543185516,0.18993446,193,77.2,0.03,5.270252644,0.05,0.61,361,0.0384,216.2,0,0,0,0,0,0.2,0.008,0.004,0.23,0.1334,228.35,1.368,0.133288272,35,0.991,-0.129,0.24,0.359828032,0.782041493
1,40,6.12,40,0.543185516,0.18993446,193,77.2,0.03,5.270252644,0.05,0.61,361,0.0384,216.2,0,0,0,0,0,0.2,0.008,0.004,0.23,0.1334,228.35,1.368,0.133288272,35,0.784,-0.082,0.24,0.16992405,0.217848909
1,41,5.87,50,0.656276759,0.19993101,299,119.6,0.03,8.164795547,0.05,0.61,425.3,0.0476,254.7,0,0,0,0,0,0.2,0.008,0.004,0.45,0.1189,240.36,2.391,0.118899598,20,0.918,-0.093,0.24,0.194304711,0.377622975
1,42,5.95,45,0.551131538,0.19993101,299,119.6,0.03,8.164795547,0.05,0.61,488.2,0.0509,312.8,0,0,0,0,0,0.2,0.008,0.004,0.45,0.061,459.83,1.617,0.060996113,20,0.871,-0.079,0.24,0.148105583,0.156317003
1,43,5.65,55,0.543185516,0.18993446,193,77.2,0.03,5.270252644,0.05,0.61,361,0.0384,216.2,0,0,0,0,0,0.2,0.008,0.004,0.23,0.1517,415.08,1.088,0.151364904,35,0.83,-0.104,0.24,0.375773503,1.157250363
1,44,6,45,0.543185516,0.18993446,193,77.2,0.03,5.270252644,0.05,0.61,361,0.0384,216.2,0,0,0,0,0,0.2,0.008,0.004,0.23,0.1517,415.08,1.088,0.151364904,35,0.534,-0.042,0.24,0.219103521,0.335241515
1,45,5.8,50,0.656276759,0.19993101,299,119.6,0.03,8.164795547,0.05,0.61,425.3,0.0476,254.7,0,0,0,0,0,0.2,0.008,0.004,0.45,0.1189,240.36,2.391,0.118899487,20,0.947,-0.106,0.24,0.25034879,0.365151547
1,46,5.7,50,0.551131538,0.19993101,299,119.6,0.03,8.164795547,0.05,0.61,488.2,0.0509,312.8,0,0,0,0,0,0.2,0.008,0.004,0.45,0.1888,329.05,0.432,0.172753138,20,0.796,-0.069,0.24,0.194611435,0.201231745
1,47,6.9,65,0.343452198,0.224922387,122,48.8,0.03,3.331455039,0.05,0.61,1191.2,0.0187,1251.2,0,0,0,0,0,0.2,0.008,0.004,0.23,0.284,848.73,0.379,0.255839748,23,0.463,-0.026,0.24,0.312147836,0.312838444
1,48,5.62,45,0.390987144,0.209927561,165,66,0.03,4.505656406,0.05,0.61,422.1,0.0488,519.3,0,0,0,0,0,0.2,0.008,0.004,0.23,3.6764,1,0.235,0.2,10,0.425,-0.025,0.24,0.367144895,0.700645754
1,49,6.4,45,0.523808037,0.209927561,165,66,0.03,4.505656406,0.05,0.61,427.8,0.0526,374.6,0,0,0,0,0,0.2,0.008,0.004,0.45,0.1906,284.53,1.03,0.190081627,15,0.603,-0.048,0.24,0.301428052,0.184353981
1,50,6.05,55,0.390987144,0.209927561,165,66,0.03,4.505656406,0.05,0.61,422.1,0.0488,519.3,0,0,0,0,0,0.2,0.008,0.004,0.23,3.6764,1,0.235,0.2,10,0.516,-0.043,0.24,0.326777849,0.116209247
1,51,6,60,0.523808037,0.209927561,165,66,0.03,4.505656406,0.05,0.61,427.8,0.0526,374.6,0,0,0,0,0,0.2,0.008,0.004,0.45,0.1906,284.53,1.03,0.190081627,15,0.81,-0.094,0.24,0.262880924,0.139226205
1,52,6.5,45,0.343452198,0.224922387,122,48.8,0.03,3.331455039,0.05,0.61,1191.2,0.0187,1251.2,0,0,0,0,0,0.2,0.008,0.004,0.23,0.284,848.73,0.379,0.255839748,23,0.409,-0.019,0.24,0.317147099,0.348713163
1,53,6.15,50,0.390987144,0.209927561,165,66,0.03,4.505656406,0.05,0.61,422.1,0.0488,519.3,0,0,0,0,0,0.2,0.008,0.004,0.23,3.6764,1,0.235,0.2,20,0.473,-0.037,0.24,0.370258244,0.160362575
1,54,6.45,55,0.523808037,0.209927561,165,66,0.03,4.505656406,0.05,0.61,427.8,0.0526,374.6,0,0,0,0,0,0.2,0.008,0.004,0.45,0.1906,284.53,1.03,0.190081627,15,1.064,-0.118,0.24,0.156824702,1.75057519
1,55,6.450507733,42.56150971,0.343452198,0.224922387,122,48.8,0.03,3.331455039,0.05,0.61,1191.2,0.0187,1251.2,0,0,0,0,0,0.2,0.008,0.004,0.23,0.284,848.73,0.379,0.255839748,23,0.463,-0.026,0.24,0.312147836,0.312838444
1,56,0.837524391,36.51162985,0.390987144,0.209927561,165,66,0.03,4.505656406,0.05,0.61,422.1,0.0488,519.3,0,0,0,0,0,0.2,0.008,0.004,0.23,3.6764,1,0.235,0.2,21,0.425,-0.025,0.24,0.367144895,0.700645754
1,57,6.452710334,56.36532841,0.523808037,0.209927561,165,66,0.03,4.505656406,0.05,0.61,427.8,0.0526,374.6,0,0,0,0,0,0.2,0.008,0.004,0.45,0.1906,284.53,1.03,0.190081627,21,0.603,-0.048,0.24,0.301428052,0.184353981
1,58,5.2,32,0.238109285,0.254912038,122,48.8,0.03,3.331455039,0.05,0.61,193.5,0.1034,149.85,0,0,0,0,0,0.2,0.008,0.004,0.23,0.0571,2981.5,0.7445,0.056806665,23,0.675,-0.06,0.24,0.183538963,0.292666078
1,59,5.6,60,0.561874857,0.244915488,145,58,0.03,3.959516235,0.05,0.61,323.55,0.10755,198,0,0,0,0,0,0.2,0.008,0.004,0.45,0.072,331.5,1.209,0.071907904,21,0.654,-0.052,0.24,0.221755651,0.212444695
1,60,5.8,55,0.561874857,0.244915488,145,58,0.03,3.959516235,0.05,0.61,323.55,0.10755,198,0,0,0,0,0,0.2,0.008,0.004,0.45,0.072,331.5,1.209,0.071907904,21,0.782,-0.071,0.24,0.154434849,0.165096708
1,61,4.7,50,0.238109285,0.254912038,122,48.8,0.03,3.331455039,0.05,0.61,193.5,0.1034,149.85,0,0,0,0,0,0.2,0.008,0.004,0.23,0.0571,2981.5,0.7445,0.056806665,35,0.551,-0.037,0.24,0.15989683,0.28078996
1,62,4.9,80,0.561874857,0.244915488,145,58,0.03,3.959516235,0.05,0.61,323.55,0.10755,198,0,0,0,0,0,0.2,0.008,0.004,0.45,0.072,331.5,1.209,0.071907904,35,0.777,-0.078,0.24,0.193070481,0.199947046
1,63,5.5,55,0.561874857,0.244915488,145,58,0.03,3.959516235,0.05,0.61,323.55,0.10755,198,0,0,0,0,0,0.2,0.008,0.004,0.45,0.072,331.5,1.209,0.071907904,20,0.789,-0.071,0.24,0.151516758,0.176003172
1,64,5.3,45,0.543185516,0.18993446,193,77.2,0.03,5.270252644,0.05,0.61,361,0.0384,216.2,0,0,0,0,0,0.2,0.008,0.004,0.23,0.1334,228.35,1.368,0.133288272,20,0.991,-0.129,0.24,0.359828032,0.782041493
1,65,5.87,50,0.543185516,0.18993446,193,77.2,0.03,5.270252644,0.05,0.61,361,0.0384,216.2,0,0,0,0,0,0.2,0.008,0.004,0.23,0.1334,228.35,1.368,0.133288272,35,0.784,-0.082,0.24,0.16992405,0.217848909
1,66,5.9,60,0.656276759,0.19993101,299,119.6,0.03,8.164795547,0.05,0.61,425.3,0.0476,254.7,0,0,0,0,0,0.2,0.008,0.004,0.45,0.1189,240.36,2.391,0.118899598,35,0.918,-0.093,0.24,0.194304711,0.377622975
1,67,5.7,45,0.551131538,0.19993101,299,119.6,0.03,8.164795547,0.05,0.61,488.2,0.0509,312.8,0,0,0,0,0,0.2,0.008,0.004,0.45,0.061,459.83,1.617,0.060996113,20,0.871,-0.079,0.24,0.148105583,0.156317003
1,68,5.1,55,0.543185516,0.18993446,193,77.2,0.03,5.270252644,0.05,0.61,361,0.0384,216.2,0,0,0,0,0,0.2,0.008,0.004,0.23,0.1517,415.08,1.088,0.151364904,20,0.83,-0.104,0.24,0.375773503,1.157250363
1,69,5.7,55,0.543185516,0.18993446,193,77.2,0.03,5.270252644,0.05,0.61,361,0.0384,216.2,0,0,0,0,0,0.2,0.008,0.004,0.23,0.1517,415.08,1.088,0.151364904,23,0.534,-0.042,0.24,0.219103521,0.335241515
1,70,5.5,50,0.656276759,0.19993101,299,119.6,0.03,8.164795547,0.05,0.61,425.3,0.0476,254.7,0,0,0,0,0,0.2,0.008,0.004,0.45,0.1189,240.36,2.391,0.118899487,10,0.947,-0.106,0.24,0.25034879,0.365151547
1,71,5.35,45,0.551131538,0.19993101,299,119.6,0.03,8.164795547,0.05,0.61,488.2,0.0509,312.8,0,0,0,0,0,0.2,0.008,0.004,0.45,0.1888,329.05,0.432,0.172753138,15,0.796,-0.069,0.24,0.194611435,0.201231745
1,72,5.55,75,0.343452198,0.224922387,122,48.8,0.03,3.331455039,0.05,0.61,1191.2,0.0187,1251.2,0,0,0,0,0,0.2,0.008,0.004,0.23,0.284,848.73,0.379,0.255839748,10,0.463,-0.026,0.24,0.312147836,0.312838444
1,73,5.2,45,0.390987144,0.209927561,165,66,0.03,4.505656406,0.05,0.61,422.1,0.0488,519.3,0,0,0,0,0,0.2,0.008,0.004,0.23,3.6764,1,0.235,0.2,15,0.425,-0.025,0.24,0.367144895,0.700645754
1,74,5,35,0.523808037,0.209927561,165,66,0.03,4.505656406,0.05,0.61,427.8,0.0526,374.6,0,0,0,0,0,0.2,0.008,0.004,0.45,0.1906,284.53,1.03,0.190081627,23,0.603,-0.048,0.24,0.301428052,0.184353981
1,75,4.9,60,0.390987144,0.209927561,165,66,0.03,4.505656406,0.05,0.61,422.1,0.0488,519.3,0,0,0,0,0,0.2,0.008,0.004,0.23,3.6764,1,0.235,0.2,20,0.516,-0.043,0.24,0.326777849,0.116209247
1,76,5.2,60,0.523808037,0.209927561,165,66,0.03,4.505656406,0.05,0.61,427.8,0.0526,374.6,0,0,0,0,0,0.2,0.008,0.004,0.45,0.1906,284.53,1.03,0.190081627,15,0.81,-0.094,0.24,0.262880924,0.139226205
1,77,4.5,45,0.343452198,0.224922387,122,48.8,0.03,3.331455039,0.05,0.61,1191.2,0.0187,1251.2,0,0,0,0,0,0.2,0.008,0.004,0.23,0.284,848.73,0.379,0.255839748,23,0.409,-0.019,0.24,0.317147099,0.348713163
1,78,5.4,50,0.390987144,0.209927561,165,66,0.03,4.505656406,0.05,0.61,422.1,0.0488,519.3,0,0,0,0,0,0.2,0.008,0.004,0.23,3.6764,1,0.235,0.2,20,0.473,-0.037,0.24,0.370258244,0.160362575
1,79,5.3,55,0.523808037,0.209927561,165,66,0.03,4.505656406,0.05,0.61,427.8,0.0526,374.6,0,0,0,0,0,0.2,0.008,0.004,0.45,0.1906,284.53,1.03,0.190081627,15,1.064,-0.118,0.24,0.156824702,1.75057519
1,80,5.3756014,28.69389499,0.343452198,0.224922387,122,48.8,0.03,3.331455039,0.05,0.61,1191.2,0.0187,1251.2,0,0,0,0,0,0.2,0.008,0.004,0.23,0.284,848.73,0.379,0.255839748,10,0.463,-0.026,0.24,0.312147836,0.312838444
1,81,3.113693104,65.58658302,0.390987144,0.209927561,165,66,0.03,4.505656406,0.05,0.61,422.1,0.0488,519.3,0,0,0,0,0,0.2,0.008,0.004,0.23,3.6764,1,0.235,0.2,10,0.425,-0.025,0.24,0.367144895,0.700645754
1,82,4.425003373,31.66549283,0.523808037,0.209927561,165,66,0.03,4.505656406,0.05,0.61,427.8,0.0526,374.6,0,0,0,0,0,0.2,0.008,0.004,0.45,0.1906,284.53,1.03,0.190081627,10,0.603,-0.048,0.24,0.301428052,0.184353981
1,83,0,0,,,,,,,,,,,,,,,,,,,,,,,,,,,,,,
1,84,0,0,,,,,,,,,,,,,,,,,,,,,,,,,,,,,,
1,85,0,0,,,,,,,,,,,,,,,,,,,,,,,,,,,,,,
2,1,6.38848,49.31147467,0.532984479,0.249913763,120,48,0.03,3.276841022,0.05,0.62,193.5,0.1034,149.85,0.4,1.3,0.3,0.5,0.338,0.2,0.01,0.005,0.23,0.0571,2981.5,0.7445,0.06,23,,,,,
2,2,5.712,47.70412885,0.815848747,0.224922387,120,48,0.03,3.276841022,0.05,0.62,280.2,0.106166667,181.95,0.4,1.35,0.2,0.5,0.324,0.2,0.01,0.005,0.35,0.067033333,1214.833333,1.054166667,0.09,23,,,,,
2,3,5.4264,50,0.941710905,0.249913763,120,48,0.03,3.276841022,0.05,0.62,361,0.0384,216.2,0.45,1.3,0.3,0.5,0.38025,0.2,0.01,0.005,0.23,0.1334,228.35,1.368,0.06,23,,,,,
2,4,5.9024,85,0.929362571,0.224922387,140,56,0.03,3.822981193,0.05,0.62,425.3,0.0476,254.7,0.45,1.4,0.2,0.5,0.378,0.2,0.01,0.005,0.35,0.1189,240.36,2.391,0.09,25,,,,,
2,5,5.9024,85,0.628202456,0.224922387,140,56,0.03,3.822981193,0.05,0.62,425.3,0.0476,254.7,0.5,1.4,0.2,0.5,0.42,0.2,0.01,0.005,0.35,0.1189,240.36,2.391,0.09,23,,,,,
2,6,6.2356,120,0.703244773,0.224922387,130,52,0.03,3.549911107,0.05,0.62,422.1,0.0488,519.3,0.5,1.3,0.2,0.5,0.39,0.2,0.01,0.005,0.35,3.6764,1,0.235,0.09,23,,,,,
2,7,5.193457334,47.70412885,0.816644398,0.224922387,120,48,0.03,3.276841022,0.05,0.62,280.2,0.106166667,181.95,0.4,1.35,0.2,0.5,0.324,0.2,0.01,0.005,0.45,0.067033333,1214.833333,1.054166667,0.09,28,,,,,
2,8,5.8548,85,1.079578827,0.224922387,140,56,0.03,3.822981193,0.05,0.62,425.3,0.0476,254.7,0.45,1.4,0.2,0.5,0.378,0.2,0.01,0.005,0.45,0.1189,240.36,2.391,0.09,28,,,,,
2,9,5.8072,85,0.64612705,0.224922387,140,56,0.03,3.822981193,0.05,0.62,425.3,0.0476,254.7,0.5,1.4,0.2,0.5,0.42,0.2,0.01,0.005,0.45,0.1189,240.36,2.391,0.09,28,,,,,
2,10,6.2356,120,0.736708096,0.224922387,130,52,0.03,3.549911107,0.05,0.62,422.1,0.0488,519.3,0.5,1.3,0.2,0.5,0.39,0.2,0.01,0.005,0.45,3.6764,1,0.235,0.09,28,,,,,
2,11,0,0,0,0,0,0,0,0,0.05,0.62,0,0,0,,,,,0,0.2,0.01,0.005,,,,,,,,,,,
2,12,0,0,0,0,0,0,0,0,0.05,0.62,0,0,0,,,,,0,0.2,0.01,0.005,,,,,,,,,,,
2,13,0,0,0,0,0,0,0,0,0.05,0.62,0,0,0,,,,,0,0.2,0.01,0.005,,,,,,,,,,,
2,14,0,0,0,0,0,0,0,0,0.05,0.62,0,0,0,,,,,0,0.2,0.01,0.005,,,,,,,,,,,
2,15,0,0,0,0,0,0,0,0,0.05,0.62,0,0,0,,,,,0,0.2,0.01,0.005,,,,,,,,,,,
2,16,0,0,0,0,0,0,0,0,0.05,0.62,0,0,0,,,,,0,0.2,0.01,0.005,,,,,,,,,,,
2,17,0,0,0,0,0,0,0,0,0.05,0.62,0,0,0,,,,,0,0.2,0.01,0.005,,,,,,,,,,,
2,18,0,0,0,0,0,0,0,0,0.05,0.62,0,0,0,,,,,0,0.2,0.01,0.005,,,,,,,,,,,
2,19,0,0,0,0,0,0,0,0,0.05,0.62,0,0,0,,,,,0,0.2,0.01,0.005,,,,,,,,,,,
2,20,0,0,0,0,0,0,0,0,0.05,0.62,0,0,0,,,,,0,0.2,0.01,0.005,,,,,,,,,,,
2,21,0,0,0,0,0,0,0,0,0.05,0.62,0,0,0,,,,,0,0.2,0.01,0.005,,,,,,,,,,,
2,22,0,0,0,0,0,0,0,0,0.05,0.62,0,0,0,,,,,0,0.2,0.01,0.005,,,,,,,,,,,
2,23,0,0,0,0,0,0,0,0,0.05,0.62,0,0,0,,,,,0,0.2,0.01,0.005,,,,,,,,,,,
2,24,0,0,0,0,0,0,0,0,0.05,0.62,0,0,0,,,,,0,0.2,0.01,0.005,,,,,,,,,,,
2,25,0,0,0,0,0,0,0,0,0.05,0.62,0,0,0,,,,,0,0.2,0.01,0.005,,,,,,,,,,,
2,26,0,0,0,0,0,0,0,0,0.05,0.62,0,0,0,,,,,0,0.2,0.01,0.005,,,,,,,,,,,
3,1,6.2685,15,0.109783173,0.254912038,133,53.2,0.03,3.631832133,0.07,0.42,193.5,0.1034,149.85,0.4,1.3,0.2,0.5,0.312,0.25,0.02,0.01,0.23,0.0571,2981.5,0.7445,0.06,23,,,,,
3,2,6.208,9,0.207432039,0.234918937,155,62,0.03,4.23258632,0.07,0.42,193.5,0.1034,149.85,0.51,1.3,0.2,0.5,0.3978,0.25,0.02,0.01,0.23,0.0571,2981.5,0.7445,0.06,23,,,,,
3,3,5.408,20,0.918,0.35,120,48,0.03,3.276841022,0.07,0.42,323.55,0.10755,198,0.51,1.65,0.2,0.5,0.5049,0.25,0.02,0.01,1.5,0.072,331.5,1.209,0.1,35,,,,,
3,4,5.928,55,0.918,0.25,133,53.2,0.03,3.631832133,0.07,0.42,323.55,0.10755,198,0.51,1.65,0.2,0.5,0.5049,0.25,0.02,0.01,1.5,0.072,331.5,1.209,0.1,35,,,,,
3,5,5.824,55,1.326,0.25,133,53.2,0.03,3.631832133,0.07,0.42,323.55,0.10755,198,0.45,1.5,0.3,0.5,0.43875,0.25,0.02,0.01,1.5,0.072,331.5,1.209,0.1,35,,,,,
3,6,6.7,30,0.109783173,0.254912038,133,53.2,0.03,3.631832133,0.07,0.42,193.5,0.1034,149.85,0.4,1.3,0.2,0.5,0.312,0.25,0.02,0.01,0.23,0.0571,2981.5,0.7445,0.06,23,,,,,
3,7,6,10.1,0.207432039,0.234918937,155,62,0.03,4.23258632,0.07,0.42,193.5,0.1034,149.85,0.51,1.3,0.2,0.5,0.3978,0.25,0.02,0.01,0.23,0.0571,2981.5,0.7445,0.06,23,,,,,
3,8,5.408,20,0.918,0.35,120,48,0.03,3.276841022,0.07,0.42,323.55,0.10755,198,0.45,1.65,0.3,0.5,0.482625,0.25,0.02,0.01,1.5,0.072,331.5,1.209,0.1,35,,,,,
3,9,5.928,55,0.918,0.25,133,53.2,0.03,3.631832133,0.07,0.42,323.55,0.10755,198,0.45,1.65,0.3,0.5,0.482625,0.25,0.02,0.01,1.5,0.072,331.5,1.209,0.1,35,,,,,
3,10,5.824,55,1.326,0.25,133,53.2,0.03,3.631832133,0.07,0.42,323.55,0.10755,198,0.45,1.5,0.3,0.5,0.43875,0.25,0.02,0.01,1.5,0.072,331.5,1.209,0.1,35,,,,,
3,11,0,0,0,0,0,0,0,0,0.07,0.42,1191.2,0.0187,1251.2,,,,,0,0.25,0.02,0.01,,,,,,,,,,,
3,12,0,0,0,0,0,0,0,0,0.07,0.42,1191.2,0.0187,1251.2,,,,,0,0.25,0.02,0.01,,,,,,,,,,,
3,13,0,0,0,0,0,0,0,0,0.07,0.42,1191.2,0.0187,1251.2,,,,,0,0.25,0.02,0.01,,,,,,,,,,,
3,14,0,0,0,0,0,0,0,0,0.07,0.42,1191.2,0.0187,1251.2,,,,,0,0.25,0.02,0.01,,,,,,,,,,,
3,15,0,0,0,0,0,0,0,0,0.07,0.42,1191.2,0.0187,1251.2,,,,,0,0.25,0.02,0.01,,,,,,,,,,,
3,16,0,0,0,0,0,0,0,0,0.07,0.42,1191.2,0.0187,1251.2,,,,,0,0.25,0.02,0.01,,,,,,,,,,,
3,17,0,0,0,0,0,0,0,0,0.07,0.42,1191.2,0.0187,1251.2,,,,,0,0.25,0.02,0.01,,,,,,,,,,,
3,18,0,0,0,0,0,0,0,0,0.07,0.42,1191.2,0.0187,1251.2,,,,,0,0.25,0.02,0.01,,,,,,,,,,,
3,19,0,0,0,0,0,0,0,0,0.07,0.42,1191.2,0.0187,1251.2,,,,,0,0.25,0.02,0.01,,,,,,,,,,,
3,20,0,0,0,0,0,0,0,0,0.07,0.42,1191.2,0.0187,1251.2,,,,,0,0.25,0.02,0.01,,,,,,,,,,,
3,21,0,0,0,0,0,0,0,0,0.07,0.42,1191.2,0.0187,1251.2,,,,,0,0.25,0.02,0.01,,,,,,,,,,,
3,22,0,0,0,0,0,0,0,0,0.07,0.42,1191.2,0.0187,1251.2,,,,,0,0.25,0.02,0.01,,,,,,,,,,,
3,23,0,0,0,0,0,0,0,0,0.07,0.42,1191.2,0.0187,1251.2,,,,,0,0.25,0.02,0.01,,,,,,,,,,,
3,24,0,0,0,0,0,0,0,0,0.07,0.42,1191.2,0.0187,1251.2,,,,,0,0.25,0.02,0.01,,,,,,,,,,,
3,25,0,0,0,0,0,0,0,0,0.07,0.42,1191.2,0.0187,1251.2,,,,,0,0.25,0.02,0.01,,,,,,,,,,,
3,26,0,0,0,0,0,0,0,0,0.07,0.42,1191.2,0.0187,1251.2,,,,,0,0.25,0.02,0.01,,,,,,,,,,,
4,1,5.500687259,18.60139641,0.4,0.25,299,119.6,0.03,8.164795547,0.03,0.61,425.3,0.0476,254.7,0.5,1.3,0.26,0.5,0.4095,0.2,0.01,0.005,0.45,0.1189,240.36,2.391,0.118899598,20,,,,,
4,2,5.365463455,18.41763843,0.4,0.25,193,77.2,0.03,5.270252644,0.03,0.61,361,0.0384,216.2,0.45,1.35,0.23,0.5,0.3736125,0.2,0.01,0.005,0.23,0.1334,228.35,1.368,0.133288272,35,,,,,
4,3,5.514097338,18.64191704,0.4,0.25,193,98.4,0.03,6.717524096,0.03,0.61,425.3,0.0476,254.7,0.475,1.325,0.245,0.5,0.391785938,0.2,0.01,0.005,0.34,0.1189,240.36,2.391,0.126093935,27.5,,,,,
4,4,5.543693484,18.47682454,0.4,0.25,299,119.6,0.03,8.164795547,0.03,0.61,361,0.0384,216.2,0.5,1.3,0.26,0.5,0.4095,0.2,0.01,0.005,0.45,0.1517,415.08,1.088,0.151364904,35,,,,,
4,5,5.126375741,19.29256797,0.4,0.25,193,77.2,0.03,5.270252644,0.03,0.61,427.8,0.0526,374.6,0.45,1.35,0.23,0.5,0.3736125,0.2,0.01,0.005,0.23,0.1517,415.08,1.088,0.151364904,35,,,,,
4,6,5.330596655,15.82938507,0.4,0.25,193,98.4,0.03,6.717524096,0.03,0.61,422.1,0.0488,519.3,0.475,1.325,0.245,0.5,0.391785938,0.2,0.01,0.005,0.34,0.1517,415.08,1.088,0.151364904,35,,,,,
4,7,5.651963804,36.19230163,0.4,0.25,350,119.6,0.03,8.164795547,0.03,0.61,1191.2,0.0187,1251.2,0.5,1.3,0.26,0.5,0.4095,0.2,0.01,0.005,0.45,0.284,848.73,0.379,0.255839748,23,,,,,
4,8,4.968330197,32.21621451,0.4,0.25,350,77.2,0.03,5.270252644,0.03,0.61,425.3,0.0476,254.7,0.45,1.35,0.23,0.5,0.3736125,0.2,0.01,0.005,0.23,0.1888,329.05,0.432,0.172753138,20,,,,,
4,9,5.47592685,42.02034162,0.4,0.25,350,98.4,0.03,6.717524096,0.03,0.61,361,0.0384,216.2,0.475,1.325,0.245,0.5,0.391785938,0.2,0.01,0.005,0.34,0.284,848.73,0.379,0.214296443,21.5,,,,,
4,10,5.500045268,19.92375427,0.4,0.25,350,119.6,0.03,8.164795547,0.03,0.61,425.3,0.0476,254.7,0.5,1.3,0.26,0.5,0.4095,0.2,0.01,0.005,0.45,3.6764,1,0.235,0.2,10,,,,,
4,11,5.288327226,31.86844851,0.4,0.25,350,77.2,0.03,5.270252644,0.03,0.61,361,0.0384,216.2,0.45,1.35,0.23,0.5,0.3736125,0.2,0.01,0.005,0.23,0.1906,284.53,1.03,0.190081627,15,,,,,
4,12,5.729676659,28.55007424,0.4,0.25,350,98.4,0.03,6.717524096,0.03,0.61,427.8,0.0526,374.6,0.475,1.325,0.245,0.5,0.391785938,0.2,0.01,0.005,0.34,3.6764,1,0.235,0.195040813,12.5,,,,,
4,13,5.526248516,47.62750313,0.4,0.25,350,119.6,0.03,8.164795547,0.03,0.61,422.1,0.0488,519.3,0.5,1.3,0.26,0.5,0.4095,0.2,0.01,0.005,0.45,3.6764,1,0.235,0.2,20,,,,,
4,14,5.649251872,36.95662972,0.4,0.25,350,77.2,0.03,5.270252644,0.03,0.61,1191.2,0.0187,1251.2,0.45,1.35,0.23,0.5,0.3736125,0.2,0.01,0.005,0.23,0.284,848.73,0.379,0.255839748,23,,,,,
4,15,5.525639848,35.96310825,0.4,0.25,350,98.4,0.03,6.717524096,0.03,0.61,1191.2,0.0187,1251.2,0.475,1.325,0.245,0.5,0.391785938,0.2,0.01,0.005,0.34,3.6764,1,0.235,0.227919874,21.5,,,,,
4,16,5.849842803,27.04776735,0.4,0.25,165,66,0.03,4.505656406,0.03,0.61,1191.2,0.0187,1251.2,0.5,1.3,0.26,0.5,0.4095,0.2,0.01,0.005,0.45,3.6764,1,0.235,0.2,20,,,,,
4,17,6.48217816,42.69027134,0.4,0.25,122,48.8,0.03,3.331455039,0.03,0.61,1191.2,0.0187,1251.2,0.45,1.35,0.23,0.5,0.3736125,0.2,0.01,0.005,0.23,0.284,848.73,0.379,0.255839748,20,,,,,
4,18,6.318729704,45.87291557,0.4,0.25,165,66,0.03,4.505656406,0.03,0.61,1191.2,0.0187,1251.2,0.475,1.325,0.245,0.5,0.391785938,0.2,0.01,0.005,0.34,3.6764,1,0.235,0.227919874,20,,,,,
4,19,5.500687259,18.60139641,0.4,0.25,300,100,0.03,10.92280341,0.03,0.61,1191.2,0.0187,1251.2,0.5,1.3,0.26,0.5,0.4095,0.2,0.01,0.005,0.45,0.1189,240.36,2.391,0.118899598,20,,,,,
4,20,5.365463455,18.41763843,0.4,0.25,300,100,0.03,10.92280341,0.03,0.61,1191.2,0.0187,1251.2,0.45,1.35,0.23,0.5,0.3736125,0.2,0.01,0.005,0.23,0.1334,228.35,1.368,0.133288272,35,,,,,
4,21,5.514097338,18.64191704,0.4,0.25,300,100,0.03,10.92280341,0.03,0.61,1191.2,0.0187,1251.2,0.475,1.325,0.245,0.5,0.391785938,0.2,0.01,0.005,0.34,0.1189,240.36,2.391,0.126093935,27.5,,,,,
4,22,5.543693484,18.47682454,0.4,0.25,300,100,0.03,10.92280341,0.03,0.61,1191.2,0.0187,1251.2,0.5,1.3,0.26,0.5,0.4095,0.2,0.01,0.005,0.45,0.1517,415.08,1.088,0.151364904,35,,,,,
4,23,5.126375741,19.29256797,0.4,0.25,300,100,0.03,10.92280341,0.03,0.61,1191.2,0.0187,1251.2,0.45,1.35,0.23,0.5,0.3736125,0.2,0.01,0.005,0.23,0.1517,415.08,1.088,0.151364904,35,,,,,
4,24,5.330596655,15.82938507,0.4,0.25,300,100,0.03,10.92280341,0.03,0.61,1191.2,0.0187,1251.2,0.475,1.325,0.245,0.5,0.391785938,0.2,0.01,0.005,0.34,0.1517,415.08,1.088,0.151364904,35,,,,,
4,25,5.651963804,36.19230163,0.4,0.25,400,100,0.03,10.92280341,0.03,0.61,1191.2,0.0187,1251.2,0.5,1.3,0.26,0.5,0.4095,0.2,0.01,0.005,0.45,0.284,848.73,0.379,0.255839748,23,,,,,
4,26,4.968330197,32.21621451,0.4,0.25,400,100,0.03,10.92280341,0.03,0.61,1191.2,0.0187,1251.2,0.45,1.35,0.23,0.5,0.3736125,0.2,0.01,0.005,0.23,0.1888,329.05,0.432,0.172753138,20,,,,,
4,27,5.47592685,42.02034162,0.4,0.25,400,100,0.03,10.92280341,0.03,0.61,1191.2,0.0187,1251.2,0.475,1.325,0.245,0.5,0.391785938,0.2,0.01,0.005,0.34,0.284,848.73,0.379,0.214296443,21.5,,,,,
4,28,5.500045268,19.92375427,0.4,0.25,400,100,0.03,10.92280341,0.03,0.61,1191.2,0.0187,1251.2,0.5,1.3,0.26,0.5,0.4095,0.2,0.01,0.005,0.45,3.6764,1,0.235,0.2,10,,,,,
4,29,5.288327226,31.86844851,0.4,0.25,400,100,0.03,10.92280341,0.03,0.61,1191.2,0.0187,1251.2,0.45,1.35,0.23,0.5,0.3736125,0.2,0.01,0.005,0.23,0.1906,284.53,1.03,0.190081627,15,,,,,
4,30,5.729676659,28.55007424,0.4,0.25,400,100,0.03,10.92280341,0.03,0.61,1191.2,0.0187,1251.2,0.475,1.325,0.245,0.5,0.391785938,0.2,0.01,0.005,0.34,3.6764,1,0.235,0.195040813,12.5,,,,,
4,31,5.526248516,47.62750313,0.4,0.25,400,100,0.03,10.92280341,0.03,0.61,1191.2,0.0187,1251.2,0.5,1.3,0.26,0.5,0.4095,0.2,0.01,0.005,0.45,3.6764,1,0.235,0.2,20,,,,,
4,32,5.649251872,36.95662972,0.4,0.25,400,100,0.03,10.92280341,0.03,0.61,1191.2,0.0187,1251.2,0.45,1.35,0.23,0.5,0.3736125,0.2,0.01,0.005,0.23,0.284,848.73,0.379,0.255839748,23,,,,,
4,33,5.525639848,35.96310825,0.4,0.25,400,100,0.03,10.92280341,0.03,0.61,1191.2,0.0187,1251.2,0.475,1.325,0.245,0.5,0.391785938,0.2,0.01,0.005,0.34,3.6764,1,0.235,0.227919874,21.5,,,,,
4,34,5.849842803,27.04776735,0.4,0.25,250,100,0.03,6.82675213,0.03,0.61,1191.2,0.0187,1251.2,0.5,1.3,0.26,0.5,0.4095,0.2,0.01,0.005,0.45,3.6764,1,0.235,0.2,20,,,,,
4,35,6.48217816,42.69027134,0.4,0.25,250,100,0.03,5.461401704,0.03,0.61,1191.2,0.0187,1251.2,0.45,1.35,0.23,0.5,0.3736125,0.2,0.01,0.005,0.23,0.284,848.73,0.379,0.255839748,20,,,,,
4,36,6.318729704,45.87291557,0.4,0.25,250,100,0.03,6.82675213,0.03,0.61,1191.2,0.0187,1251.2,0.475,1.325,0.245,0.5,0.391785938,0.2,0.01,0.005,0.34,3.6764,1,0.235,0.227919874,20,,,,,
5,1,7,200,0.33891759,0.249913763,186,74.4,0.03,5.079103584,0.03,0.56,361,0.0384,216.2,0.45,1.3,0.32,0.5,0.3861,0.2,0.01,0.005,0.23,0.1334,228.35,1.368,0.133288272,35,,,,,
5,2,7.812,200,0.342110945,0.249913763,193,77.2,0.03,5.270252644,0.03,0.56,425.3,0.0476,254.7,0.5,1.4,0.35,0.5,0.4725,0.2,0.01,0.005,0.45,0.1189,240.36,2.391,0.118899598,20,,,,,
5,3,7.0525,225,0.352900029,0.249913763,172,68.8,0.03,4.696805465,0.03,0.56,361,0.0384,216.2,0.51,1.3,0.26,0.5,0.41769,0.2,0.01,0.005,0.23,0.1334,228.35,1.368,0.133288272,35,,,,,
5,4,7.378,200,0.333329162,0.209927561,180,72,0.03,4.915261533,0.03,0.56,361,0.0384,216.2,0.45,1.35,0.32,0.5,0.40095,0.2,0.01,0.005,0.23,0.1517,415.08,1.088,0.151364904,35,,,,,
5,5,7.2695,200,0.357114269,0.249913763,172,68.8,0.03,4.696805465,0.03,0.56,425.3,0.0476,254.7,0.51,1.3,0.26,0.5,0.41769,0.2,0.01,0.005,0.45,0.1517,415.08,1.088,0.151364904,35,,,,,
5,6,7.2695,250,0.390893261,0.224922387,190,76,0.03,5.188331618,0.03,0.56,422.1,0.0488,519.3,0.45,1.35,0.32,0.5,0.40095,0.2,0.01,0.005,0.45,0.284,848.73,0.379,0.255839748,23,,,,,
5,7,7.0525,250,0.50159276,0.249913763,172,68.8,0.03,4.696805465,0.03,0.56,427.8,0.0526,374.6,0.51,1.3,0.26,0.5,0.41769,0.2,0.01,0.005,0.34,0.1517,415.08,1.088,0.151364904,35,,,,,
5,8,7.595,200,0.348225374,0.249913763,186,74.4,0.03,5.079103584,0.03,0.56,361,0.0384,216.2,0.45,1.3,0.32,0.5,0.3861,0.2,0.01,0.005,0.23,0.1334,228.35,1.368,0.133288272,35,,,,,
5,9,7.812,200,0.35111457,0.249913763,193,77.2,0.03,5.270252644,0.03,0.56,425.3,0.0476,254.7,0.5,1.4,0.35,0.5,0.4725,0.2,0.01,0.005,0.45,0.1189,240.36,2.391,0.118899598,20,,,,,
5,10,7.0525,225,0.363350407,0.249913763,172,68.8,0.03,4.696805465,0.03,0.56,361,0.0384,216.2,0.51,1.3,0.26,0.5,0.41769,0.2,0.01,0.005,0.23,0.1334,228.35,1.368,0.133288272,35,,,,,
5,11,7.378,200,0.343510277,0.209927561,180,72,0.03,4.915261533,0.03,0.56,361,0.0384,216.2,0.45,1.35,0.32,0.5,0.40095,0.2,0.01,0.005,0.23,0.1517,415.08,1.088,0.151364904,35,,,,,
5,12,7.2695,200,0.36725163,0.249913763,172,68.8,0.03,4.696805465,0.03,0.56,425.3,0.0476,254.7,0.51,1.3,0.26,0.5,0.41769,0.2,0.01,0.005,0.45,0.1517,415.08,1.088,0.151364904,35,,,,,
5,13,7.2695,250,0.402173292,0.224922387,300,120,0.03,8.192102555,0.03,0.56,422.1,0.0488,519.3,0.45,1.35,0.32,0.5,0.40095,0.2,0.01,0.005,0.45,0.284,848.73,0.379,0.255839748,23,,,,,
5,14,7.0525,250,0.515191242,0.249913763,300,120,0.03,8.192102555,0.03,0.56,427.8,0.0526,374.6,0.51,1.3,0.26,0.5,0.41769,0.2,0.01,0.005,0.34,0.1517,415.08,1.088,0.151364904,35,,,,,
5,15,0,0,0,0,0,0,0,0,0.03,0.56,1191.2,0.0187,1251.2,,,,,0,0.2,0.01,0.005,,,,,,,,,,,
5,16,0,0,0,0,0,0,0,0,0.03,0.56,1191.2,0.0187,1251.2,,,,,0,0.2,0.01,0.005,,,,,,,,,,,
5,17,0,0,0,0,0,0,0,0,0.03,0.56,1191.2,0.0187,1251.2,,,,,0,0.2,0.01,0.005,,,,,,,,,,,
5,18,0,0,0,0,0,0,0,0,0.03,0.56,1191.2,0.0187,1251.2,,,,,0,0.2,0.01,0.005,,,,,,,,,,,
5,19,0,0,0,0,0,0,0,0,0.03,0.56,1191.2,0.0187,1251.2,,,,,0,0.2,0.01,0.005,,,,,,,,,,,
5,20,0,0,0,0,0,0,0,0,0.03,0.56,1191.2,0.0187,1251.2,,,,,0,0.2,0.01,0.005,,,,,,,,,,,
5,21,0,0,0,0,0,0,0,0,0.03,0.56,1191.2,0.0187,1251.2,,,,,0,0.2,0.01,0.005,,,,,,,,,,,
5,22,0,0,0,0,0,0,0,0,0.03,0.56,1191.2,0.0187,1251.2,,,,,0,0.2,0.01,0.005,,,,,,,,,,,
5,23,0,0,0,0,0,0,0,0,0.03,0.56,1191.2,0.0187,1251.2,,,,,0,0.2,0.01,0.005,,,,,,,,,,,
5,24,0,0,0,0,0,0,0,0,0.03,0.56,1191.2,0.0187,1251.2,,,,,0,0.2,0.01,0.005,,,,,,,,,,,
5,25,0,0,0,0,0,0,0,0,0.03,0.56,1191.2,0.0187,1251.2,,,,,0,0.2,0.01,0.005,,,,,,,,,,,
5,26,0,0,0,0,0,0,0,0,0.03,0.56,1191.2,0.0187,1251.2,,,,,0,0.2,0.01,0.005,,,,,,,,,,,
6,1,6.1,55,0.412271034,0.19993101,50,20,0.03,1.365350426,0.05,0.56,361,0.0384,216.2,0.42,1.35,0.25,0.5,0.354375,0.2,0.01,0.005,0.23,0.1334,228.35,1.368,0.05,7.095789067,,,,,
6,2,5.4,30,0.412271034,0.19993101,50,20,0.03,1.365350426,0.05,0.56,425.3,0.0476,254.7,0.42,1.35,0.25,0.5,0.354375,0.2,0.01,0.005,0.23,0.1334,228.35,1.368,0.05,5.896040143,,,,,
6,3,5.95,40,0.412271034,0.19993101,50,20,0.03,1.365350426,0.05,0.56,361,0.0384,216.2,0.42,1.35,0.25,0.5,0.354375,0.2,0.01,0.005,0.23,0.1189,240.36,2.391,0.05,7.293370552,,,,,
6,4,6.7,55,0.475738828,0.19993101,186,74.4,0.03,5.079103584,0.05,0.56,361,0.0384,149.85,0.4,1.35,0.23,0.5,0.3321,0.2,0.01,0.005,0.45,0.0571,2981.5,0.7445,0.05,16.05611993,,,,,
6,5,6.5,65,0.547577455,0.249913763,172,68.8,0.03,4.696805465,0.05,0.56,425.3,0.0476,198,0.58,1.4,0.35,0.5,0.5481,0.2,0.01,0.005,0.23,0.072,331.5,1.209,0.05,19.00870617,,,,,
6,6,6.6,60,0.511658142,0.224922387,179,71.6,0.03,4.887954525,0.05,0.56,393.15,0.043,173.925,0.49,1.375,0.29,0.5,0.43456875,0.2,0.01,0.005,0.34,0.0571,2981.5,0.7445,0.05,17.98297184,,,,,
6,7,6.45,50,0.475738828,0.19993101,186,74.4,0.03,5.079103584,0.05,0.56,361,0.0384,149.85,0.42,1.35,0.23,0.5,0.348705,0.2,0.01,0.005,0.23,0.1334,228.35,1.368,0.05,17.43757998,,,,,
6,8,6.25,60,0.547577455,0.249913763,172,68.8,0.03,4.696805465,0.05,0.56,425.3,0.0476,198,0.58,1.35,0.23,0.5,0.481545,0.2,0.01,0.005,0.45,0.1189,240.36,2.391,0.05,14.84101177,,,,,
6,9,6.525,55,0.511658142,0.224922387,179,71.6,0.03,4.887954525,0.05,0.56,393.15,0.043,173.925,0.5,1.35,0.23,0.5,0.415125,0.2,0.01,0.005,0.34,0.1334,228.35,1.368,0.05,16.53821238,,,,,
6,10,5.25,23.95026775,0.31598862,0.254912038,150,60,0.03,4.096051278,0.05,0.56,361,0.0384,1251.2,0.4,1.35,0.23,0.5,0.3321,0.2,0.01,0.005,0.23,0.1334,228.35,1.368,0.05,5.130551619,,,,,
6,11,4.75,18,0.51449163,0.299896516,70,28,0.03,1.911490596,0.05,0.56,361,0.0384,1251.2,0.58,1.4,0.35,0.5,0.5481,0.2,0.01,0.005,0.45,0.1189,240.36,2.391,0.05,5.57823265,,,,,
6,12,4.6,15,0.415240125,0.277404277,110,44,0.03,3.003770937,0.05,0.56,361,0.0384,1251.2,0.49,1.375,0.29,0.5,0.43456875,0.2,0.01,0.005,0.34,0.0571,2981.5,0.7445,0.05,4.367938993,,,,,
6,13,6.1,46.94027472,0.31598862,0.254912038,150,60,0.03,4.096051278,0.05,0.56,361,0.0384,1251.2,0.4,1.35,0.23,0.5,0.3321,0.2,0.01,0.005,0.23,0.072,331.5,1.209,0.05,4.854138569,,,,,
6,14,6.210380435,44.06664283,0.51449163,0.299896516,70,28,0.03,1.911490596,0.05,0.56,361,0.0384,1251.2,0.58,1.4,0.35,0.5,0.5481,0.2,0.01,0.005,0.45,0.0571,2981.5,0.7445,0.05,5.92522277,,,,,
6,15,5.3,26,0.415240125,0.277404277,110,44,0.03,3.003770937,0.05,0.56,361,0.0384,1251.2,0.49,1.375,0.29,0.5,0.43456875,0.2,0.01,0.005,0.34,0.1334,228.35,1.368,0.05,4.133951332,,,,,
6,16,6.1,55,0.412271034,0.19993101,50,20,0.03,1.365350426,0.05,0.56,361,0.0384,216.2,0.42,1.35,0.25,0.5,0.354375,0.2,0.01,0.005,0.23,0.1189,240.36,2.391,0.05,7.095789067,,,,,
6,17,5.4,30,0.412271034,0.19993101,50,20,0.03,1.365350426,0.05,0.56,425.3,0.0476,254.7,0.42,1.35,0.25,0.5,0.354375,0.2,0.01,0.005,0.23,0.1334,228.35,1.368,0.05,5.896040143,,,,,
6,18,5.95,40,0.412271034,0.19993101,50,20,0.03,1.365350426,0.05,0.56,361,0.0384,216.2,0.42,1.35,0.25,0.5,0.354375,0.2,0.01,0.005,0.23,0.1334,228.35,1.368,0.05,7.293370552,,,,,
6,19,6.7,55,0.475738828,0.19993101,186,74.4,0.03,5.079103584,0.05,0.56,361,0.0384,149.85,0.4,1.35,0.23,0.5,0.3321,0.2,0.01,0.005,0.45,0.1189,240.36,2.391,0.05,16.05611993,,,,,
6,20,6.5,65,0.547577455,0.249913763,172,68.8,0.03,4.696805465,0.05,0.56,425.3,0.0476,198,0.58,1.4,0.35,0.5,0.5481,0.2,0.01,0.005,0.23,0.0571,2981.5,0.7445,0.05,19.00870617,,,,,
6,21,6.6,60,0.511658142,0.224922387,179,71.6,0.03,4.887954525,0.05,0.56,393.15,0.043,173.925,0.49,1.375,0.29,0.5,0.43456875,0.2,0.01,0.005,0.34,0.072,331.5,1.209,0.05,17.98297184,,,,,
6,22,6.45,50,0.475738828,0.19993101,186,74.4,0.03,5.079103584,0.05,0.56,361,0.0384,149.85,0.42,1.35,0.23,0.5,0.348705,0.2,0.01,0.005,0.23,0.0571,2981.5,0.7445,0.05,17.43757998,,,,,
6,23,6.25,60,0.547577455,0.249913763,172,68.8,0.03,4.696805465,0.05,0.56,425.3,0.0476,198,0.58,1.35,0.23,0.5,0.481545,0.2,0.01,0.005,0.45,0.1334,228.35,1.368,0.05,14.84101177,,,,,
6,24,6.525,55,0.511658142,0.224922387,179,71.6,0.03,4.887954525,0.05,0.56,393.15,0.043,173.925,0.5,1.35,0.23,0.5,0.415125,0.2,0.01,0.005,0.34,0.1189,240.36,2.391,0.05,16.53821238,,,,,
6,25,5.25,23.95026775,0.31598862,0.254912038,150,60,0.03,4.096051278,0.05,0.56,361,0.0384,1251.2,0.4,1.35,0.23,0.5,0.3321,0.2,0.01,0.005,0.23,0.1334,228.35,1.368,0.05,5.130551619,,,,,
6,26,4.75,18,0.51449163,0.299896516,70,28,0.03,1.911490596,0.05,0.56,361,0.0384,1251.2,0.58,1.4,0.35,0.5,0.5481,0.2,0.01,0.005,0.45,0.1334,228.35,1.368,0.05,5.57823265,,,,,
6,27,4.6,15,0.415240125,0.277404277,110,44,0.03,3.003770937,0.05,0.56,361,0.0384,1251.2,0.49,1.375,0.29,0.5,0.43456875,0.2,0.01,0.005,0.34,0.1189,240.36,2.391,0.05,4.367938993,,,,,
6,28,6.1,46.94027472,0.31598862,0.254912038,150,60,0.03,4.096051278,0.05,0.56,361,0.0384,1251.2,0.4,1.35,0.23,0.5,0.3321,0.2,0.01,0.005,0.23,0.0571,2981.5,0.7445,0.05,4.854138569,,,,,
6,29,6.210380435,44.06664283,0.51449163,0.299896516,70,28,0.03,1.911490596,0.05,0.56,361,0.0384,1251.2,0.58,1.4,0.35,0.5,0.5481,0.2,0.01,0.005,0.45,0.072,331.5,1.209,0.05,5.92522277,,,,,
6,30,5.3,26,0.415240125,0.277404277,110,44,0.03,3.003770937,0.05,0.56,361,0.0384,1251.2,0.49,1.375,0.29,0.5,0.43456875,0.2,0.01,0.005,0.34,0.0571,2981.5,0.7445,0.05,4.133951332,,,,,
7,1,5.733404127,14.59259159,0.504022783,0.249913763,70,28,0.03,1.911490596,0.05,0.56,361,0.0384,216.2,0.4,1.35,0.23,0.5,0.3321,0.2,0.01,0.005,0.23,0.1189,240.36,2.391,0.05,2.50035169,,,,,
7,2,5.65,14.59259159,0.327711965,0.19993101,150,60,0.03,4.096051278,0.05,0.56,425.3,0.0476,254.7,0.58,1.4,0.35,0.5,0.5481,0.2,0.01,0.005,0.45,0.1334,228.35,1.368,0.05,13.91769691,,,,,
7,3,5.8,14.59259159,0.415867374,0.224922387,110,44,0.03,3.003770937,0.05,0.56,425.3,0.0476,254.7,0.49,1.375,0.29,0.5,0.43456875,0.2,0.01,0.005,0.34,0.1334,228.35,1.368,0.05,2.978403695,,,,,
7,4,5.733404127,14.59259159,0.504022783,0.249913763,70,28,0.03,1.911490596,0.05,0.56,361,0.0384,216.2,0.4,1.35,0.23,0.5,0.3321,0.2,0.01,0.005,0.23,0.1906,284.53,1.03,0.05,2.50035169,,,,,
7,5,5.65,14.59259159,0.327711965,0.19993101,150,60,0.03,4.096051278,0.05,0.56,425.3,0.0476,254.7,0.58,1.4,0.35,0.5,0.5481,0.2,0.01,0.005,0.45,0.4176,127.05,0.426,0.05,13.91769691,,,,,
7,6,5.8,14.59259159,0.415867374,0.224922387,110,44,0.03,3.003770937,0.05,0.56,425.3,0.0476,254.7,0.49,1.375,0.29,0.5,0.43456875,0.2,0.01,0.005,0.34,0.4176,127.05,0.426,0.05,2.978403695,,,,,
7,7,0,0,0,0,0,0,0,0,0.05,0.56,1191.2,0.0187,1251.2,0.4,1.35,0.23,0.5,0.3321,0.2,0.01,0.005,,,,,,,,,,,
7,8,0,0,0,0,0,0,0,0,0.05,0.56,1191.2,0.0187,1251.2,,,,,0,0.2,0.01,0.005,,,,,,,,,,,
7,9,0,0,0,0,0,0,0,0,0.05,0.56,1191.2,0.0187,1251.2,,,,,0,0.2,0.01,0.005,,,,,,,,,,,
7,10,0,0,0,0,0,0,0,0,0.05,0.56,1191.2,0.0187,1251.2,,,,,0,0.2,0.01,0.005,,,,,,,,,,,
7,11,0,0,0,0,0,0,0,0,0.05,0.56,1191.2,0.0187,1251.2,,,,,0,0.2,0.01,0.005,,,,,,,,,,,
7,12,0,0,0,0,0,0,0,0,0.05,0.56,1191.2,0.0187,1251.2,,,,,0,0.2,0.01,0.005,,,,,,,,,,,
7,13,0,0,0,0,0,0,0,0,0.05,0.56,1191.2,0.0187,1251.2,,,,,0,0.2,0.01,0.005,,,,,,,,,,,
7,14,0,0,0,0,0,0,0,0,0.05,0.56,1191.2,0.0187,1251.2,,,,,0,0.2,0.01,0.005,,,,,,,,,,,
7,15,0,0,0,0,0,0,0,0,0.05,0.56,1191.2,0.0187,1251.2,,,,,0,0.2,0.01,0.005,,,,,,,,,,,
7,16,0,0,0,0,0,0,0,0,0.05,0.56,1191.2,0.0187,1251.2,,,,,0,0.2,0.01,0.005,,,,,,,,,,,
7,17,0,0,0,0,0,0,0,0,0.05,0.56,1191.2,0.0187,1251.2,,,,,0,0.2,0.01,0.005,,,,,,,,,,,
7,18,0,0,0,0,0,0,0,0,0.05,0.56,1191.2,0.0187,1251.2,,,,,0,0.2,0.01,0.005,,,,,,,,,,,
7,19,0,0,0,0,0,0,0,0,0.05,0.56,1191.2,0.0187,1251.2,,,,,0,0.2,0.01,0.005,,,,,,,,,,,
7,20,0,0,0,0,0,0,0,0,0.05,0.56,1191.2,0.0187,1251.2,,,,,0,0.2,0.01,0.005,,,,,,,,,,,
7,21,0,0,0,0,0,0,0,0,0.05,0.56,1191.2,0.0187,1251.2,,,,,0,0.2,0.01,0.005,,,,,,,,,,,
7,22,0,0,0,0,0,0,0,0,0.05,0.56,1191.2,0.0187,1251.2,,,,,0,0.2,0.01,0.005,,,,,,,,,,,
7,23,0,0,0,0,0,0,0,0,0.05,0.56,1191.2,0.0187,1251.2,,,,,0,0.2,0.01,0.005,,,,,,,,,,,
7,24,0,0,0,0,0,0,0,0,0.05,0.56,1191.2,0.0187,1251.2,,,,,0,0.2,0.01,0.005,,,,,,,,,,,
7,25,0,0,0,0,0,0,0,0,0.05,0.56,1191.2,0.0187,1251.2,,,,,0,0.2,0.01,0.005,,,,,,,,,,,
7,26,0,0,0,0,0,0,0,0,0.05,0.56,1191.2,0.0187,1251.2,,,,,0,0.2,0.01,0.005,,,,,,,,,,,
8,1,8.05,130,0.113090711,0.254912038,133,53.2,0.03,3.631832133,0.07,0.62,193.5,0.1034,149.85,0.55,3,0.2,0.5,0.99,0.25,0.02,0.01,0.23,0.0571,2981.5,0.7445,0.06,23,,,,,
8,2,5.41,10,0.390970386,0.234918937,155,62,0.03,4.23258632,0.07,0.62,193.5,0.1034,149.85,0.4,1.3,0.2,0.5,0.312,0.25,0.02,0.01,0.23,0.0571,2981.5,0.7445,0.06,23,,,,,
8,3,7.32,57,0.612,0.234918937,130,52,0.03,3.549911107,0.07,0.62,323.55,0.10755,198,0.4,1.5,0.23,0.5,0.369,0.25,0.02,0.01,1.5,0.072,331.5,1.209,0.1,35,,,,,
8,4,5,33,0.9792,0.349879268,130,52,0.03,3.549911107,0.07,0.62,323.55,0.10755,198,0.45,2,0.3,0.5,0.585,0.25,0.02,0.01,1.5,0.072,331.5,1.209,0.1,35,,,,,
8,5,8.33,105.5,0.412271034,0.19993101,50,20,0.03,1.365350426,0.07,0.62,361,0.0384,216.2,0.45,1.5,0.23,0.5,0.415125,0.25,0.02,0.01,0.23,0.1334,228.35,1.368,0.133288272,35,,,,,
8,6,0,0,0,0,0,0,0,0,0.07,0.62,1191.2,0.0187,1251.2,,,,,0,0.25,0.02,0.01,,,,,,,,,,,
8,7,0,0,0,0,0,0,0,0,0.07,0.62,1191.2,0.0187,1251.2,,,,,0,0.25,0.02,0.01,,,,,,,,,,,
8,8,0,0,0,0,0,0,0,0,0.07,0.62,1191.2,0.0187,1251.2,,,,,0,0.25,0.02,0.01,,,,,,,,,,,
8,9,0,0,0,0,0,0,0,0,0.07,0.62,1191.2,0.0187,1251.2,,,,,0,0.25,0.02,0.01,,,,,,,,,,,
8,10,0,0,0,0,0,0,0,0,0.07,0.62,1191.2,0.0187,1251.2,,,,,0,0.25,0.02,0.01,,,,,,,,,,,
8,11,0,0,0,0,0,0,0,0,0.07,0.62,1191.2,0.0187,1251.2,,,,,0,0.25,0.02,0.01,,,,,,,,,,,
8,12,0,0,0,0,0,0,0,0,0.07,0.62,1191.2,0.0187,1251.2,,,,,0,0.25,0.02,0.01,,,,,,,,,,,
8,13,0,0,0,0,0,0,0,0,0.07,0.62,1191.2,0.0187,1251.2,,,,,0,0.25,0.02,0.01,,,,,,,,,,,
8,14,0,0,0,0,0,0,0,0,0.07,0.62,1191.2,0.0187,1251.2,,,,,0,0.25,0.02,0.01,,,,,,,,,,,
8,15,0,0,0,0,0,0,0,0,0.07,0.62,1191.2,0.0187,1251.2,,,,,0,0.25,0.02,0.01,,,,,,,,,,,
8,16,0,0,0,0,0,0,0,0,0.07,0.62,1191.2,0.0187,1251.2,,,,,0,0.25,0.02,0.01,,,,,,,,,,,
8,17,0,0,0,0,0,0,0,0,0.07,0.62,1191.2,0.0187,1251.2,,,,,0,0.25,0.02,0.01,,,,,,,,,,,
8,18,0,0,0,0,0,0,0,0,0.07,0.62,1191.2,0.0187,1251.2,,,,,0,0.25,0.02,0.01,,,,,,,,,,,
8,19,0,0,0,0,0,0,0,0,0.07,0.62,1191.2,0.0187,1251.2,,,,,0,0.25,0.02,0.01,,,,,,,,,,,
8,20,0,0,0,0,0,0,0,0,0.07,0.62,1191.2,0.0187,1251.2,,,,,0,0.25,0.02,0.01,,,,,,,,,,,
8,21,0,0,0,0,0,0,0,0,0.07,0.62,1191.2,0.0187,1251.2,,,,,0,0.25,0.02,0.01,,,,,,,,,,,
8,22,0,0,0,0,0,0,0,0,0.07,0.62,1191.2,0.0187,1251.2,,,,,0,0.25,0.02,0.01,,,,,,,,,,,
8,23,0,0,0,0,0,0,0,0,0.07,0.62,1191.2,0.0187,1251.2,,,,,0,0.25,0.02,0.01,,,,,,,,,,,
8,24,0,0,0,0,0,0,0,0,0.07,0.62,1191.2,0.0187,1251.2,,,,,0,0.25,0.02,0.01,,,,,,,,,,,
8,25,0,0,0,0,0,0,0,0,0.07,0.62,1191.2,0.0187,1251.2,,,,,0,0.25,0.02,0.01,,,,,,,,,,,
8,26,0,0,0,0,0,0,0,0,0.07,0.62,1191.2,0.0187,1251.2,,,,,0,0.25,0.02,0.01,,,,,,,,,,,
9,1,6.1,20,0.155996524,0.254912038,133,53.2,0.03,3.631832133,0.07,0.85,193.5,0.1034,149.85,0.4,1.3,0.2,0.5,0.312,0.25,0.02,0.01,0.23,0.0571,2981.5,0.7445,0.06,23,,,,,
9,2,5.9,9,0.427870608,0.234918937,155,62,0.03,4.23258632,0.07,0.85,193.5,0.1034,149.85,0.51,1.3,0.2,0.5,0.3978,0.25,0.02,0.01,0.23,0.0571,2981.5,0.7445,0.06,23,,,,,
9,3,5.5,55,0.5304,0.25,133,53.2,0.03,3.631832133,0.07,0.85,323.55,0.10755,198,0.4,1.45,0.23,0.5,0.3567,0.25,0.02,0.01,1.5,0.072,331.5,1.209,0.1,35,,,,,
9,4,5.5,55,0.5304,0.25,133,53.2,0.03,3.631832133,0.07,0.85,323.55,0.10755,198,0.42,1.45,0.23,0.5,0.374535,0.25,0.02,0.01,1.5,0.072,331.5,1.209,0.1,35,,,,,
9,5,5.7,55,0.765,0.25,133,53.2,0.03,3.631832133,0.07,0.85,323.55,0.10755,198,0.45,1.35,0.23,0.5,0.3736125,0.25,0.02,0.01,1.5,0.072,331.5,1.209,0.1,35,,,,,
9,6,5.2,20,0.816,0.35,120,48,0.03,3.276841022,0.07,0.85,323.55,0.10755,198,0.4,1.6,0.2,0.5,0.384,0.25,0.02,0.01,1.5,0.072,331.5,1.209,0.1,35,,,,,
9,7,6.6,30,0.155996524,0.254912038,133,53.2,0.03,3.631832133,0.07,0.85,193.5,0.1034,149.85,0.4,1.3,0.2,0.5,0.312,0.25,0.02,0.01,0.23,0.0571,2981.5,0.7445,0.06,23,,,,,
9,8,6,10.1,0.427870608,0.234918937,155,62,0.03,4.23258632,0.07,0.85,193.5,0.1034,149.85,0.51,1.3,0.2,0.5,0.3978,0.25,0.02,0.01,0.23,0.0571,2981.5,0.7445,0.06,23,,,,,
9,9,5.5,55,0.5304,0.25,133,53.2,0.03,3.631832133,0.07,0.85,323.55,0.10755,198,0.4,1.45,0.23,0.5,0.3567,0.25,0.02,0.01,1.5,0.072,331.5,1.209,0.1,35,,,,,
9,10,5.5,55,0.5304,0.25,133,53.2,0.03,3.631832133,0.07,0.85,323.55,0.10755,198,0.42,1.45,0.23,0.5,0.374535,0.25,0.02,0.01,1.5,0.072,331.5,1.209,0.1,35,,,,,
9,11,5.7,55,0.765,0.25,133,53.2,0.03,3.631832133,0.07,0.85,323.55,0.10755,198,0.45,1.35,0.23,0.5,0.3736125,0.25,0.02,0.01,1.5,0.072,331.5,1.209,0.1,35,,,,,
9,12,5.2,20,0.816,0.35,120,48,0.03,3.276841022,0.07,0.85,323.55,0.10755,198,0.4,1.6,0.2,0.5,0.384,0.25,0.02,0.01,1.5,0.072,331.5,1.209,0.1,35,,,,,
9,13,0,0,0,0,0,0,0,0,0.07,0.85,1191.2,0.0187,1251.2,,,,,0,0.25,0.02,0.01,,,,,,,,,,,
9,14,0,0,0,0,0,0,0,0,0.07,0.85,1191.2,0.0187,1251.2,,,,,0,0.25,0.02,0.01,,,,,,,,,,,
9,15,0,0,0,0,0,0,0,0,0.07,0.85,1191.2,0.0187,1251.2,,,,,0,0.25,0.02,0.01,,,,,,,,,,,
9,16,0,0,0,0,0,0,0,0,0.07,0.85,1191.2,0.0187,1251.2,,,,,0,0.25,0.02,0.01,,,,,,,,,,,
9,17,0,0,0,0,0,0,0,0,0.07,0.85,1191.2,0.0187,1251.2,,,,,0,0.25,0.02,0.01,,,,,,,,,,,
9,18,0,0,0,0,0,0,0,0,0.07,0.85,1191.2,0.0187,1251.2,,,,,0,0.25,0.02,0.01,,,,,,,,,,,
9,19,0,0,0,0,0,0,0,0,0.07,0.85,1191.2,0.0187,1251.2,,,,,0,0.25,0.02,0.01,,,,,,,,,,,
9,20,0,0,0,0,0,0,0,0,0.07,0.85,1191.2,0.0187,1251.2,,,,,0,0.25,0.02,0.01,,,,,,,,,,,
9,21,0,0,0,0,0,0,0,0,0.07,0.85,1191.2,0.0187,1251.2,,,,,0,0.25,0.02,0.01,,,,,,,,,,,
9,22,0,0,0,0,0,0,0,0,0.07,0.85,1191.2,0.0187,1251.2,,,,,0,0.25,0.02,0.01,,,,,,,,,,,
9,23,0,0,0,0,0,0,0,0,0.07,0.85,1191.2,0.0187,1251.2,,,,,0,0.25,0.02,0.01,,,,,,,,,,,
9,24,0,0,0,0,0,0,0,0,0.07,0.85,1191.2,0.0187,1251.2,,,,,0,0.25,0.02,0.01,,,,,,,,,,,
9,25,0,0,0,0,0,0,0,0,0.07,0.85,1191.2,0.0187,1251.2,,,,,0,0.25,0.02,0.01,,,,,,,,,,,
9,26,0,0,0,0,0,0,0,0,0.07,0.85,1191.2,0.0187,1251.2,,,,,0,0.25,0.02,0.01,,,,,,,,,,,
10,1,6.2,20,0.109783173,0.254912038,133,53.2,0.03,3.631832133,0.07,0.54,193.5,0.1034,149.85,0.4,1.3,0.2,0.5,0.312,0.25,0.02,0.01,0.23,0.0571,2981.5,0.7445,0.06,23,,,,,
10,2,6,9,0.207432039,0.234918937,155,62,0.03,4.23258632,0.07,0.54,193.5,0.1034,149.85,0.51,1.3,0.2,0.5,0.3978,0.25,0.02,0.01,0.23,0.0571,2981.5,0.7445,0.06,23,,,,,
10,3,5.2,20,0.918,0.35,120,48,0.03,3.276841022,0.07,0.54,323.55,0.10755,198,0.4,1.5,0.2,0.5,0.36,0.25,0.02,0.01,1.5,0.072,331.5,1.209,0.1,35,,,,,
10,4,5.7,55,0.918,0.25,133,53.2,0.03,3.631832133,0.07,0.54,323.55,0.10755,198,0.51,1.5,0.2,0.5,0.459,0.25,0.02,0.01,1.5,0.072,331.5,1.209,0.1,35,,,,,
10,5,5.6,55,1.326,0.25,133,53.2,0.03,3.631832133,0.07,0.54,323.55,0.10755,198,0.45,1.35,0.3,0.5,0.394875,0.25,0.02,0.01,1.5,0.072,331.5,1.209,0.1,35,,,,,
10,6,6.7,30,0.109783173,0.254912038,133,53.2,0.03,3.631832133,0.07,0.54,193.5,0.1034,149.85,0.4,1.3,0.2,0.5,0.312,0.25,0.02,0.01,0.23,0.0571,2981.5,0.7445,0.06,23,,,,,
10,7,6,10.1,0.207432039,0.234918937,155,62,0.03,4.23258632,0.07,0.54,193.5,0.1034,149.85,0.51,1.3,0.2,0.5,0.3978,0.25,0.02,0.01,0.23,0.0571,2981.5,0.7445,0.06,23,,,,,
10,8,5.2,20,0.918,0.35,120,48,0.03,3.276841022,0.07,0.54,323.55,0.10755,198,0.4,1.5,0.2,0.5,0.36,0.25,0.02,0.01,1.5,0.072,331.5,1.209,0.1,35,,,,,
10,9,5.7,55,0.918,0.25,133,53.2,0.03,3.631832133,0.07,0.54,323.55,0.10755,198,0.51,1.5,0.2,0.5,0.459,0.25,0.02,0.01,1.5,0.072,331.5,1.209,0.1,35,,,,,
10,10,5.6,55,1.326,0.25,133,53.2,0.03,3.631832133,0.07,0.54,323.55,0.10755,198,0.45,1.35,0.3,0.5,0.394875,0.25,0.02,0.01,1.5,0.072,331.5,1.209,0.1,35,,,,,
10,11,0,0,0,0,0,0,0,0,0.07,0.54,1191.2,0.0187,1251.2,,,,,0,0.25,0.02,0.01,,,,,,,,,,,
10,12,0,0,0,0,0,0,0,0,0.07,0.54,1191.2,0.0187,1251.2,,,,,0,0.25,0.02,0.01,,,,,,,,,,,
10,13,0,0,0,0,0,0,0,0,0.07,0.54,1191.2,0.0187,1251.2,,,,,0,0.25,0.02,0.01,,,,,,,,,,,
10,14,0,0,0,0,0,0,0,0,0.07,0.54,1191.2,0.0187,1251.2,,,,,0,0.25,0.02,0.01,,,,,,,,,,,
10,15,0,0,0,0,0,0,0,0,0.07,0.54,1191.2,0.0187,1251.2,,,,,0,0.25,0.02,0.01,,,,,,,,,,,
10,16,0,0,0,0,0,0,0,0,0.07,0.54,1191.2,0.0187,1251.2,,,,,0,0.25,0.02,0.01,,,,,,,,,,,
10,17,0,0,0,0,0,0,0,0,0.07,0.54,1191.2,0.0187,1251.2,,,,,0,0.25,0.02,0.01,,,,,,,,,,,
10,18,0,0,0,0,0,0,0,0,0.07,0.54,1191.2,0.0187,1251.2,,,,,0,0.25,0.02,0.01,,,,,,,,,,,
10,19,0,0,0,0,0,0,0,0,0.07,0.54,1191.2,0.0187,1251.2,,,,,0,0.25,0.02,0.01,,,,,,,,,,,
10,20,0,0,0,0,0,0,0,0,0.07,0.54,1191.2,0.0187,1251.2,,,,,0,0.25,0.02,0.01,,,,,,,,,,,
10,21,0,0,0,0,0,0,0,0,0.07,0.54,1191.2,0.0187,1251.2,,,,,0,0.25,0.02,0.01,,,,,,,,,,,
10,22,0,0,0,0,0,0,0,0,0.07,0.54,1191.2,0.0187,1251.2,,,,,0,0.25,0.02,0.01,,,,,,,,,,,
10,23,0,0,0,0,0,0,0,0,0.07,0.54,1191.2,0.0187,1251.2,,,,,0,0.25,0.02,0.01,,,,,,,,,,,
10,24,0,0,0,0,0,0,0,0,0.07,0.54,1191.2,0.0187,1251.2,,,,,0,0.25,0.02,0.01,,,,,,,,,,,
10,25,0,0,0,0,0,0,0,0,0.07,0.54,1191.2,0.0187,1251.2,,,,,0,0.25,0.02,0.01,,,,,,,,,,,
10,26,0,0,0,0,0,0,0,0,0.07,0.54,1191.2,0.0187,1251.2,,,,,0,0.25,0.02,0.01,,,,,,,,,,,
11,1,6.3,25,0.178463404,0.254912038,133,53.2,0.03,3.631832133,0.07,0.41,193.5,0.1034,149.85,0.4,1.3,0.2,0.5,0.312,0.25,0.02,0.01,0.23,0.0571,2981.5,0.7445,0.06,23,,,,,
11,2,6.2,10.1,0.204185279,0.234918937,155,62,0.03,4.23258632,0.07,0.41,193.5,0.1034,149.85,0.51,1.3,0.2,0.5,0.3978,0.25,0.02,0.01,0.23,0.0571,2981.5,0.7445,0.06,23,,,,,
11,3,5.65,33,1.02,0.349879268,120,48,0.03,3.276841022,0.07,0.41,323.55,0.10755,198,0.4,1.6,0.2,0.5,0.384,0.25,0.02,0.01,1.5,0.072,331.5,1.209,0.1,35,,,,,
11,4,5.65,33,1.02,0.349879268,130,52,0.03,3.549911107,0.07,0.41,323.55,0.10755,198,0.51,1.6,0.2,0.5,0.4896,0.25,0.02,0.01,1.5,0.072,331.5,1.209,0.1,35,,,,,
11,5,6.5,30,0.178463404,0.254912038,133,53.2,0.03,3.631832133,0.07,0.41,193.5,0.1034,149.85,0.4,1.3,0.2,0.5,0.312,0.25,0.02,0.01,0.23,0.0571,2981.5,0.7445,0.06,23,,,,,
11,6,6.8,10.1,0.204185279,0.234918937,155,62,0.03,4.23258632,0.07,0.41,193.5,0.1034,149.85,0.51,1.3,0.2,0.5,0.3978,0.25,0.02,0.01,0.23,0.0571,2981.5,0.7445,0.06,23,,,,,
11,7,5.65,33,1.02,0.349879268,120,48,0.03,3.276841022,0.07,0.41,323.55,0.10755,198,0.4,1.6,0.2,0.5,0.384,0.25,0.02,0.01,1.5,0.072,331.5,1.209,0.1,35,,,,,
11,8,5.65,33,1.02,0.349879268,130,52,0.03,3.549911107,0.07,0.41,323.55,0.10755,198,0.51,1.6,0.2,0.5,0.4896,0.25,0.02,0.01,1.5,0.072,331.5,1.209,0.1,35,,,,,
11,9,0,0,0,0,0,0,0,0,0.07,0.41,1191.2,0.0187,1251.2,,,,,0,0.25,0.02,0.01,,,,,,,,,,,
11,10,0,0,0,0,0,0,0,0,0.07,0.41,1191.2,0.0187,1251.2,,,,,0,0.25,0.02,0.01,,,,,,,,,,,
11,11,0,0,0,0,0,0,0,0,0.07,0.41,1191.2,0.0187,1251.2,,,,,0,0.25,0.02,0.01,,,,,,,,,,,
11,12,0,0,0,0,0,0,0,0,0.07,0.41,1191.2,0.0187,1251.2,,,,,0,0.25,0.02,0.01,,,,,,,,,,,
11,13,0,0,0,0,0,0,0,0,0.07,0.41,1191.2,0.0187,1251.2,,,,,0,0.25,0.02,0.01,,,,,,,,,,,
11,14,0,0,0,0,0,0,0,0,0.07,0.41,1191.2,0.0187,1251.2,,,,,0,0.25,0.02,0.01,,,,,,,,,,,
11,15,0,0,0,0,0,0,0,0,0.07,0.41,1191.2,0.0187,1251.2,,,,,0,0.25,0.02,0.01,,,,,,,,,,,
11,16,0,0,0,0,0,0,0,0,0.07,0.41,1191.2,0.0187,1251.2,,,,,0,0.25,0.02,0.01,,,,,,,,,,,
11,17,0,0,0,0,0,0,0,0,0.07,0.41,1191.2,0.0187,1251.2,,,,,0,0.25,0.02,0.01,,,,,,,,,,,
11,18,0,0,0,0,0,0,0,0,0.07,0.41,1191.2,0.0187,1251.2,,,,,0,0.25,0.02,0.01,,,,,,,,,,,
11,19,0,0,0,0,0,0,0,0,0.07,0.41,1191.2,0.0187,1251.2,,,,,0,0.25,0.02,0.01,,,,,,,,,,,
11,20,0,0,0,0,0,0,0,0,0.07,0.41,1191.2,0.0187,1251.2,,,,,0,0.25,0.02,0.01,,,,,,,,,,,
11,21,0,0,0,0,0,0,0,0,0.07,0.41,1191.2,0.0187,1251.2,,,,,0,0.25,0.02,0.01,,,,,,,,,,,
11,22,0,0,0,0,0,0,0,0,0.07,0.41,1191.2,0.0187,1251.2,,,,,0,0.25,0.02,0.01,,,,,,,,,,,
11,23,0,0,0,0,0,0,0,0,0.07,0.41,1191.2,0.0187,1251.2,,,,,0,0.25,0.02,0.01,,,,,,,,,,,
11,24,0,0,0,0,0,0,0,0,0.07,0.41,1191.2,0.0187,1251.2,,,,,0,0.25,0.02,0.01,,,,,,,,,,,
11,25,0,0,0,0,0,0,0,0,0.07,0.41,1191.2,0.0187,1251.2,,,,,0,0.25,0.02,0.01,,,,,,,,,,,
11,26,0,0,0,0,0,0,0,0,0.07,0.41,1191.2,0.0187,1251.2,,,,,0,0.25,0.02,0.01,,,,,,,,,,,
12,1,8.05,130,0.177660603,0.224922387,130,52,0.03,3.549911107,0.07,0.61,193.5,0.1034,149.85,0.4,1.3,0.2,0.5,0.312,0.25,0.02,0.01,0.23,0.0571,2981.5,0.7445,0.06,23,,,,,
12,2,6.8,10.1,0.236882459,0.234918937,130,52,0.03,3.549911107,0.07,0.61,193.5,0.1034,149.85,0.51,1.3,0.2,0.5,0.3978,0.25,0.02,0.01,0.23,0.0571,2981.5,0.7445,0.06,23,,,,,
12,3,6.4,95,1.02,0.349879268,130,52,0.03,3.549911107,0.07,0.61,323.55,0.10755,198,0.6,1.6,0.22,0.5,0.5856,0.25,0.02,0.01,1.5,0.072,331.5,1.209,0.1,35,,,,,
12,4,5.4,33,1.53,0.234918937,130,52,0.03,3.549911107,0.07,0.61,323.55,0.10755,198,0.55,1.7,0.22,0.5,0.57035,0.25,0.02,0.01,1.5,0.072,331.5,1.209,0.1,35,,,,,
12,5,5.4,33,1.53,0.349879268,130,52,0.03,3.549911107,0.07,0.61,323.55,0.10755,198,0.56,1.7,0.22,0.5,0.58072,0.25,0.02,0.01,1.5,0.072,331.5,1.209,0.1,35,,,,,
12,6,8.05,130,0.177660603,0.224922387,130,52,0.03,3.549911107,0.07,0.61,193.5,0.1034,149.85,0.4,1.3,0.2,0.5,0.312,0.25,0.02,0.01,0.23,0.0571,2981.5,0.7445,0.06,23,,,,,
12,7,6.8,10.1,0.236882459,0.234918937,130,52,0.03,3.549911107,0.07,0.61,193.5,0.1034,149.85,0.51,1.3,0.2,0.5,0.3978,0.25,0.02,0.01,0.23,0.0571,2981.5,0.7445,0.06,23,,,,,
12,8,6.4,95,1.02,0.349879268,130,52,0.03,3.549911107,0.07,0.61,323.55,0.10755,198,0.6,1.6,0.22,0.5,0.5856,0.25,0.02,0.01,1.5,0.072,331.5,1.209,0.1,35,,,,,
12,9,5.4,33,1.53,0.234918937,130,52,0.03,3.549911107,0.07,0.61,323.55,0.10755,198,0.55,1.7,0.22,0.5,0.57035,0.25,0.02,0.01,1.5,0.072,331.5,1.209,0.1,35,,,,,
12,10,5.4,33,1.53,0.349879268,130,52,0.03,3.549911107,0.07,0.61,323.55,0.10755,198,0.56,1.7,0.22,0.5,0.58072,0.25,0.02,0.01,1.5,0.072,331.5,1.209,0.1,35,,,,,
12,11,0,0,0,0,0,0,0,0,0.07,0.61,1191.2,0.0187,1251.2,,,,,0,0.25,0.02,0.01,,,,,,,,,,,
12,12,0,0,0,0,0,0,0,0,0.07,0.61,1191.2,0.0187,1251.2,,,,,0,0.25,0.02,0.01,,,,,,,,,,,
12,13,0,0,0,0,0,0,0,0,0.07,0.61,1191.2,0.0187,1251.2,,,,,0,0.25,0.02,0.01,,,,,,,,,,,
12,14,0,0,0,0,0,0,0,0,0.07,0.61,1191.2,0.0187,1251.2,,,,,0,0.25,0.02,0.01,,,,,,,,,,,
12,15,0,0,0,0,0,0,0,0,0.07,0.61,1191.2,0.0187,1251.2,,,,,0,0.25,0.02,0.01,,,,,,,,,,,
12,16,0,0,0,0,0,0,0,0,0.07,0.61,1191.2,0.0187,1251.2,,,,,0,0.25,0.02,0.01,,,,,,,,,,,
12,17,0,0,0,0,0,0,0,0,0.07,0.61,1191.2,0.0187,1251.2,,,,,0,0.25,0.02,0.01,,,,,,,,,,,
12,18,0,0,0,0,0,0,0,0,0.07,0.61,1191.2,0.0187,1251.2,,,,,0,0.25,0.02,0.01,,,,,,,,,,,
12,19,0,0,0,0,0,0,0,0,0.07,0.61,1191.2,0.0187,1251.2,,,,,0,0.25,0.02,0.01,,,,,,,,,,,
12,20,0,0,0,0,0,0,0,0,0.07,0.61,1191.2,0.0187,1251.2,,,,,0,0.25,0.02,0.01,,,,,,,,,,,
12,21,0,0,0,0,0,0,0,0,0.07,0.61,1191.2,0.0187,1251.2,,,,,0,0.25,0.02,0.01,,,,,,,,,,,
12,22,0,0,0,0,0,0,0,0,0.07,0.61,1191.2,0.0187,1251.2,,,,,0,0.25,0.02,0.01,,,,,,,,,,,
12,23,0,0,0,0,0,0,0,0,0.07,0.61,1191.2,0.0187,1251.2,,,,,0,0.25,0.02,0.01,,,,,,,,,,,
12,24,0,0,0,0,0,0,0,0,0.07,0.61,1191.2,0.0187,1251.2,,,,,0,0.25,0.02,0.01,,,,,,,,,,,
12,25,0,0,0,0,0,0,0,0,0.07,0.61,1191.2,0.0187,1251.2,,,,,0,0.25,0.02,0.01,,,,,,,,,,,
12,26,0,0,0,0,0,0,0,0,0.07,0.61,1191.2,0.0187,1251.2,,,,,0,0.25,0.02,0.01,,,,,,,,,,,
13,1,6.273,30,0.040191102,0.224922387,122,48.8,0.03,3.331455039,0.05,0.49,193.5,0.1034,149.85,0.4,1.3,0.2,0.5,0.312,0.2,0.01,0.005,0.23,0.0571,2981.5,0.7445,0.06,23,,,,,
13,2,6.936,10.1,0.06304369,0.234918937,155,62,0.03,4.23258632,0.05,0.49,193.5,0.1034,149.85,0.51,1.3,0.2,0.5,0.3978,0.2,0.01,0.005,0.23,0.0571,2981.5,0.7445,0.06,23,,,,,
13,3,7.32,57,0.51,0.234918937,100,40,0.03,2.730700852,0.05,0.49,280.2,0.106166667,181.95,0.51,1.3,0.2,0.5,0.3978,0.2,0.01,0.005,0.35,0.067033333,1214.833333,1.054166667,0.09,23,,,,,
13,4,7.32,130,0.459,0.234918937,100,40,0.03,2.730700852,0.05,0.49,280.2,0.106166667,181.95,0.55,1.3,0.22,0.5,0.43615,0.2,0.01,0.005,0.35,0.067033333,1214.833333,1.054166667,0.09,23,,,,,
13,5,5,33,0.51,0.349879268,100,40,0.03,2.730700852,0.05,0.49,280.2,0.106166667,181.95,0.56,1.3,0.22,0.5,0.44408,0.2,0.01,0.005,0.35,0.067033333,1214.833333,1.054166667,0.09,23,,,,,
13,6,7,55,0.040191102,0.224922387,122,48.8,0.03,3.331455039,0.05,0.49,193.5,0.1034,149.85,0.4,1.3,0.2,0.5,0.312,0.2,0.01,0.005,0.23,0.0571,2981.5,0.7445,0.06,23,,,,,
13,7,6.664,10.1,0.06304369,0.234918937,155,62,0.03,4.23258632,0.05,0.49,193.5,0.1034,149.85,0.51,1.3,0.2,0.5,0.3978,0.2,0.01,0.005,0.23,0.0571,2981.5,0.7445,0.06,23,,,,,
13,8,7.1736,57,0.51,0.234918937,100,40,0.03,2.730700852,0.05,0.49,280.2,0.106166667,181.95,0.51,1.3,0.2,0.5,0.3978,0.2,0.01,0.005,0.35,0.067033333,1214.833333,1.054166667,0.09,23,,,,,
13,9,7.1736,130,0.459,0.234918937,100,40,0.03,2.730700852,0.05,0.49,280.2,0.106166667,181.95,0.55,1.3,0.22,0.5,0.43615,0.2,0.01,0.005,0.35,0.067033333,1214.833333,1.054166667,0.09,23,,,,,
13,10,5,33,0.51,0.349879268,100,40,0.03,2.730700852,0.05,0.49,280.2,0.106166667,181.95,0.56,1.3,0.22,0.5,0.44408,0.2,0.01,0.005,0.35,0.067033333,1214.833333,1.054166667,0.09,23,,,,,
13,11,0,0,0,0,0,0,0,0,0.05,0.49,1191.2,0.0187,1251.2,,,,,0,0.2,0.01,0.005,0.23,,,,0.06,23,,,,,
13,12,0,0,0,0,0,0,0,0,0.05,0.49,1191.2,0.0187,1251.2,,,,,0,0.2,0.01,0.005,,,,,,,,,,,
13,13,0,0,0,0,0,0,0,0,0.05,0.49,1191.2,0.0187,1251.2,,,,,0,0.2,0.01,0.005,,,,,,,,,,,
13,14,0,0,0,0,0,0,0,0,0.05,0.49,1191.2,0.0187,1251.2,,,,,0,0.2,0.01,0.005,,,,,,,,,,,
13,15,0,0,0,0,0,0,0,0,0.05,0.49,1191.2,0.0187,1251.2,,,,,0,0.2,0.01,0.005,,,,,,,,,,,
13,16,0,0,0,0,0,0,0,0,0.05,0.49,1191.2,0.0187,1251.2,,,,,0,0.2,0.01,0.005,,,,,,,,,,,
13,17,0,0,0,0,0,0,0,0,0.05,0.49,1191.2,0.0187,1251.2,,,,,0,0.2,0.01,0.005,,,,,,,,,,,
13,18,0,0,0,0,0,0,0,0,0.05,0.49,1191.2,0.0187,1251.2,,,,,0,0.2,0.01,0.005,,,,,,,,,,,
13,19,0,0,0,0,0,0,0,0,0.05,0.49,1191.2,0.0187,1251.2,,,,,0,0.2,0.01,0.005,,,,,,,,,,,
13,20,0,0,0,0,0,0,0,0,0.05,0.49,1191.2,0.0187,1251.2,,,,,0,0.2,0.01,0.005,,,,,,,,,,,
13,21,0,0,0,0,0,0,0,0,0.05,0.49,1191.2,0.0187,1251.2,,,,,0,0.2,0.01,0.005,,,,,,,,,,,
13,22,0,0,0,0,0,0,0,0,0.05,0.49,1191.2,0.0187,1251.2,,,,,0,0.2,0.01,0.005,,,,,,,,,,,
13,23,0,0,0,0,0,0,0,0,0.05,0.49,1191.2,0.0187,1251.2,,,,,0,0.2,0.01,0.005,,,,,,,,,,,
13,24,0,0,0,0,0,0,0,0,0.05,0.49,1191.2,0.0187,1251.2,,,,,0,0.2,0.01,0.005,,,,,,,,,,,
13,25,0,0,0,0,0,0,0,0,0.05,0.49,1191.2,0.0187,1251.2,,,,,0,0.2,0.01,0.005,,,,,,,,,,,
13,26,0,0,0,0,0,0,0,0,0.05,0.49,1191.2,0.0187,1251.2,,,,,0,0.2,0.01,0.005,,,,,,,,,,,
14,1,6.027,30,0.409364243,0.224922387,130,52,0.03,3.549911107,0.05,0.62,1191.2,0.0187,1251.2,0.44,1.3,0.3,0.5,0.3718,0.2,0.01,0.005,0.23,0.284,848.73,0.379,0.255839748,23,,,,,
14,2,6.027,30,0.434009715,0.254912038,130,52,0.03,3.549911107,0.05,0.62,1191.2,0.0187,1251.2,0.5,1.4,0.35,0.5,0.4725,0.2,0.01,0.005,0.23,0.284,848.73,0.379,0.255839748,23,,,,,
14,3,0,0,0,0,0,0,0,0,0.05,0.62,1191.2,0.0187,1251.2,,,,,0,0.2,0.01,0.005,,,,,,,,,,,
14,4,0,0,0,0,0,0,0,0,0.05,0.62,1191.2,0.0187,1251.2,,,,,0,0.2,0.01,0.005,,,,,,,,,,,
14,5,0,0,0,0,0,0,0,0,0.05,0.62,1191.2,0.0187,1251.2,,,,,0,0.2,0.01,0.005,,,,,,,,,,,
14,6,0,0,0,0,0,0,0,0,0.05,0.62,1191.2,0.0187,1251.2,,,,,0,0.2,0.01,0.005,,,,,,,,,,,
14,7,0,0,0,0,0,0,0,0,0.05,0.62,1191.2,0.0187,1251.2,,,,,0,0.2,0.01,0.005,,,,,,,,,,,
14,8,0,0,0,0,0,0,0,0,0.05,0.62,1191.2,0.0187,1251.2,,,,,0,0.2,0.01,0.005,,,,,,,,,,,
14,9,0,0,0,0,0,0,0,0,0.05,0.62,1191.2,0.0187,1251.2,,,,,0,0.2,0.01,0.005,,,,,,,,,,,
14,10,0,0,0,0,0,0,0,0,0.05,0.62,1191.2,0.0187,1251.2,,,,,0,0.2,0.01,0.005,,,,,,,,,,,
14,11,0,0,0,0,0,0,0,0,0.05,0.62,1191.2,0.0187,1251.2,,,,,0,0.2,0.01,0.005,,,,,,,,,,,
14,12,0,0,0,0,0,0,0,0,0.05,0.62,1191.2,0.0187,1251.2,,,,,0,0.2,0.01,0.005,,,,,,,,,,,
14,13,0,0,0,0,0,0,0,0,0.05,0.62,1191.2,0.0187,1251.2,,,,,0,0.2,0.01,0.005,,,,,,,,,,,
14,14,0,0,0,0,0,0,0,0,0.05,0.62,1191.2,0.0187,1251.2,,,,,0,0.2,0.01,0.005,,,,,,,,,,,
14,15,0,0,0,0,0,0,0,0,0.05,0.62,1191.2,0.0187,1251.2,,,,,0,0.2,0.01,0.005,,,,,,,,,,,
14,16,0,0,0,0,0,0,0,0,0.05,0.62,1191.2,0.0187,1251.2,,,,,0,0.2,0.01,0.005,,,,,,,,,,,
14,17,0,0,0,0,0,0,0,0,0.05,0.62,1191.2,0.0187,1251.2,,,,,0,0.2,0.01,0.005,,,,,,,,,,,
14,18,0,0,0,0,0,0,0,0,0.05,0.62,1191.2,0.0187,1251.2,,,,,0,0.2,0.01,0.005,,,,,,,,,,,
14,19,0,0,0,0,0,0,0,0,0.05,0.62,1191.2,0.0187,1251.2,,,,,0,0.2,0.01,0.005,,,,,,,,,,,
14,20,0,0,0,0,0,0,0,0,0.05,0.62,1191.2,0.0187,1251.2,,,,,0,0.2,0.01,0.005,,,,,,,,,,,
14,21,0,0,0,0,0,0,0,0,0.05,0.62,1191.2,0.0187,1251.2,,,,,0,0.2,0.01,0.005,,,,,,,,,,,
14,22,0,0,0,0,0,0,0,0,0.05,0.62,1191.2,0.0187,1251.2,,,,,0,0.2,0.01,0.005,,,,,,,,,,,
14,23,0,0,0,0,0,0,0,0,0.05,0.62,1191.2,0.0187,1251.2,,,,,0,0.2,0.01,0.005,,,,,,,,,,,
14,24,0,0,0,0,0,0,0,0,0.05,0.62,1191.2,0.0187,1251.2,,,,,0,0.2,0.01,0.005,,,,,,,,,,,
14,25,0,0,0,0,0,0,0,0,0.05,0.62,1191.2,0.0187,1251.2,,,,,0,0.2,0.01,0.005,,,,,,,,,,,
14,26,0,0,0,0,0,0,0,0,0.05,0.62,1191.2,0.0187,1251.2,,,,,0,0.2,0.01,0.005,,,,,,,,,,,
15,1,5.3,25,0.178463404,0.254912038,133,53.2,0.03,3.631832133,0.05,0.41,193.5,0.1034,149.85,0.4,1.3,0.2,0.5,0.312,0.25,0.02,0.01,0.23,0.0571,2981.5,0.7445,0.06,23,,,,,
15,2,6,10.1,0.204185279,0.234918937,155,62,0.03,4.23258632,0.05,0.41,193.5,0.1034,149.85,0.51,1.3,0.2,0.5,0.3978,0.25,0.02,0.01,0.23,0.0571,2981.5,0.7445,0.06,23,,,,,
15,3,5.05,33,1.02,0.349879268,120,48,0.03,3.276841022,0.05,0.41,323.55,0.10755,198,0.4,1.5,0.2,0.5,0.36,0.25,0.02,0.01,1.5,0.072,331.5,1.209,0.1,35,,,,,
15,4,7.3932,57,0.612,0.234918937,130,52,0.03,3.549911107,0.05,0.41,323.55,0.10755,198,0.51,1.5,0.2,0.5,0.459,0.25,0.02,0.01,1.5,0.072,331.5,1.209,0.1,35,,,,,
15,5,5.353,25,0.178463404,0.254912038,133,53.2,0.03,3.631832133,0.05,0.41,193.5,0.1034,149.85,0.4,1.3,0.2,0.5,0.312,0.25,0.02,0.01,0.23,0.0571,2981.5,0.7445,0.06,23,,,,,
15,6,6.06,10.1,0.204185279,0.234918937,155,62,0.03,4.23258632,0.05,0.41,193.5,0.1034,149.85,0.51,1.3,0.2,0.5,0.3978,0.25,0.02,0.01,0.23,0.0571,2981.5,0.7445,0.06,23,,,,,
15,7,5.05,33,1.02,0.349879268,120,48,0.03,3.276841022,0.05,0.41,323.55,0.10755,198,0.4,1.5,0.2,0.5,0.36,0.25,0.02,0.01,1.5,0.072,331.5,1.209,0.1,35,,,,,
15,8,7.3932,57,0.612,0.234918937,130,52,0.03,3.549911107,0.05,0.41,323.55,0.10755,198,0.51,1.5,0.2,0.5,0.459,0.25,0.02,0.01,1.5,0.072,331.5,1.209,0.1,35,,,,,
15,9,0,0,0,0,0,0,0,0,0.05,0.41,1191.2,0.0187,1251.2,,,,,0,0.25,0.02,0.01,,,,,,,,,,,
15,10,0,0,0,0,0,0,0,0,0.05,0.41,1191.2,0.0187,1251.2,,,,,0,0.25,0.02,0.01,,,,,,,,,,,
15,11,0,0,0,0,0,0,0,0,0.05,0.41,1191.2,0.0187,1251.2,,,,,0,0.25,0.02,0.01,,,,,,,,,,,
15,12,0,0,0,0,0,0,0,0,0.05,0.41,1191.2,0.0187,1251.2,,,,,0,0.25,0.02,0.01,,,,,,,,,,,
15,13,0,0,0,0,0,0,0,0,0.05,0.41,1191.2,0.0187,1251.2,,,,,0,0.25,0.02,0.01,,,,,,,,,,,
15,14,0,0,0,0,0,0,0,0,0.05,0.41,1191.2,0.0187,1251.2,,,,,0,0.25,0.02,0.01,,,,,,,,,,,
15,15,0,0,0,0,0,0,0,0,0.05,0.41,1191.2,0.0187,1251.2,,,,,0,0.25,0.02,0.01,,,,,,,,,,,
15,16,0,0,0,0,0,0,0,0,0.05,0.41,1191.2,0.0187,1251.2,,,,,0,0.25,0.02,0.01,,,,,,,,,,,
15,17,0,0,0,0,0,0,0,0,0.05,0.41,1191.2,0.0187,1251.2,,,,,0,0.25,0.02,0.01,,,,,,,,,,,
15,18,0,0,0,0,0,0,0,0,0.05,0.41,1191.2,0.0187,1251.2,,,,,0,0.25,0.02,0.01,,,,,,,,,,,
15,19,0,0,0,0,0,0,0,0,0.05,0.41,1191.2,0.0187,1251.2,,,,,0,0.25,0.02,0.01,,,,,,,,,,,
15,20,0,0,0,0,0,0,0,0,0.05,0.41,1191.2,0.0187,1251.2,,,,,0,0.25,0.02,0.01,,,,,,,,,,,
15,21,0,0,0,0,0,0,0,0,0.05,0.41,1191.2,0.0187,1251.2,,,,,0,0.25,0.02,0.01,,,,,,,,,,,
15,22,0,0,0,0,0,0,0,0,0.05,0.41,1191.2,0.0187,1251.2,,,,,0,0.25,0.02,0.01,,,,,,,,,,,
15,23,0,0,0,0,0,0,0,0,0.05,0.41,1191.2,0.0187,1251.2,,,,,0,0.25,0.02,0.01,,,,,,,,,,,
15,24,0,0,0,0,0,0,0,0,0.05,0.41,1191.2,0.0187,1251.2,,,,,0,0.25,0.02,0.01,,,,,,,,,,,
15,25,0,0,0,0,0,0,0,0,0.05,0.41,1191.2,0.0187,1251.2,,,,,0,0.25,0.02,0.01,,,,,,,,,,,
15,26,0,0,0,0,0,0,0,0,0.05,0.41,1191.2,0.0187,1251.2,,,,,0,0.25,0.02,0.01,,,,,,,,,,,
16,1,6.944,85,0.929362571,0.224922387,140,56,0.03,3.822981193,0.05,0.62,1191.2,0.0187,1251.2,0.4,1.3,0.3,0.5,0.338,0.25,0.02,0.01,0.23,0.0571,2981.5,0.7445,0.056806665,23,,,,,
16,2,6.72,47.70412885,0.815848747,0.224922387,120,48,0.03,3.276841022,0.05,0.62,1191.2,0.0187,1251.2,0.5,1.4,0.2,0.5,0.42,0.25,0.02,0.01,0.45,0.072,331.5,1.209,0.071907904,21,,,,,
16,3,6.944,85,0.929362571,0.224922387,140,56,0.03,3.822981193,0.05,0.62,1191.2,0.0187,1251.2,0.45,1.35,0.25,0.5,0.3796875,0.25,0.02,0.01,0.34,0.06455,1656.5,0.97675,0.064357285,22,,,,,
16,4,5.801798643,-28.70383648,0.929362571,0.224922387,140,56,0.03,3.822981193,0.05,0.62,1191.2,0.0187,1251.2,0.4,1.3,0.3,0.5,0.338,0.25,0.02,0.01,0.23,0.0571,2981.5,0.7445,0.056806665,23,,,,,
16,5,5.650192009,-28.20378555,0.815848747,0.224922387,120,48,0.03,3.276841022,0.05,0.62,1191.2,0.0187,1251.2,0.5,1.4,0.2,0.5,0.42,0.25,0.02,0.01,0.45,0.072,331.5,1.209,0.071907904,21,,,,,
16,6,5.731235166,-28.3351047,0.929362571,0.224922387,140,56,0.03,3.822981193,0.05,0.62,1191.2,0.0187,1251.2,0.45,1.35,0.25,0.5,0.3796875,0.25,0.02,0.01,0.34,0.06455,1656.5,0.97675,0.064357285,22,,,,,
16,7,5.839880455,-28.7818047,0.929362571,0.224922387,140,56,0.03,3.822981193,0.05,0.62,1191.2,0.0187,1251.2,0.4,1.3,0.3,0.5,0.338,0.25,0.02,0.01,0.23,0.0571,2981.5,0.7445,0.056806665,23,,,,,
16,8,5.693430273,-28.33322053,0.815848747,0.224922387,120,48,0.03,3.276841022,0.05,0.62,1191.2,0.0187,1251.2,0.5,1.4,0.2,0.5,0.42,0.25,0.02,0.01,0.45,0.072,331.5,1.209,0.071907904,21,,,,,
16,9,5.750299765,-28.39178641,0.929362571,0.224922387,140,56,0.03,3.822981193,0.05,0.62,1191.2,0.0187,1251.2,0.45,1.35,0.25,0.5,0.3796875,0.25,0.02,0.01,0.34,0.06455,1656.5,0.97675,0.064357285,22,,,,,
16,10,6.052448474,-29.99426161,0.929362571,0.224922387,140,56,0.03,3.822981193,0.05,0.62,1191.2,0.0187,1251.2,0.4,1.3,0.3,0.5,0.338,0.25,0.02,0.01,0.23,0.0571,2981.5,0.7445,0.056806665,23,,,,,
16,11,5.684366306,-28.3646404,0.815848747,0.224922387,120,48,0.03,3.276841022,0.05,0.62,1191.2,0.0187,1251.2,0.5,1.4,0.2,0.5,0.42,0.25,0.02,0.01,0.45,0.072,331.5,1.209,0.071907904,21,,,,,
16,12,5.859065085,-29.31030379,0.929362571,0.224922387,140,56,0.03,3.822981193,0.05,0.62,1191.2,0.0187,1251.2,0.45,1.35,0.25,0.5,0.3796875,0.25,0.02,0.01,0.34,0.06455,1656.5,0.97675,0.064357285,22,,,,,
16,13,5.801798643,-28.70383648,0.929362571,0.224922387,140,56,0.03,3.822981193,0.05,0.62,1191.2,0.0187,1251.2,0.4,1.3,0.3,0.5,0.338,0.25,0.02,0.01,0.23,0.0571,2981.5,0.7445,0.056806665,23,,,,,
16,14,5.650192009,-28.20378555,0.815848747,0.224922387,120,48,0.03,3.276841022,0.05,0.62,1191.2,0.0187,1251.2,0.5,1.4,0.2,0.5,0.42,0.25,0.02,0.01,0.45,0.072,331.5,1.209,0.071907904,21,,,,,
16,15,5.731235166,-28.3351047,0.929362571,0.224922387,140,56,0.03,3.822981193,0.05,0.62,1191.2,0.0187,1251.2,0.45,1.35,0.25,0.5,0.3796875,0.25,0.02,0.01,0.34,0.06455,1656.5,0.97675,0.064357285,22,,,,,
16,16,5.839880455,-28.7818047,0.929362571,0.224922387,140,56,0.03,3.822981193,0.05,0.62,1191.2,0.0187,1251.2,0.4,1.3,0.3,0.5,0.338,0.25,0.02,0.01,0.23,0.0571,2981.5,0.7445,0.056806665,23,,,,,
16,17,5.693430273,-28.33322053,0.815848747,0.224922387,120,48,0.03,3.276841022,0.05,0.62,1191.2,0.0187,1251.2,0.5,1.4,0.2,0.5,0.42,0.25,0.02,0.01,0.45,0.072,331.5,1.209,0.071907904,21,,,,,
16,18,5.750299765,-28.39178641,0.929362571,0.224922387,140,56,0.03,3.822981193,0.05,0.62,1191.2,0.0187,1251.2,0.45,1.35,0.25,0.5,0.3796875,0.25,0.02,0.01,0.34,0.06455,1656.5,0.97675,0.064357285,22,,,,,
16,19,6.052448474,-29.99426161,0.929362571,0.224922387,140,56,0.03,3.822981193,0.05,0.62,1191.2,0.0187,1251.2,0.4,1.3,0.3,0.5,0.338,0.25,0.02,0.01,0.23,0.0571,2981.5,0.7445,0.056806665,23,,,,,
16,20,5.684366306,-28.3646404,0.815848747,0.224922387,120,48,0.03,3.276841022,0.05,0.62,1191.2,0.0187,1251.2,0.5,1.4,0.2,0.5,0.42,0.25,0.02,0.01,0.45,0.072,331.5,1.209,0.071907904,21,,,,,
16,21,5.859065085,-29.31030379,0.929362571,0.224922387,140,56,0.03,3.822981193,0.05,0.62,1191.2,0.0187,1251.2,0.45,1.35,0.25,0.5,0.3796875,0.25,0.02,0.01,0.34,0.06455,1656.5,0.97675,0.064357285,22,,,,,
16,22,0,0,0,0,0,0,0,0,0.05,0.62,1191.2,0.0187,1251.2,,,,,0,0.25,0.02,0.01,,,,,,,,,,,
16,23,0,0,0,0,0,0,0,0,0.05,0.62,1191.2,0.0187,1251.2,,,,,0,0.25,0.02,0.01,,,,,,,,,,,
16,24,0,0,0,0,0,0,0,0,0.05,0.62,1191.2,0.0187,1251.2,,,,,0,0.25,0.02,0.01,,,,,,,,,,,
16,25,0,0,0,0,0,0,0,0,0.05,0.62,1191.2,0.0187,1251.2,,,,,0,0.25,0.02,0.01,,,,,,,,,,,
16,26,0,0,0,0,0,0,0,0,0.05,0.62,1191.2,0.0187,1251.2,,,,,0,0.25,0.02,0.01,,,,,,,,,,,
