Dummy,Dummy,Dummy,1
1,1,1,0.1
1,1,2,0.096673752
1,1,3,0.087765043
1,1,4,0.088778711
1,1,5,0.081832364
1,1,6,0.084552325
1,1,7,0.078488975
1,1,8,0.080822427
1,1,9,0.074269276
1,1,10,0.079332319
1,1,11,0.076004032
1,1,12,0.079560021
1,1,13,0.07295806
1,1,14,0.079851883
1,1,15,0.074774939
1,1,16,0.069652715
1,1,17,0.082508004
1,1,18,0.063874903
1,1,19,0.056130987
1,1,20,0.038092566
1,2,1,0.1
1,2,2,0.09093815
1,2,3,0.090700721
1,2,4,0.083692171
1,2,5,0.078997701
1,2,6,0.080113783
1,2,7,0.075128867
1,2,8,0.065725824
1,2,9,0.0674582
1,2,10,0.070504053
1,2,11,0.067972896
1,2,12,0.06267536
1,2,13,0.058699327
1,2,14,0.079614852
1,2,15,0.050007443
1,2,16,0.049671352
1,2,17,0.040049349
1,2,18,0.041503676
1,2,19,0.042588685
1,2,20,0.04326014
1,3,1,0.1
1,3,2,0.081488278
1,3,3,0.082057385
1,3,4,0.075277151
1,3,5,0.074534913
1,3,6,0.068608686
1,3,7,0.069302567
1,3,8,0.063279227
1,3,9,0.068666388
1,3,10,0.056509423
1,3,11,0.057591437
1,3,12,0.057768494
1,3,13,0.054181649
1,3,14,0.075404257
1,3,15,0.052233916
1,3,16,0.075751299
1,3,17,0.053242389
1,3,18,0.041973956
1,3,19,0.034514023
1,3,20,0.029113265
1,4,1,0.1
1,4,2,0.098978018
1,4,3,0.090624041
1,4,4,0.092332953
1,4,5,0.085562497
1,4,6,0.088934709
1,4,7,0.083181601
1,4,8,0.08593527
1,4,9,0.079496505
1,4,10,0.085507487
1,4,11,0.082118682
1,4,12,0.086275356
1,4,13,0.079939112
1,4,14,0.087178651
1,4,15,0.082148474
1,4,16,0.078136545
1,4,17,0.089740828
1,4,18,0.070587765
1,4,19,0.06347815
1,4,20,0.043004897
1,5,1,0.1
1,5,2,0.083285706
1,5,3,0.083953858
1,5,4,0.078669703
1,5,5,0.078234967
1,5,6,0.072603252
1,5,7,0.073304874
1,5,8,0.067298004
1,5,9,0.066329999
1,5,10,0.067211487
1,5,11,0.069037169
1,5,12,0.064401986
1,5,13,0.058564166
1,5,14,0.081108572
1,5,15,0.082669057
1,5,16,0.063193064
1,5,17,0.047822029
1,5,18,0.048387447
1,5,19,0.048790463
1,5,20,0.04926336
1,6,1,0.1
1,6,2,0.082512673
1,6,3,0.083383763
1,6,4,0.077020688
1,6,5,0.076137162
1,6,6,0.070887555
1,6,7,0.071236088
1,6,8,0.06497053
1,6,9,0.072775084
1,6,10,0.059974608
1,6,11,0.057248626
1,6,12,0.064601558
1,6,13,0.054234979
1,6,14,0.077275049
1,6,15,0.055112305
1,6,16,0.05501225
1,6,17,0.060650178
1,6,18,0.046701205
1,6,19,0.038222688
1,6,20,0.032166119
1,7,1,0.1
1,7,2,0.064577583
1,7,3,0.06132736
1,7,4,0.060777327
1,7,5,0.056873912
1,7,6,0.057636983
1,7,7,0.052003623
1,7,8,0.052898683
1,7,9,0.054673298
1,7,10,0.051404365
1,7,11,0.046091915
1,7,12,0.048872729
1,7,13,0.053927287
1,7,14,0.044939945
1,7,15,0.037014698
1,7,16,0.031791223
1,7,17,0.037878056
1,7,18,0.039326914
1,7,19,0.040056588
1,7,20,0.040189001
1,8,1,0.1
1,8,2,0.08384023
1,8,3,0.078636163
1,8,4,0.074573407
1,8,5,0.079045525
1,8,6,0.073945985
1,8,7,0.066598046
1,8,8,0.064733805
1,8,9,0.069127102
1,8,10,0.069620112
1,8,11,0.065925159
1,8,12,0.064726931
1,8,13,0.071662689
1,8,14,0.060874168
1,8,15,0.051026835
1,8,16,0.042432721
1,8,17,0.04469929
1,8,18,0.045994093
1,8,19,0.046703148
1,8,20,0.046703148
1,9,1,0.1
1,9,2,0.084087079
1,9,3,0.080478897
1,9,4,0.080101464
1,9,5,0.074032887
1,9,6,0.079388395
1,9,7,0.070804944
1,9,8,0.073089654
1,9,9,0.065767357
1,9,10,0.064847865
1,9,11,0.063966472
1,9,12,0.068214577
1,9,13,0.068214577
1,9,14,0.05929114
1,9,15,0.048061329
1,9,16,0.065767751
1,9,17,0.054645077
1,9,18,0.0467851
1,9,19,0.0467851
1,9,20,0.0467851
1,10,1,0.1
1,10,2,0.078046493
1,10,3,0.077430199
1,10,4,0.072841521
1,10,5,0.07205943
1,10,6,0.066710762
1,10,7,0.066461063
1,10,8,0.063764138
1,10,9,0.061889435
1,10,10,0.058906614
1,10,11,0.060499923
1,10,12,0.055868175
1,10,13,0.056893838
1,10,14,0.049068646
1,10,15,0.055912512
1,10,16,0.04630262
1,10,17,0.040493766
1,10,18,0.041025745
1,10,19,0.041323112
1,10,20,0.041414548
1,11,1,0.1
1,11,2,0.070284534
1,11,3,0.067051493
1,11,4,0.066561377
1,11,5,0.06209604
1,11,6,0.06362414
1,11,7,0.056389931
1,11,8,0.058519968
1,11,9,0.059446575
1,11,10,0.054893742
1,11,11,0.055045421
1,11,12,0.054315195
1,11,13,0.05655594
1,11,14,0.047652834
1,11,15,0.039367595
1,11,16,0.041550106
1,11,17,0.043344922
1,11,18,0.046631985
1,11,19,0.050239264
1,11,20,0.053057168
1,12,1,0.1
1,12,2,0.049171015
1,12,3,0.046744832
1,12,4,0.04481582
1,12,5,0.047400324
1,12,6,0.043142526
1,12,7,0.044847739
1,12,8,0.039037751
1,12,9,0.041367101
1,12,10,0.041132276
1,12,11,0.041056963
1,12,12,0.040486183
1,12,13,0.046426682
1,12,14,0.032360074
1,12,15,0.041236089
1,12,16,0.032574082
1,12,17,0.027521119
1,12,18,0.027872926
1,12,19,0.028111371
1,12,20,0.02827792
1,13,1,0.1
1,13,2,0.079372414
1,13,3,0.075858176
1,13,4,0.0757724
1,13,5,0.071392014
1,13,6,0.072532488
1,13,7,0.065669801
1,13,8,0.067821699
1,13,9,0.076363159
1,13,10,0.062351552
1,13,11,0.061858593
1,13,12,0.060948509
1,13,13,0.063984652
1,13,14,0.060886155
1,13,15,0.049945974
1,13,16,0.042486699
1,13,17,0.060172047
1,13,18,0.049422935
1,13,19,0.049422935
1,13,20,0.049422935
1,14,1,0.1
1,14,2,0.075298296
1,14,3,0.076080781
1,14,4,0.073574822
1,14,5,0.074045696
1,14,6,0.070239621
1,14,7,0.070195307
1,14,8,0.070324303
1,14,9,0.072356365
1,14,10,0.064442919
1,14,11,0.062597438
1,14,12,0.063221204
1,14,13,0.064624084
1,14,14,0.062937122
1,14,15,0.05455638
1,14,16,0.048759453
1,14,17,0.044094136
1,14,18,0.061679439
1,14,19,0.061828674
1,14,20,0.071298573
1,15,1,0.1
1,15,2,0.092839743
1,15,3,0.086169297
1,15,4,0.082901257
1,15,5,0.078816606
1,15,6,0.07836577
1,15,7,0.075257621
1,15,8,0.075306048
1,15,9,0.073360328
1,15,10,0.072543528
1,15,11,0.071640262
1,15,12,0.070806169
1,15,13,0.069782675
1,15,14,0.07034836
1,15,15,0.076022525
1,15,16,0.058791199
1,15,17,0.048250872
1,15,18,0.040964253
1,15,19,0.035362401
1,15,20,0.029352664
1,16,1,0.1
1,16,2,0.077770058
1,16,3,0.078142731
1,16,4,0.074757452
1,16,5,0.073504537
1,16,6,0.069720073
1,16,7,0.070311481
1,16,8,0.065991674
1,16,9,0.063924005
1,16,10,0.062404948
1,16,11,0.063732101
1,16,12,0.057028193
1,16,13,0.049929794
1,16,14,0.045853277
1,16,15,0.046874473
1,16,16,0.050762066
1,16,17,0.085854856
1,16,18,0.088943979
1,16,19,0.090351479
1,16,20,0.142721001
1,17,1,0.1
1,17,2,0.083144273
1,17,3,0.083879632
1,17,4,0.079192289
1,17,5,0.078462916
1,17,6,0.074619222
1,17,7,0.071218134
1,17,8,0.071384754
1,17,9,0.07413673
1,17,10,0.064516947
1,17,11,0.065480263
1,17,12,0.063287967
1,17,13,0.056037107
1,17,14,0.055574922
1,17,15,0.047869911
1,17,16,0.048923488
1,17,17,0.049574368
1,17,18,0.067316407
1,17,19,0.067801276
1,17,20,0.069450696
1,18,1,0.1
1,18,2,0.074745827
1,18,3,0.074373435
1,18,4,0.070104264
1,18,5,0.068405295
1,18,6,0.066749676
1,18,7,0.065217002
1,18,8,0.064758521
1,18,9,0.060104804
1,18,10,0.057007533
1,18,11,0.055075385
1,18,12,0.058827001
1,18,13,0.051334029
1,18,14,0.045264256
1,18,15,0.041153214
1,18,16,0.037588778
1,18,17,0.037269316
1,18,18,0.052657049
1,18,19,0.053494473
1,18,20,0.055524164
1,19,1,0.1
1,19,2,0.072165319
1,19,3,0.071744326
1,19,4,0.071182263
1,19,5,0.06664713
1,19,6,0.065028687
1,19,7,0.062355174
1,19,8,0.06167039
1,19,9,0.060031675
1,19,10,0.059819423
1,19,11,0.059608574
1,19,12,0.053590137
1,19,13,0.048529174
1,19,14,0.045671936
1,19,15,0.039505939
1,19,16,0.041717807
1,19,17,0.044485886
1,19,18,0.047941185
1,19,19,0.050934692
1,19,20,0.054623034
1,20,1,0.1
1,20,2,0.076463049
1,20,3,0.071340617
1,20,4,0.070874687
1,20,5,0.063776957
1,20,6,0.065528758
1,20,7,0.067725806
1,20,8,0.055899175
1,20,9,0.0603873
1,20,10,0.061588183
1,20,11,0.058138861
1,20,12,0.059195262
1,20,13,0.059711692
1,20,14,0.045683286
1,20,15,0.052423043
1,20,16,0.042489421
1,20,17,0.036180455
1,20,18,0.03670879
1,20,19,0.0368693
1,20,20,0.037024289
1,21,1,0.1
1,21,2,0.075476106
1,21,3,0.07129039
1,21,4,0.06745914
1,21,5,0.064500944
1,21,6,0.06406986
1,21,7,0.062874943
1,21,8,0.063123095
1,21,9,0.061343648
1,21,10,0.061025256
1,21,11,0.057098099
1,21,12,0.055221371
1,21,13,0.056544964
1,21,14,0.04657134
1,21,15,0.038886662
1,21,16,0.04256727
1,21,17,0.045368261
1,21,18,0.050744273
1,21,19,0.0560718
1,21,20,0.061486738
1,22,1,0.1
1,22,2,0.076488241
1,22,3,0.072099872
1,22,4,0.071154966
1,22,5,0.065416231
1,22,6,0.067100046
1,22,7,0.059840277
1,22,8,0.058426299
1,22,9,0.060777563
1,22,10,0.059730477
1,22,11,0.057969514
1,22,12,0.05328386
1,22,13,0.054345005
1,22,14,0.050197753
1,22,15,0.04454526
1,22,16,0.037913639
1,22,17,0.038749705
1,22,18,0.040174841
1,22,19,0.041380677
1,22,20,0.042029936
2,1,1,0.1
2,1,2,0.100527647
2,1,3,0.092451798
2,1,4,0.093027926
2,1,5,0.086539029
2,1,6,0.088988051
2,1,7,0.083161417
2,1,8,0.085743012
2,1,9,0.07954102
2,1,10,0.084305012
2,1,11,0.081932401
2,1,12,0.085095083
2,1,13,0.078389249
2,1,14,0.086964973
2,1,15,0.082350315
2,1,16,0.07441245
2,1,17,0.096793747
2,1,18,0.074189273
2,1,19,0.061865872
2,1,20,0.043334857
2,2,1,0.1
2,2,2,0.081262598
2,2,3,0.080206142
2,2,4,0.081860068
2,2,5,0.079491443
2,2,6,0.080360574
2,2,7,0.077858128
2,2,8,0.079596323
2,2,9,0.077337853
2,2,10,0.080697605
2,2,11,0.076390771
2,2,12,0.074757134
2,2,13,0.074184136
2,2,14,0.073333243
2,2,15,0.076131385
2,2,16,0.071667822
2,2,17,0.077837477
2,2,18,0.066943604
2,2,19,0.066323045
2,2,20,0.058936392
2,3,1,0.1
2,3,2,0.087681908
2,3,3,0.086879408
2,3,4,0.08388062
2,3,5,0.087019563
2,3,6,0.081652925
2,3,7,0.083721808
2,3,8,0.078659992
2,3,9,0.082954748
2,3,10,0.079504293
2,3,11,0.081293151
2,3,12,0.077170708
2,3,13,0.078393044
2,3,14,0.07587468
2,3,15,0.074783837
2,3,16,0.094390474
2,3,17,0.072545501
2,3,18,0.072017837
2,3,19,0.058526919
2,3,20,0.048822619
2,4,1,0.1
2,4,2,0.085942085
2,4,3,0.084130772
2,4,4,0.083532793
2,4,5,0.083529473
2,4,6,0.083152379
2,4,7,0.084023362
2,4,8,0.084374626
2,4,9,0.084678262
2,4,10,0.084889765
2,4,11,0.082877948
2,4,12,0.077234535
2,4,13,0.074790085
2,4,14,0.072907492
2,4,15,0.07236509
2,4,16,0.082996698
2,4,17,0.097617314
2,4,18,0.11710868
2,4,19,0.134950997
2,4,20,0.172933184
2,5,1,0.1
2,5,2,0.078122664
2,5,3,0.079039114
2,5,4,0.079204049
2,5,5,0.079376032
2,5,6,0.079339583
2,5,7,0.078405362
2,5,8,0.078347165
2,5,9,0.079187731
2,5,10,0.075039872
2,5,11,0.08104961
2,5,12,0.070339096
2,5,13,0.071243956
2,5,14,0.071827043
2,5,15,0.069369931
2,5,16,0.074676901
2,5,17,0.079761756
2,5,18,0.086817603
2,5,19,0.119156517
2,5,20,0.15275588
2,6,1,0.1
2,6,2,0.080666146
2,6,3,0.080460619
2,6,4,0.08088724
2,6,5,0.081607426
2,6,6,0.080648361
2,6,7,0.080587909
2,6,8,0.080551237
2,6,9,0.078385664
2,6,10,0.076494113
2,6,11,0.087375499
2,6,12,0.070702762
2,6,13,0.068048412
2,6,14,0.074974971
2,6,15,0.08159471
2,6,16,0.090823305
2,6,17,0.102650313
2,6,18,0.115408214
2,6,19,0.155982933
2,6,20,0.249280872
3,1,1,0.1
3,1,2,0.100441029
3,1,3,0.153878021
3,1,4,0.131251654
3,1,5,0.124805604
3,1,6,0.13354938
3,1,7,0.15260175
3,1,8,0.142002925
3,1,9,0.131456057
3,1,10,0.153630337
3,1,11,0.18902561
3,1,12,0.171201375
3,1,13,0.155761259
3,1,14,0.147655255
3,1,15,0.17027563
3,1,16,0.098496814
3,1,17,0.079367491
3,1,18,0.083679458
3,1,19,0.07740187
3,1,20,0.040119416
3,3,1,0.1
3,3,2,0.102776738
3,3,3,0.106130392
3,3,4,0.109246195
3,3,5,0.11147851
3,3,6,0.113462312
3,3,7,0.115247722
3,3,8,0.116249402
3,3,9,0.116659859
3,3,10,0.1160648
3,3,11,0.116103117
3,3,12,0.111719433
3,3,13,0.105693118
3,3,14,0.120390661
3,3,15,0.11790655
3,3,16,0.11724762
3,3,17,0.117550705
3,3,18,0.123399103
3,3,19,0.134754381
3,3,20,0.116792285
3,4,1,0.1
3,4,2,0.097690182
3,4,3,0.102434506
3,4,4,0.107127959
3,4,5,0.108358133
3,4,6,0.111972356
3,4,7,0.111479556
3,4,8,0.114098605
3,4,9,0.114721473
3,4,10,0.110502517
3,4,11,0.122076908
3,4,12,0.105404747
3,4,13,0.11765529
3,4,14,0.098994935
3,4,15,0.110843631
3,4,16,0.132500421
3,4,17,0.14513583
3,4,18,0.156183239
3,4,19,0.156183239
3,4,20,0.441233532
4,1,1,0.1
4,1,2,0.096173829
4,1,3,0.096982625
4,1,4,0.097646478
4,1,5,0.0999853
4,1,6,0.097680337
4,1,7,0.096305968
4,1,8,0.096448728
4,1,9,0.095190318
4,1,10,0.095749409
4,1,11,0.091779868
4,1,12,0.101880491
4,1,13,0.089012815
4,1,14,0.086827167
4,1,15,0.083014086
4,1,16,0.090632644
4,1,17,0.101332325
4,1,18,0.116302301
4,1,19,0.149807729
4,1,20,0.198031659
4,2,1,0.1
4,2,2,0.097143761
4,2,3,0.096785926
4,2,4,0.094679013
4,2,5,0.093475834
4,2,6,0.093324792
4,2,7,0.092421187
4,2,8,0.094876252
4,2,9,0.095186226
4,2,10,0.092684388
4,2,11,0.091539724
4,2,12,0.089601013
4,2,13,0.088069043
4,2,14,0.087916038
4,2,15,0.086443362
4,2,16,0.084160575
4,2,17,0.080579498
4,2,18,0.093253896
4,2,19,0.111216143
4,2,20,0.140811585
4,3,1,0.1
4,3,2,0.091331847
4,3,3,0.091730733
4,3,4,0.092492342
4,3,5,0.094073254
4,3,6,0.092450135
4,3,7,0.091457843
4,3,8,0.091227556
4,3,9,0.091069523
4,3,10,0.091418747
4,3,11,0.091446551
4,3,12,0.085754235
4,3,13,0.085136942
4,3,14,0.082433725
4,3,15,0.078528649
4,3,16,0.0857263
4,3,17,0.096644596
4,3,18,0.113318905
4,3,19,0.135240705
4,3,20,0.18086735
4,4,1,0.1
4,4,2,0.103610259
4,4,3,0.105416289
4,4,4,0.106400462
4,4,5,0.107898143
4,4,6,0.105675173
4,4,7,0.104233998
4,4,8,0.104483351
4,4,9,0.10436379
4,4,10,0.104514374
4,4,11,0.103923468
4,4,12,0.098726592
4,4,13,0.097162167
4,4,14,0.093784635
4,4,15,0.089600657
4,4,16,0.098474443
4,4,17,0.11037102
4,4,18,0.126267139
4,4,19,0.153191361
4,4,20,0.206422619
4,5,1,0.1
4,5,2,0.102704784
4,5,3,0.101440605
4,5,4,0.102063386
4,5,5,0.102799567
4,5,6,0.104623961
4,5,7,0.103433766
4,5,8,0.103278351
4,5,9,0.102970624
4,5,10,0.103295969
4,5,11,0.100576349
4,5,12,0.096172256
4,5,13,0.09691309
4,5,14,0.093772328
4,5,15,0.090464062
4,5,16,0.090233185
4,5,17,0.087836113
4,5,18,0.086483268
4,5,19,0.102594269
4,5,20,0.11674609
4,6,1,0.1
4,6,2,0.102855537
4,6,3,0.105907211
4,6,4,0.105531934
4,6,5,0.105706113
4,6,6,0.105143848
4,6,7,0.104543438
4,6,8,0.104970305
4,6,9,0.105133659
4,6,10,0.1052166
4,6,11,0.104149499
4,6,12,0.099731088
4,6,13,0.095840125
4,6,14,0.09313115
4,6,15,0.091328232
4,6,16,0.089613393
4,6,17,0.100048469
4,6,18,0.113588842
4,6,19,0.135208755
4,6,20,0.165716501
4,7,1,0.1
4,7,2,0.073483911
4,7,3,0.073848508
4,7,4,0.073558991
4,7,5,0.074071114
4,7,6,0.074920026
4,7,7,0.073275849
4,7,8,0.072318677
4,7,9,0.072460862
4,7,10,0.073595385
4,7,11,0.064740586
4,7,12,0.069277522
4,7,13,0.073689688
4,7,14,0.073689688
4,7,15,0.076231417
4,7,16,0.077458177
4,7,17,0.077458177
4,7,18,0.162525211
4,7,19,1
4,7,20,1
4,8,1,0.1
4,8,2,0.076105138
4,8,3,0.077264141
4,8,4,0.07750564
4,8,5,0.07775736
4,8,6,0.077435879
4,8,7,0.076667153
4,8,8,0.077269199
4,8,9,0.077880776
4,8,10,0.072843924
4,8,11,0.070939603
4,8,12,0.073629337
4,8,13,0.076522642
4,8,14,0.079273849
4,8,15,0.082748033
4,8,16,0.118056619
4,8,17,0.118056619
4,8,18,1
4,8,19,1
4,8,20,1
4,9,1,0.1
4,9,2,0.082036886
4,9,3,0.082456181
4,9,4,0.083221453
4,9,5,0.083610279
4,9,6,0.083421984
4,9,7,0.082755058
4,9,8,0.081552132
4,9,9,0.083749119
4,9,10,0.078156096
4,9,11,0.070299486
4,9,12,0.080820157
4,9,13,0.09554926
4,9,14,0.099086721
4,9,15,0.103638503
4,9,16,0.109301432
4,9,17,0.169130765
4,9,18,1
4,9,19,1
4,9,20,1
4,10,1,0.1
4,10,2,0.090602201
4,10,3,0.09136207
4,10,4,0.09191449
4,10,5,0.093337776
4,10,6,0.092703282
4,10,7,0.092576074
4,10,8,0.090026652
4,10,9,0.090929102
4,10,10,0.090430159
4,10,11,0.086075234
4,10,12,0.096337925
4,10,13,0.082790269
4,10,14,0.081862314
4,10,15,0.079257618
4,10,16,0.085452058
4,10,17,0.095660981
4,10,18,0.110454181
4,10,19,0.141829692
4,10,20,0.19159837
4,11,1,0.1
4,11,2,0.083688908
4,11,3,0.084845535
4,11,4,0.085341141
4,11,5,0.085803355
4,11,6,0.085040997
4,11,7,0.084301365
4,11,8,0.083463656
4,11,9,0.085224776
4,11,10,0.084022843
4,11,11,0.08010687
4,11,12,0.088686313
4,11,13,0.074967573
4,11,14,0.072214584
4,11,15,0.077899484
4,11,16,0.085092428
4,11,17,0.101091056
4,11,18,0.125726568
4,11,19,0.172510653
4,11,20,0.260273443
4,12,1,0.1
4,12,2,0.092305818
4,12,3,0.091881652
4,12,4,0.092497958
4,12,5,0.092880467
4,12,6,0.092971733
4,12,7,0.093680737
4,12,8,0.09154733
4,12,9,0.090519605
4,12,10,0.091510784
4,12,11,0.089679899
4,12,12,0.077067179
4,12,13,0.086682485
4,12,14,0.09484968
4,12,15,0.103944966
4,12,16,0.116165461
4,12,17,0.133052417
4,12,18,0.173662926
4,12,19,0.236057011
4,12,20,1
4,13,1,0.1
4,13,2,0.082768417
4,13,3,0.082719053
4,13,4,0.083325015
4,13,5,0.083357252
4,13,6,0.083979835
4,13,7,0.083826048
4,13,8,0.083398951
4,13,9,0.081203031
4,13,10,0.083398983
4,13,11,0.070892772
4,13,12,0.07662155
4,13,13,0.08394027
4,13,14,0.097936346
4,13,15,0.119084301
4,13,16,0.124392495
4,13,17,0.141505509
4,13,18,0.227728485
4,13,19,1
4,13,20,1
4,14,1,0.1
4,14,2,0.089870656
4,14,3,0.091331726
4,14,4,0.090848709
4,14,5,0.090240438
4,14,6,0.091577336
4,14,7,0.092416469
4,14,8,0.08909087
4,14,9,0.090837987
4,14,10,0.091011608
4,14,11,0.089843027
4,14,12,0.084231144
4,14,13,0.081580124
4,14,14,0.080898392
4,14,15,0.079179569
4,14,16,0.085736069
4,14,17,0.097256658
4,14,18,0.114018031
4,14,19,0.138562002
4,14,20,0.181280607
4,15,1,0.1
4,15,2,0.076037819
4,15,3,0.075765629
4,15,4,0.075723096
4,15,5,0.075279609
4,15,6,0.076259658
4,15,7,0.077869216
4,15,8,0.074736429
4,15,9,0.075132395
4,15,10,0.077046441
4,15,11,0.073910562
4,15,12,0.063385507
4,15,13,0.067257219
4,15,14,0.077907033
4,15,15,0.091712305
4,15,16,0.099995868
4,15,17,0.119395206
4,15,18,0.172896218
4,15,19,0.2448334
4,15,20,1
4,16,1,0.1
4,16,2,0.086475626
4,16,3,0.085257252
4,16,4,0.084956985
4,16,5,0.084441127
4,16,6,0.084331268
4,16,7,0.082885914
4,16,8,0.083191607
4,16,9,0.084416009
4,16,10,0.083272176
4,16,11,0.083307531
4,16,12,0.079558091
4,16,13,0.073056921
4,16,14,0.074422226
4,16,15,0.074422226
4,16,16,0.115953379
4,16,17,0.150194804
4,16,18,0.200662206
4,16,19,0.308650098
4,16,20,1
4,17,1,0.1
4,17,2,0.090451794
4,17,3,0.084813362
4,17,4,0.08519105
4,17,5,0.086917083
4,17,6,0.080667378
4,17,7,0.076139796
4,17,8,0.079934235
4,17,9,0.080642545
4,17,10,0.081163389
4,17,11,0.08242568
4,17,12,0.079601015
4,17,13,0.077367409
4,17,14,0.07884808
4,17,15,0.075335693
4,17,16,0.073073821
4,17,17,0.069856489
4,17,18,0.064320719
4,17,19,0.071814823
4,17,20,0.082103089
4,18,1,0.1
4,18,2,0.078486367
4,18,3,0.077180162
4,18,4,0.076966635
4,18,5,0.0761689
4,18,6,0.076047207
4,18,7,0.075175902
4,18,8,0.074040284
4,18,9,0.076018551
4,18,10,0.075336195
4,18,11,0.075529396
4,18,12,0.072505158
4,18,13,0.065668672
4,18,14,0.067318992
4,18,15,0.06930142
4,18,16,0.098313432
4,18,17,0.131508909
4,18,18,0.186242887
4,18,19,0.280195967
4,18,20,1
5,1,1,0.1
5,1,2,0.101402739
5,1,3,0.10335459
5,1,4,0.103943185
5,1,5,0.103493219
5,1,6,0.102965239
5,1,7,0.102222573
5,1,8,0.10180052
5,1,9,0.099198202
5,1,10,0.100210227
5,1,11,0.097428996
5,1,12,0.090507103
5,1,13,0.087460719
5,1,14,0.08522466
5,1,15,0.082480624
5,1,16,0.083443465
5,1,17,0.089999902
5,1,18,0.111641945
5,1,19,0.121177923
5,1,20,0.168854672
5,2,1,0.1
5,2,2,0.110994868
5,2,3,0.118261135
5,2,4,0.119318298
5,2,5,0.121896412
5,2,6,0.121395466
5,2,7,0.119909972
5,2,8,0.122084792
5,2,9,0.118198962
5,2,10,0.122306189
5,2,11,0.112603686
5,2,12,0.10353577
5,2,13,0.100882211
5,2,14,0.099610555
5,2,15,0.097132635
5,2,16,0.10772888
5,2,17,0.122088581
5,2,18,0.135693859
5,2,19,0.154880253
5,2,20,0.160197714
5,3,1,0.1
5,3,2,0.100345179
5,3,3,0.101240055
5,3,4,0.101652411
5,3,5,0.101181361
5,3,6,0.101445752
5,3,7,0.100373885
5,3,8,0.099062272
5,3,9,0.099173797
5,3,10,0.098320168
5,3,11,0.092529283
5,3,12,0.090508808
5,3,13,0.086646074
5,3,14,0.08234833
5,3,15,0.0868537
5,3,16,0.098143543
5,3,17,0.109527683
5,3,18,0.115663354
5,3,19,0.141327572
5,3,20,0.193989481
5,4,1,0.1
5,4,2,0.099748392
5,4,3,0.100749668
5,4,4,0.101902877
5,4,5,0.101178328
5,4,6,0.100329016
5,4,7,0.100573237
5,4,8,0.100395169
5,4,9,0.096371534
5,4,10,0.099703178
5,4,11,0.093218648
5,4,12,0.088585731
5,4,13,0.085788328
5,4,14,0.081154196
5,4,15,0.087672273
5,4,16,0.094769836
5,4,17,0.106061472
5,4,18,0.119726437
5,4,19,0.134567611
5,4,20,0.165027615
5,5,1,0.1
5,5,2,0.094995632
5,5,3,0.096161837
5,5,4,0.097610698
5,5,5,0.095343827
5,5,6,0.095683587
5,5,7,0.094868233
5,5,8,0.09431977
5,5,9,0.089866465
5,5,10,0.096864803
5,5,11,0.086068363
5,5,12,0.078034152
5,5,13,0.085193024
5,5,14,0.090126866
5,5,15,0.095662426
5,5,16,0.105290848
5,5,17,0.118842303
5,5,18,0.135868623
5,5,19,0.162101659
5,5,20,0.230914157
5,6,1,0.1
5,6,2,0.089025949
5,6,3,0.090900163
5,6,4,0.091081935
5,6,5,0.090503543
5,6,6,0.090297543
5,6,7,0.090171369
5,6,8,0.088102331
5,6,9,0.088210467
5,6,10,0.086878464
5,6,11,0.085167701
5,6,12,0.075781835
5,6,13,0.074683201
5,6,14,0.079155812
5,6,15,0.082293094
5,6,16,0.085367552
5,6,17,0.091532582
5,6,18,0.102421492
5,6,19,0.122053654
5,6,20,0.207883025
5,7,1,0.1
5,7,2,0.084063902
5,7,3,0.085454504
5,7,4,0.086089556
5,7,5,0.085158568
5,7,6,0.085293075
5,7,7,0.084192835
5,7,8,0.083707665
5,7,9,0.083161032
5,7,10,0.08090669
5,7,11,0.06870281
5,7,12,0.077203822
5,7,13,0.083150622
5,7,14,0.08923377
5,7,15,0.094073265
5,7,16,0.098336792
5,7,17,0.107618776
5,7,18,0.121792994
5,7,19,0.232896578
5,7,20,0.368159678
6,1,1,0.1
6,1,2,0.101597886
6,1,3,0.101359674
6,1,4,0.101482473
6,1,5,0.102130687
6,1,6,0.102610408
6,1,7,0.103164396
6,1,8,0.099775342
6,1,9,0.097961611
6,1,10,0.095414149
6,1,11,0.095545077
6,1,12,0.093734957
6,1,13,0.091451978
6,1,14,0.089540028
6,1,15,0.087804491
6,1,16,0.08432781
6,1,17,0.080364074
6,1,18,0.077035778
6,1,19,0.074874515
6,1,20,0.07371236
6,2,1,0.1
6,2,2,0.099641777
6,2,3,0.098479074
6,2,4,0.095720136
6,2,5,0.094113328
6,2,6,0.09344511
6,2,7,0.091053696
6,2,8,0.088217556
6,2,9,0.090002115
6,2,10,0.08931626
6,2,11,0.091682121
6,2,12,0.086920692
6,2,13,0.085734798
6,2,14,0.081579686
6,2,15,0.078553811
6,2,16,0.079238168
6,2,17,0.081025752
6,2,18,0.077973889
6,2,19,0.081067127
6,2,20,0.080468801
6,3,1,0.1
6,3,2,0.098936312
6,3,3,0.099108968
6,3,4,0.098781689
6,3,5,0.098353347
6,3,6,0.098354997
6,3,7,0.098408888
6,3,8,0.096539126
6,3,9,0.099490183
6,3,10,0.092215364
6,3,11,0.092625037
6,3,12,0.092853521
6,3,13,0.087704291
6,3,14,0.085042295
6,3,15,0.083491663
6,3,16,0.081909795
6,3,17,0.081735337
6,3,18,0.078925281
6,3,19,0.078119355
6,3,20,0.077195739
6,4,1,0.1
6,4,2,0.095861478
6,4,3,0.095050731
6,4,4,0.092954454
6,4,5,0.093773871
6,4,6,0.093086864
6,4,7,0.0915732
6,4,8,0.091268123
6,4,9,0.086665938
6,4,10,0.090938605
6,4,11,0.097589998
6,4,12,0.087535985
6,4,13,0.08245915
6,4,14,0.082830715
6,4,15,0.078108588
6,4,16,0.076949829
6,4,17,0.072825966
6,4,18,0.068149862
6,4,19,0.066496194
6,4,20,0.062859118
6,5,1,0.1
6,5,2,0.091517751
6,5,3,0.092013491
6,5,4,0.091728167
6,5,5,0.091030341
6,5,6,0.090616969
6,5,7,0.089717901
6,5,8,0.085146237
6,5,9,0.091929365
6,5,10,0.088701429
6,5,11,0.086681729
6,5,12,0.084007399
6,5,13,0.081073944
6,5,14,0.079106319
6,5,15,0.076289119
6,5,16,0.075275404
6,5,17,0.073844063
6,5,18,0.069702147
6,5,19,0.073716344
6,5,20,0.074493637
6,7,1,0.1
6,7,2,0.098477321
6,7,3,0.09888187
6,7,4,0.098892486
6,7,5,0.098767042
6,7,6,0.098797329
6,7,7,0.100516765
6,7,8,0.095258529
6,7,9,0.097087494
6,7,10,0.096812237
6,7,11,0.102233922
6,7,12,0.098125541
6,7,13,0.08968407
6,7,14,0.084519599
6,7,15,0.079508511
6,7,16,0.075060671
6,7,17,0.072617856
6,7,18,0.070964643
6,7,19,0.068193724
6,7,20,0.063030464
6,8,1,0.1
6,8,2,0.084306964
6,8,3,0.084452846
6,8,4,0.083814088
6,8,5,0.082512359
6,8,6,0.082031968
6,8,7,0.080686653
6,8,8,0.078802854
6,8,9,0.08111895
6,8,10,0.07702177
6,8,11,0.08455703
6,8,12,0.074495551
6,8,13,0.072302709
6,8,14,0.0707277
6,8,15,0.069046691
6,8,16,0.067800247
6,8,17,0.068646492
6,8,18,0.0733079
6,8,19,0.077798877
6,8,20,0.077667891
7,1,1,0.1
7,1,2,0.086867619
7,1,3,0.08709305
7,1,4,0.086520879
7,1,5,0.085816366
7,1,6,0.084482864
7,1,7,0.083846422
7,1,8,0.084501911
7,1,9,0.081634332
7,1,10,0.083387685
7,1,11,0.078451173
7,1,12,0.089155708
7,1,13,0.078081639
7,1,14,0.073154618
7,1,15,0.070952169
7,1,16,0.06679041
7,1,17,0.07206556
7,1,18,0.078661438
7,1,19,0.087003335
7,1,20,0.098820399
7,2,1,0.1
7,2,2,0.098357749
7,2,3,0.098733503
7,2,4,0.098320789
7,2,5,0.097464184
7,2,6,0.096494228
7,2,7,0.096104552
7,2,8,0.094883302
7,2,9,0.09408994
7,2,10,0.091745636
7,2,11,0.097065116
7,2,12,0.08645065
7,2,13,0.086681727
7,2,14,0.081840427
7,2,15,0.078127211
7,2,16,0.085631252
7,2,17,0.094833807
7,2,18,0.108398132
7,2,19,0.133089312
7,2,20,0.15826631
7,3,1,0.1
7,3,2,0.089309736
7,3,3,0.088255083
7,3,4,0.08750231
7,3,5,0.086503835
7,3,6,0.085707643
7,3,7,0.08523025
7,3,8,0.084605302
7,3,9,0.084856072
7,3,10,0.07922207
7,3,11,0.087440581
7,3,12,0.082843893
7,3,13,0.077038876
7,3,14,0.073456576
7,3,15,0.069471379
7,3,16,0.076834969
7,3,17,0.086319332
7,3,18,0.098141912
7,3,19,0.107558894
7,3,20,0.13617641
8,1,1,0.1
8,1,2,0.088440869
8,1,3,0.088402901
8,1,4,0.087010553
8,1,5,0.084682238
8,1,6,0.091097717
8,1,7,0.087717997
8,1,8,0.088054541
8,1,9,0.088427524
8,1,10,0.088551314
8,1,11,0.089462781
8,1,12,0.089264352
8,1,13,0.089762055
8,1,14,0.083014354
8,1,15,0.091620561
8,1,16,0.089417975
8,1,17,0.085574249
8,1,18,0.090970792
8,1,19,0.109508528
8,1,20,0.143621501
8,4,1,0.1
8,4,2,0.100242424
8,4,3,0.100739974
8,4,4,0.101086893
8,4,5,0.100289812
8,4,6,0.099955161
8,4,7,0.099664471
8,4,8,0.098434031
8,4,9,0.099863982
8,4,10,0.100968975
8,4,11,0.100332969
8,4,12,0.09572862
8,4,13,0.084452338
8,4,14,0.097842256
8,4,15,0.118322224
8,4,16,0.116543457
8,4,17,0.120923419
8,4,18,0.144306363
8,4,19,0.115278234
8,4,20,0.115278234
9,1,1,0.1
9,1,2,0.096093164
9,1,3,0.093272896
9,1,4,0.086164645
9,1,5,0.086375947
9,1,6,0.081483505
9,1,7,0.08107978
9,1,8,0.079117172
9,1,9,0.0784806
9,1,10,0.078217662
9,1,11,0.079592887
9,1,12,0.079920659
9,1,13,0.080096181
9,1,14,0.079940871
9,1,15,0.078249159
9,1,16,0.078775797
9,1,17,0.07349974
9,1,18,0.079406148
9,1,19,0.063371123
9,1,20,0.040474386
9,3,1,0.1
9,3,2,0.089155757
9,3,3,0.089409979
9,3,4,0.092924306
9,3,5,0.095922444
9,3,6,0.098993891
9,3,7,0.101305179
9,3,8,0.104093248
9,3,9,0.10442463
9,3,10,0.100101845
9,3,11,0.106818176
9,3,12,0.094004476
9,3,13,0.105694317
9,3,14,0.122074537
9,3,15,0.245851946
9,3,16,0.347023496
9,3,17,1
9,3,18,1
9,3,19,1
9,3,20,1
9,4,1,0.1
9,4,2,0.085271444
9,4,3,0.084334896
9,4,4,0.08766234
9,4,5,0.090373386
9,4,6,0.093116082
9,4,7,0.094853247
9,4,8,0.097535062
9,4,9,0.100077896
9,4,10,0.094000683
9,4,11,0.102013888
9,4,12,0.090007001
9,4,13,0.098517764
9,4,14,0.110357965
9,4,15,0.190430428
9,4,16,0.32658918
9,4,17,1
9,4,18,1
9,4,19,1
9,4,20,1
9,5,1,0.1
9,5,2,0.096322358
9,5,3,0.096334778
9,5,4,0.100253671
9,5,5,0.102986731
9,5,6,0.105868961
9,5,7,0.107877003
9,5,8,0.113234395
9,5,9,0.111389498
9,5,10,0.115182379
9,5,11,0.101061364
9,5,12,0.103733527
9,5,13,0.117230637
9,5,14,0.156413571
9,5,15,0.182900128
9,5,16,0.213621741
9,5,17,0.298922362
9,5,18,0.460072759
9,5,19,1
9,5,20,1
10,1,1,0.1
10,1,2,0.102908884
10,1,3,0.102645366
10,1,4,0.092345067
10,1,5,0.096163574
10,1,6,0.0899925
10,1,7,0.09203517
10,1,8,0.08945595
10,1,9,0.088185579
10,1,10,0.086121286
10,1,11,0.093325234
10,1,12,0.091825181
10,1,13,0.091744279
10,1,14,0.093245976
10,1,15,0.088218243
10,1,16,0.101030209
10,1,17,0.080344539
10,1,18,0.121871108
10,1,19,0.07125658
10,1,20,0.043418542
10,3,1,0.1
10,3,2,0.106787824
10,3,3,0.112431955
10,3,4,0.114842824
10,3,5,0.117742902
10,3,6,0.118368292
10,3,7,0.120395667
10,3,8,0.122471024
10,3,9,0.122600924
10,3,10,0.122735423
10,3,11,0.123119606
10,3,12,0.114115485
10,3,13,0.11073501
10,3,14,0.138206959
10,3,15,0.116897119
10,3,16,0.116649334
10,3,17,0.116590763
10,3,18,0.147026864
10,3,19,0.149358557
10,3,20,0.233555942
10,4,1,0.1
10,4,2,0.105416945
10,4,3,0.109508465
10,4,4,0.113061125
10,4,5,0.115361301
10,4,6,0.117849388
10,4,7,0.11983208
10,4,8,0.122322995
10,4,9,0.121229923
10,4,10,0.121896769
10,4,11,0.118757739
10,4,12,0.103451591
10,4,13,0.116772584
10,4,14,0.134801125
10,4,15,0.158665825
10,4,16,0.183251258
10,4,17,0.218778811
10,4,18,0.298043728
10,4,19,1
10,4,20,1
10,5,1,0.1
10,5,2,0.094984899
10,5,3,0.099021943
10,5,4,0.102377704
10,5,5,0.103670377
10,5,6,0.106645809
10,5,7,0.106535358
10,5,8,0.106667131
10,5,9,0.111457278
10,5,10,0.109973551
10,5,11,0.108088732
10,5,12,0.0992691
10,5,13,0.113086971
10,5,14,0.099727253
10,5,15,0.103602826
10,5,16,0.10496298
10,5,17,0.119971135
10,5,18,0.142698228
10,5,19,0.142698228
10,5,20,0.322795662
11,1,1,0.1
11,1,2,0.099542075
11,1,3,0.095244254
11,1,4,0.096449726
11,1,5,0.095499333
11,1,6,0.100506631
11,1,7,0.095816845
11,1,8,0.098671537
11,1,9,0.098317456
11,1,10,0.105384129
11,1,11,0.10081898
11,1,12,0.105285639
11,1,13,0.10641335
11,1,14,0.110578319
11,1,15,0.100281525
11,1,16,0.108176766
11,1,17,0.154713423
11,1,18,0.097880424
11,1,19,0.065177512
11,1,20,0.042555806
11,3,1,0.1
11,3,2,0.110447118
11,3,3,0.115546376
11,3,4,0.119884463
11,3,5,0.122633348
11,3,6,0.125430723
11,3,7,0.126633372
11,3,8,0.12647676
11,3,9,0.128960966
11,3,10,0.129979461
11,3,11,0.121570762
11,3,12,0.134550209
11,3,13,0.117507336
11,3,14,0.129154691
11,3,15,0.134679094
11,3,16,0.126036049
11,3,17,0.116575362
11,3,18,0.116575362
11,3,19,0.116575362
11,3,20,0.274792955
11,4,1,0.1
11,4,2,0.111270976
11,4,3,0.116698922
11,4,4,0.121052489
11,4,5,0.124286903
11,4,6,0.127519477
11,4,7,0.129360608
11,4,8,0.12833192
11,4,9,0.130625634
11,4,10,0.133375566
11,4,11,0.125526671
11,4,12,0.118519265
11,4,13,0.134912661
11,4,14,0.128634897
11,4,15,0.12158175
11,4,16,0.166808949
11,4,17,0.198760155
11,4,18,0.235790544
11,4,19,0.235790544
11,4,20,0.235790544
12,1,1,0.1
12,1,2,0.086934203
12,1,3,0.086838163
12,1,4,0.086552272
12,1,5,0.086466923
12,1,6,0.086685052
12,1,7,0.087022172
12,1,8,0.089202807
12,1,9,0.089308322
12,1,10,0.089450071
12,1,11,0.088367769
12,1,12,0.086686128
12,1,13,0.08465957
12,1,14,0.126119284
12,1,15,0.10014345
12,1,16,0.084916334
12,1,17,0.075587697
12,1,18,0.068651545
12,1,19,0.063003014
12,1,20,0.056998988
12,3,1,0.1
12,3,2,0.110511305
12,3,3,0.115549391
12,3,4,0.118821518
12,3,5,0.12090058
12,3,6,0.122070551
12,3,7,0.123936288
12,3,8,0.125450717
12,3,9,0.127315615
12,3,10,0.128333767
12,3,11,0.121828782
12,3,12,0.123118949
12,3,13,0.132294998
12,3,14,0.133541708
12,3,15,0.134752777
12,3,16,0.101744953
12,3,17,0.082097323
12,3,18,0.068958418
12,3,19,0.0594037
12,3,20,0.051603619
12,4,1,0.1
12,4,2,0.110759409
12,4,3,0.11570905
12,4,4,0.118950714
12,4,5,0.120847956
12,4,6,0.122638148
12,4,7,0.123609286
12,4,8,0.123609286
12,4,9,0.124754732
12,4,10,0.122692217
12,4,11,0.130823219
12,4,12,0.124210685
12,4,13,0.107234276
12,4,14,0.14815478
12,4,15,0.14636234
12,4,16,0.120463456
12,4,17,0.105583529
12,4,18,0.108167008
12,4,19,0.110613887
12,4,20,0.110613887
12,5,1,0.1
12,5,2,0.113972003
12,5,3,0.119153603
12,5,4,0.122408343
12,5,5,0.124669231
12,5,6,0.126205564
12,5,7,0.125917561
12,5,8,0.12975518
12,5,9,0.128464787
12,5,10,0.125505572
12,5,11,0.128654559
12,5,12,0.128654559
12,5,13,0.119535816
12,5,14,0.156432962
12,5,15,0.127890555
12,5,16,0.109731006
12,5,17,0.098946502
12,5,18,0.090080978
12,5,19,0.090080978
12,5,20,0.091228315
13,1,1,0.1
13,1,2,0.080041331
13,1,3,0.074719776
13,1,4,0.077183373
13,1,5,0.073353232
13,1,6,0.077184486
13,1,7,0.073542754
13,1,8,0.077180502
13,1,9,0.07282425
13,1,10,0.078520351
13,1,11,0.077234063
13,1,12,0.081597085
13,1,13,0.076517781
13,1,14,0.085161889
13,1,15,0.080458968
13,1,16,0.075353278
13,1,17,0.095448614
13,1,18,0.072096401
13,1,19,0.058383664
13,1,20,0.040883299
13,3,1,0.1
13,3,2,0.099185713
13,3,3,0.098706852
13,3,4,0.097153925
13,3,5,0.094700076
13,3,6,0.093773252
13,3,7,0.090898687
13,3,8,0.089670555
13,3,9,0.089210474
13,3,10,0.090110365
13,3,11,0.086144949
13,3,12,0.083135813
13,3,13,0.085313036
13,3,14,0.081421649
13,3,15,0.073560199
13,3,16,0.09549743
13,3,17,0.126864849
13,3,18,0.122796775
13,3,19,0.085288105
13,3,20,0.059003072
13,4,1,0.1
13,4,2,0.087626389
13,4,3,0.088531881
13,4,4,0.088374991
13,4,5,0.087620293
13,4,6,0.086218089
13,4,7,0.085099499
13,4,8,0.084232947
13,4,9,0.084649302
13,4,10,0.084679811
13,4,11,0.075988021
13,4,12,0.072125756
13,4,13,0.078312788
13,4,14,0.08579955
13,4,15,0.148992036
13,4,16,0.163473986
13,4,17,0.145818592
13,4,18,0.145818592
13,4,19,0.145818592
13,4,20,0.145818592
13,5,1,0.1
13,5,2,0.108362163
13,5,3,0.108593076
13,5,4,0.108228504
13,5,5,0.106611522
13,5,6,0.105856691
13,5,7,0.102210359
13,5,8,0.101769243
13,5,9,0.101490737
13,5,10,0.10208692
13,5,11,0.100244632
13,5,12,0.092859895
13,5,13,0.08291737
13,5,14,0.098017931
13,5,15,0.120197833
13,5,16,0.107569377
13,5,17,0.100788948
13,5,18,0.105404653
13,5,19,0.105404653
13,5,20,0.105404653
14,1,1,0.1
14,1,2,0.106946417
14,1,3,0.106453615
14,1,4,0.109198203
14,1,5,0.103031934
14,1,6,0.107895018
14,1,7,0.104010765
14,1,8,0.103236214
14,1,9,0.101982127
14,1,10,0.107325659
14,1,11,0.102689173
14,1,12,0.100139404
14,1,13,0.098059758
14,1,14,0.100343736
14,1,15,0.089757884
14,1,16,0.117859764
14,1,17,0.178004811
14,1,18,0.091596648
14,1,19,0.070990297
14,1,20,0.057337027
14,2,1,0.1
14,2,2,0.090722113
14,2,3,0.090902561
14,2,4,0.092633072
14,2,5,0.092106437
14,2,6,0.090863864
14,2,7,0.089512105
14,2,8,0.091008915
14,2,9,0.090724726
14,2,10,0.089664007
14,2,11,0.087000469
14,2,12,0.083168496
14,2,13,0.082017727
14,2,14,0.085312389
14,2,15,0.082738401
14,2,16,0.076637945
14,2,17,0.073828452
14,2,18,0.06936596
14,2,19,0.064154024
14,2,20,0.076889305
15,1,1,0.1
15,1,2,0.087786263
15,1,3,0.088213674
15,1,4,0.085241764
15,1,5,0.088165785
15,1,6,0.085550896
15,1,7,0.08877449
15,1,8,0.086302085
15,1,9,0.08992478
15,1,10,0.084907937
15,1,11,0.097609127
15,1,12,0.089199099
15,1,13,0.08962177
15,1,14,0.093208543
15,1,15,0.086114879
15,1,16,0.210148762
15,1,17,0.294735522
15,1,18,0.536223716
15,1,19,0.076533507
15,1,20,0.08195862
15,3,1,0.1
15,3,2,0.090017253
15,3,3,0.092104326
15,3,4,0.092479937
15,3,5,0.092910878
15,3,6,0.092225281
15,3,7,0.092308936
15,3,8,0.093898728
15,3,9,0.091636466
15,3,10,0.087634393
15,3,11,0.089936147
15,3,12,0.079287688
15,3,13,0.082266364
15,3,14,0.102774177
15,3,15,0.223941692
15,3,16,0.398218137
15,3,17,1
15,3,18,1
15,3,19,1
15,3,20,1
15,4,1,0.1
15,4,2,0.096526268
15,4,3,0.098093248
15,4,4,0.098450463
15,4,5,0.099058262
15,4,6,0.098228884
15,4,7,0.09762672
15,4,8,0.100867621
15,4,9,0.098578253
15,4,10,0.090159939
15,4,11,0.103586967
15,4,12,0.08251672
15,4,13,0.09473318
15,4,14,0.110800836
15,4,15,0.293239104
15,4,16,1
15,4,17,1
15,4,18,1
15,4,19,1
15,4,20,1
