DUMMY,DUMMY,1,2,3,4,5,6,7,8,9,10,11,12,13,14,15,16,17,18,19,20
1,1,6,32,0,1,0.035,0,0.7,0.7,0.14,40,3,0,0.25,0,0.25,0.059341949,0.3,,8.931119554,0
1,2,6.1,50,0,1,0.01,0,0.7,0.7,0.08,40,6,0,0.25,0,0.25,195.4043145,0.3,,0.585454608,0
1,3,6,45,0,1,0.01,0,0.7,0.7,0.08,40,6,0,0.25,0,0.25,0.075188096,0.3,,5.557304596,0
1,4,6.1,37,0,1,0.01,0,0.7,0.7,0.14,40,3,0,0.25,0,0.25,0.031785529,0.3,,10.78296881,0
1,5,6,50,0,1,0.01,0,0.7,0.7,0.08,40,6,0,0.25,0,0.25,5.47067417,0.3,,1.523093368,0
1,6,5.9,45,0,1,0.01,0,0.7,0.7,0.08,40,6,0,0.25,0,0.25,0.020178863,0.3,,8.21053964,0
1,7,5.8,55,0,1,0.01,0,0.7,0.9,0.1,40,7,0,0.25,0,0.25,14.07817362,0.3,,0.842700767,0
1,8,6.12,40,0,1,0.01,0,0.7,0.9,0.09,40,7,0,0.25,0,0.25,236.5394106,0.3,,0.488368347,0
1,9,5.87,50,0,1,0.01,0,0.7,0.9,0.07,40,7,0,0.25,0,0.25,0.596710229,0.3,,2.812676523,0
1,10,5.95,45,0,1,0.01,0,0.7,0.9,0.07,40,8,0,0.25,0,0.25,0.574173199,0.3,,2.688877648,0
1,11,5.65,55,0,1,0.01,0,0.7,0.9,0.1,40,7,0,0.25,0,0.25,290.1536743,0.3,,0.365399683,0
1,12,6,45,0,1,0.01,0,0.7,0.9,0.09,40,7,0,0.25,0,0.25,12.34594555,0.3,,0.676242799,0
1,13,5.8,50,0,1,0.02,0,0.7,0.9,0.07,40,7,0,0.25,0,0.25,0.157913405,0.3,,3.935307646,0
1,14,5.7,50,0,1,0.02,0,0.7,0.9,0.07,40,8,0,0.25,0,0.25,0.06415525,0.3,,4.788603859,0
1,15,6.9,65,0,1,0.02,0,0.7,0.7,0.14,40,5,0,0.25,0,0.25,2.192557946,0.3,,2.99472505,0
1,16,5.62,45,0,1,0.02,0,0.7,0.6,0.1,40,8,0,0.25,0,0.25,6.092256348,0.3,,1.250137501,0
1,17,6.4,45,0,1,0.02,0,0.7,0.6,0.05,40,8,0,0.25,0,0.25,32.16024786,0.3,,0.845093804,0
1,18,6.05,55,0,1,0.02,0,0.7,1,0.08,45,8,0,0.25,0,0.25,2.752780099,0.3,,1.608524749,0
1,19,6,60,0,1,0.02,0,0.7,1,0.08,45,8,0,0.25,0,0.25,143.8256112,0.3,,0.472741811,0
1,20,6.5,45,0,1,0.02,0,0.7,0.6,0.1,45,7,0,0.25,0,0.25,58.74401564,0.3,,0.683096289,0
1,21,6.15,50,0,1,0.01,0,0.7,0.6,0.08,45,7,0,0.25,0,0.25,782.5265617,0.3,,0.288795795,0
1,22,6.45,55,0,1,0.01,0,0.7,0.6,0.08,45,7,0,0.25,0,0.25,170.9842609,0.3,,0.478554126,0
1,23,6.450507733,42.56150971,0,1,0.01,0,0.7,1,0.12,45,5,0,0.25,0,0.25,81144.11714,0.3,,0.14939738,0
1,24,0.837524391,36.51162985,0,1,0.01,0,0.7,1,0.05,45,9,0,0.25,0,0.25,0,0.3,,0,0
1,25,6.452710334,56.36532841,0,1,0.01,0,0.7,1,0.05,45,9,0,0.25,0,0.25,7857268.817,0.3,,0.018362715,0
1,26,6.2,20,0,1,1,0,0.7,1,0.13,35,1,0,0.25,0,0.25,8466,0.3,82,0,0
1,27,6.2,20,0,1,1,0,0.7,1,0.13,35,1,0,0.25,0,0.25,16307,0.3,77,0,0
1,28,6.2,20,0,1,1,0,0.7,1,0.13,35,1,0,0.25,0,0.25,207930,0.3,65,0,0
1,29,6.2,20,0,1,1,0,0.7,1,0.13,35,1,0,0.25,0,0.25,129921,0.3,68,0,0
1,30,6.2,20,0,1,1,0,0.7,1,0.13,35,1,0,0.25,0,0.25,114278,0.3,101,0,0
1,31,6.2,20,0,1,1,0,0.7,1,0.13,35,1,0,0.25,0,0.25,3679,0.3,105,0,0
1,32,6.2,20,0,1,1,0,0.7,1,0.13,35,1,0,0.25,0,0.25,14741,0.3,,0,0
1,33,6,32,0,1,0,0,0.7,1,0.07,45,3,879970.6249,0.25,0,0.25,0.146738918,0.3,,3.708335553,0
1,34,6.1,50,0,1,0,0,0.7,1,0.04,45,6,349596316.4,0.25,0,0.25,0,0.3,,0.890708278,0
1,35,6,45,0,1,0,0,0.7,1,0.04,45,6,19849.57122,0.25,0,0.25,0,0.3,,10.46473003,0
1,36,6.1,37,0,1,0,0,0.7,1,0.07,45,3,363952.4941,0.25,0,0.25,0,0.3,,4.54775073,0
1,37,6,50,0,1,0,0,0.7,1,0.04,45,6,10792799.36,0.25,0,0.25,0,0.3,,2.072460742,0
1,38,5.9,45,0,1,0,0,0.7,1,0.04,45,6,6377.921078,0.25,0,0.25,0,0.3,,13.55622175,0
1,39,5.8,55,0,1,0,0,0.7,1,0.05,45,7,41665156.8,0.25,0,0.25,0,0.3,,1.469271415,0
1,40,6.12,40,0,1,0,0,0.7,1,0.045,45,7,190736696.4,0.25,0,0.25,0,0.3,,1.12098005,0
1,41,5.87,50,0,1,0,0,0.7,1,0.035,45,7,209936.2511,0.25,0,0.25,0,0.3,,5.578669922,0
1,42,5.95,45,0,1,0,0,0.7,1,0.035,45,8,1023258.209,0.25,0,0.25,0,0.3,,4.093940316,0
1,43,5.65,55,0,1,0,0,0.7,1,0.05,45,7,2145473776,0.25,0,0.25,0,0.3,,0.528297358,0
1,44,6,45,0,1,0,0,0.7,1,0.045,45,7,333943924.8,0.25,0,0.25,0,0.3,,0.928974874,0
1,45,5.8,50,0,1,0,0,0.7,1,0.035,45,7,209040.5939,0.25,0,0.25,0,0.3,,5.620085019,0
1,46,5.7,50,0,1,0,0,0.7,1,0.035,45,8,111601.8041,0.25,0,0.25,0,0.3,,6.588563805,0
1,47,6.9,65,0,1,0,0,0.7,1,0.07,45,5,209059.0377,0.25,0,0.25,0,0.3,,7.81872963,0
1,48,5.62,45,0,1,0,0,0.7,1,0.05,45,8,52711171.09,0.25,0,0.25,0,0.3,,1.717491898,0
1,49,6.4,45,0,1,0,0,0.7,1,0.025,45,8,2677935825,0.25,0,0.25,0,0.3,,0.781821746,0
1,50,6.05,55,0,1,0,0,0.7,1,0.04,45,8,60077.42358,0.25,0,0.25,0,0.3,,10.08805619,0
1,51,6,60,0,1,0,0,0.7,1,0.04,45,8,6033567904,0.25,0,0.25,0,0.3,,1.469250903,0
1,52,6.5,45,0,1,0,0,0.7,1,0.05,45,7,34424926.19,0.25,0,0.25,0,0.3,,3.805126307,0
1,53,6.15,50,0,1,0,0,0.7,1,0.04,45,7,29250196436,0.25,0,0.25,0,0.3,,0.619371101,0
1,54,6.45,55,0,1,0,0,0.7,1,0.04,45,7,1.75E+11,0.25,0,0.25,0,0.3,,1.048452424,0
1,55,6.450507733,42.56150971,0,1,0,0,0.7,1,0.06,45,5,2.41E+11,0.25,0,0.25,0,0.3,,0.931788723,0
1,56,0.837524391,36.51162985,0,1,0,0,0.7,1,0.025,45,9,3.48E+19,0.25,0,0.25,0,0.3,,0.002405004,0
1,57,6.452710334,56.36532841,0,1,0,0,0.7,1,0.025,45,9,2.87E+11,0.25,0,0.25,0,0.3,,0.097240457,0
1,58,5.2,32,0,1,0,0,0.7,1,0.01,45,3,395820631.6,0.25,0,0.25,0,0.3,,1.318537728,0
1,59,5.6,60,0,1,0,0,0.7,1,0.01,45,6,12907566419,0.25,0,0.25,0,0.3,,0.611735509,0
1,60,5.8,55,0,1,0,0,0.7,1,0.01,45,6,10692965.18,0.25,0,0.25,0,0.3,,3.963792773,0
1,61,4.7,50,0,1,0,0,0.7,1,0.01,45,3,1039318.702,0.25,0,0.25,0,0.3,,4.424345152,0
1,62,4.9,80,0,1,0,0,0.7,1,0.01,45,6,28455.98267,0.25,0,0.25,0,0.3,,12.26136002,0
1,63,5.5,55,0,1,0,0,0.7,1,0.01,45,6,301692.0591,0.25,0,0.25,0,0.3,,8.972685047,0
1,64,5.3,45,0,1,0,0,0.7,1,0.01,45,7,3050337874,0.25,0,0.25,0,0.3,,0.918780989,0
1,65,5.87,50,0,1,0,0,0.7,1,0.01,45,7,12928794758,0.25,0,0.25,0,0.3,,0.708260482,0
1,66,5.9,60,0,1,0,0,0.7,1,0.01,45,7,606209654.5,0.25,0,0.25,0,0.3,,7.398497042,0
1,67,5.7,45,0,1,0,0,0.7,1,0.01,45,8,2867094741,0.25,0,0.25,0,0.3,,5.286082053,0
1,68,5.1,55,0,1,0,0,0.7,1,0.01,45,7,1426556934,0.25,0,0.25,0,0.3,,2.549420521,0
1,69,5.7,55,0,1,0,0,0.7,1,0.01,45,7,3.72E+12,0.25,0,0.25,0,0.3,,0.809573203,0
1,70,5.5,50,0,1,0,0,0.7,1,0.01,45,7,2276061635,0.25,0,0.25,0,0.3,,5.104256052,0
1,71,5.35,45,0,1,0,0,0.7,1,0.01,45,8,318896666.6,0.25,0,0.25,0,0.3,,4.193253841,0
1,72,5.55,75,0,1,0,0,0.7,1,0.01,45,5,659104167.4,0.25,0,0.25,0,0.3,,2.8329297,0
1,73,5.2,45,0,1,0,0,0.7,1,0.01,45,8,5638820862,0.25,0,0.25,0,0.3,,1.923235025,0
1,74,5,35,0,1,0,0,0.7,1,0.01,45,8,2.46E+13,0.25,0,0.25,0,0.3,,0.464381964,0
1,75,4.9,60,0,1,0,0,0.7,1,0.01,45,8,15191.14336,0.25,0,0.25,0,0.3,,42.02446357,0
1,76,5.2,60,0,1,0,0,0.7,1,0.01,45,8,35263383.44,0.25,0,0.25,0,0.3,,13.05181415,0
1,77,4.5,45,0,1,0,0,0.7,1,0.01,45,7,6409450933,0.25,0,0.25,0,0.3,,1.561977928,0
1,78,5.4,50,0,1,0,0,0.7,1,0.01,45,7,1.15E+11,0.25,0,0.25,0,0.3,,0.911109011,0
1,79,5.3,55,0,1,0,0,0.7,1,0.01,45,7,10649407207,0.25,0,0.25,0,0.3,,3.166496006,0
1,80,5.3756014,28.69389499,0,1,0,0,0.7,1,0.01,45,5,51549287813,0.25,0,0.25,0,0.3,,1.122503788,0
1,81,3.113693104,65.58658302,0,1,0,0,0.7,1,0.01,45,9,1.56E+16,0.25,0,0.25,0,0.3,,0.026911539,0
1,82,4.425003373,31.66549283,0,1,0,0,0.7,1,0.01,45,9,3.61E+15,0.25,0,0.25,0,0.3,,0.118429537,0
1,83,0,0,0,0,0,0,0,0,0,0,0,0,0,0,0,0,0,,0,0
1,84,0,0,0,0,0,0,0,0,0,0,0,0,0,0,0,0,0,,0,0
1,85,0,0,0,0,0,0,0,0,0,0,0,0,0,0,0,0,0,,0,0
2,1,6.38848,49.31147467,0,0.75,1,0,0.6,0.9,0.11,26,3,0,0.25,0,0.25,0.009582994,0.3,,14.74501,0
2,2,5.712,47.70412885,0,0.65,0.01,0,0.494912676,0.8,0.035,28,5,0,0.25,0,0.25,0.001131404,0.3,,17.28881,0
2,3,5.4264,50,0,0.75,0.03,0,0.972446938,0.9,0.09,27,4,0,0.25,0,0.25,0.001546279,0.3,,18.20371,0
2,4,5.9024,85,0,0.65,0.01,0,0.569465432,0.8,0.035,28,8,0,0.25,0,0.25,0.011489492,0.3,,8.493158331,0
2,5,5.9024,85,0,0.65,0.01,0,0.513231396,0.8,0.035,29,9,0,0.25,0,0.25,0.000991564,0.3,,16.21467917,0
2,6,6.2356,120,0,0.65,0.01,0,0.540830338,0.8,0.035,30,9,0,0.25,0,0.25,0.064998412,0.3,,4.793480001,0
2,7,5.193457334,47.70412885,0,0.6,0.01,0,0.493570621,0.8,0.01,50,5,7.063001676,0.25,0,0.25,0.000132166,0.3,,26.46508,0
2,8,5.8548,85,0,0.6,0.01,0,0.568761297,0.8,0.01,50,7,51.84037866,0.25,0,0.25,0.00033118,0.3,,18.12063166,0
2,9,5.8072,85,0,0.6,0.01,0,0.512779637,0.8,0.01,50,7,204.4082482,0.25,0,0.25,0.000139852,0.3,,22.91312083,0
2,10,6.2356,120,0,0.6,0.01,0,2.11E-11,0.8,0.01,50,4,145.4509573,0.25,0,0.25,0.0003881,0.3,,17.38902,0
2,11,0,0,0,0,0,0,0,0,0,0,0,0,0.25,0,0.25,0,0.3,,0,0
2,12,0,0,0,0,0,0,0,0,0,0,0,0,0.25,0,0.25,0,0.3,,0,0
2,13,0,0,0,0,0,0,0,0,0,0,0,0,0.25,0,0.25,0,0.3,,0,0
2,14,0,0,0,0,0,0,0,0,0,0,0,0,0.25,0,0.25,0,0.3,,0,0
2,15,0,0,0,0,0,0,0,0,0,0,0,0,0.25,0,0.25,0,0.3,,0,0
2,16,0,0,0,0,0,0,0,0,0,0,0,0,0.25,0,0.25,0,0.3,,0,0
2,17,0,0,0,0,0,0,0,0,0,0,0,0,0.25,0,0.25,0,0.3,,0,0
2,18,0,0,0,0,0,0,0,0,0,0,0,0,0.25,0,0.25,0,0.3,,0,0
2,19,0,0,0,0,0,0,0,0,0,0,0,0,0.25,0,0.25,0,0.3,,0,0
2,20,0,0,0,0,0,0,0,0,0,0,0,0,0.25,0,0.25,0,0.3,,0,0
2,21,0,0,0,0,0,0,0,0,0,0,0,0,0.25,0,0.25,0,0.3,,0,0
2,22,0,0,0,0,0,0,0,0,0,0,0,0,0.25,0,0.25,0,0.3,,0,0
2,23,0,0,0,0,0,0,0,0,0,0,0,0,0.25,0,0.25,0,0.3,,0,0
2,24,0,0,0,0,0,0,0,0,0,0,0,0,0.25,0,0.25,0,0.3,,0,0
2,25,0,0,0,0,0,0,0,0,0,0,0,0,0.25,0,0.25,0,0.3,,0,0
2,26,0,0,0,0,0,0,0,0,0,0,0,0,0.25,0,0.25,0,0.3,,0,0
3,1,6.2685,15,0,0.9,1,0,0.699999996,0.7,0.13,35,2,0,0.25,0,0.25,19.12256775,0.3,,2.33103,0
3,2,6.208,9,0,0.9,1,0,0.54981516,0.7,0.13,35,1,0,0.25,0,0.25,0.338990694,0.3,,7.432753,0
3,3,5.408,20,0,0.2,0.14,0,0.091137977,1,0,34,6,0,0.25,0,0.25,1.35E-05,0.3,,75.711576,0
3,4,5.928,55,0,0.2,0.14,0,0.107108107,1,0,34,7,0,0.25,0,0.25,0.010849975,0.3,,9.382361247,0
3,5,5.824,55,0,0.2,0.01,0,0.144301257,1,0.01,34,7,0,0.25,0,0.25,11.14410283,0.3,,1.087810003,0
3,6,6.7,30,0,0.9,1,0,0.699999996,0.7,0.09,30,2,0,0.25,0,0.25,0,0.3,,0,0
3,7,6,10.1,0,0.9,1,0,0.54981516,0.6,0.09,30,1,0,0.25,0,0.25,0,0.3,,0,0
3,8,5.408,20,0,0.12,0.14,0,0.091137977,1,0,34,6,0,0.25,0.131956948,0.25,5.92E-07,0.3,150,338.932223,0
3,9,5.928,55,0,0.12,0.14,0,0.107108107,1,0,34,7,0,0.25,7834.682459,0.25,0.00350964,0.3,100,22.23598192,0
3,10,5.824,55,0,0.12,0.01,0,0.144301257,1,0.01,34,7,0,0.25,3184530037,0.25,145.0873756,0.3,80,0.85936162,0
3,11,0,0,0,0,0,0,0,0,0,0,0,0,0.25,0,0.25,0,0.3,0,0,0
3,12,0,0,0,0,0,0,0,0,0,0,0,0,0.25,0,0.25,0,0.3,0,0,0
3,13,0,0,0,0,0,0,0,0,0,0,0,0,0.25,0,0.25,0,0.3,0,0,0
3,14,0,0,0,0,0,0,0,0,0,0,0,0,0.25,0,0.25,0,0.3,,0,0
3,15,0,0,0,0,0,0,0,0,0,0,0,0,0.25,0,0.25,0,0.3,,0,0
3,16,0,0,0,0,0,0,0,0,0,0,0,0,0.25,0,0.25,0,0.3,,0,0
3,17,0,0,0,0,0,0,0,0,0,0,0,0,0.25,0,0.25,0,0.3,,0,0
3,18,0,0,0,0,0,0,0,0,0,0,0,0,0.25,0,0.25,0,0.3,,0,0
3,19,0,0,0,0,0,0,0,0,0,0,0,0,0.25,0,0.25,0,0.3,,0,0
3,20,0,0,0,0,0,0,0,0,0,0,0,0,0.25,0,0.25,0,0.3,,0,0
3,21,0,0,0,0,0,0,0,0,0,0,0,0,0.25,0,0.25,0,0.3,,0,0
3,22,0,0,0,0,0,0,0,0,0,0,0,0,0.25,0,0.25,0,0.3,,0,0
3,23,0,0,0,0,0,0,0,0,0,0,0,0,0.25,0,0.25,0,0.3,,0,0
3,24,0,0,0,0,0,0,0,0,0,0,0,0,0.25,0,0.25,0,0.3,,0,0
3,25,0,0,0,0,0,0,0,0,0,0,0,0,0.25,0,0.25,0,0.3,,0,0
3,26,0,0,0,0,0,0,0,0,0,0,0,0,0.25,0,0.25,0,0.3,,0,0
4,1,5.500687259,18.60139641,0,0.8,0.04,0,0.453822804,0.83,0.06,45,8,0,0.25,0,0.25,0.257757038,0.3,,3.966768,0
4,2,5.365463455,18.41763843,0,0.8,0.08,0,0.453822804,0.81,0.06,45,6,0,0.25,0,0.25,0.206623418,0.3,,4.413879,0
4,3,5.514097338,18.64191704,0,0.8,0.03,0,0.453822804,0.83,0.06,45,8,0,0.25,0,0.25,0.072058349,0.3,,5.428872,0
4,4,5.543693484,18.47682454,0,0.8,0.03,0,0.453822804,0.9,0.04,45,8,0,0.25,0,0.25,0.112069403,0.3,,5.475854,0
4,5,5.126375741,19.29256797,0,0.8,0.03,0,0.453822804,0.94,0.04,45,7,0,0.25,0,0.25,0.001227507,0.3,,19.98533225,0
4,6,5.330596655,15.82938507,0,0.8,0.03,0,0.453822804,0.93,0.04,45,8,0,0.25,0,0.25,0.004678512,0.3,,13.6356525,0
4,7,5.651963804,36.19230163,0,0.8,0.01,0,0.453822804,0.9,0.04,45,8,0,0.25,0,0.25,4628.85881,0.3,,0.1614545,0
4,8,4.968330197,32.21621451,0,0.8,0.01,0,0.453822804,0.93,0.04,45,8,0,0.25,0,0.25,236.9396917,0.3,,0.3934195,0
4,9,5.47592685,42.02034162,0,0.8,0.01,0,0.453822804,0.9,0.04,45,8,0,0.25,0,0.25,355086.9192,0.3,,0.0483895,0
4,10,5.500045268,19.92375427,0,0.8,0.01,0,0.453822804,0.9,0.04,45,8,0,0.25,0,0.25,0.21005808,0.3,,3.957752,0
4,11,5.288327226,31.86844851,0,0.8,0.01,0,0.453822804,0.91,0.04,45,8,0,0.25,0,0.25,0.045097735,0.3,,5.651536,0
4,12,5.729676659,28.55007424,0,0.8,0.01,0,0.453822804,0.89,0.04,45,8,0,0.25,0,0.25,7.364963634,0.3,,1.403672,0
4,13,5.526248516,47.62750313,0,0.8,0.01,0,0.453822804,0.9,0.04,45,8,0,0.25,0,0.25,11.29188383,0.3,,1.076912,0
4,14,5.649251872,36.95662972,0,0.8,0.01,0,0.453822804,0.9,0.04,45,8,0,0.25,0,0.25,0.098315761,0.3,,4.878836,0
4,15,5.525639848,35.96310825,0,0.8,0.01,0,0.453822804,0.9,0.04,60,8,0,0.25,0,0.25,6.005481387,0.3,,1.199544,0
4,16,5.849842803,27.04776735,0,0.8,0.05,0,0.453822804,0.7,0.08,60,7,0,0.25,0,0.25,118736.3999,0.3,,0.07633175,0
4,17,6.48217816,42.69027134,0,0.8,0.09,0,0.453822804,0.7,0.11,60,6,0,0.25,0,0.25,33.16730239,0.3,,1.061155,0
4,18,6.318729704,45.87291557,0,0.8,0.05,0,0.453822804,0.7,0.08,60,7,0,0.25,0,0.25,53669.63353,0.3,,0.0904465,0
4,19,5.500687259,18.60139641,0,0.7,0.04,0,0.453822804,1,0.01,60,8,30878178148,0.25,0,0.25,20.27729178,0.3,,0.897022,0
4,20,5.365463455,18.41763843,0,0.7,0.08,0,0.453822804,1,0.01,60,6,296479349.1,0.25,0,0.25,1.116614314,0.3,,2.746591,0
4,21,5.514097338,18.64191704,0,0.7,0.03,0,0.453822804,1,0.01,60,8,13645957577,0.25,0,0.25,10.289736,0.3,,1.103738,0
4,22,5.543693484,18.47682454,0,0.7,0.03,0,0.453822804,1,0.01,60,8,6523958.477,0.25,0,0.25,0.017685547,0.3,,7.523616,0
4,23,5.126375741,19.29256797,0,0.7,0.03,0,0.453822804,1,0.01,60,7,823.146493,0.25,0,0.25,1.54E-05,0.3,,64.43630775,0
4,24,5.330596655,15.82938507,0,0.7,0.03,0,0.453822804,1,0.01,60,8,96415.23545,0.25,0,0.25,0.000512017,0.3,,20.6288175,0
4,25,5.651963804,36.19230163,0,0.7,0.01,0,0.453822804,1,0.01,60,8,39477992.58,0.25,0,0.25,0.077797081,0.3,,4.6631355,0
4,26,4.968330197,32.21621451,0,0.7,0.01,0,0.453822804,1,0.01,60,8,407.4005178,0.25,0,0.25,4.90E-06,0.3,,70.2155105,0
4,27,5.47592685,42.02034162,0,0.7,0.01,0,0.453822804,1,0.01,60,8,19469070.15,0.25,0,0.25,0.041410139,0.3,,5.2288705,0
4,28,5.500045268,19.92375427,0,0.7,0.01,0,0.453822804,1,0.01,60,8,11619620.77,0.25,0,0.25,0.02831722,0.3,,6.412888,0
4,29,5.288327226,31.86844851,0,0.7,0.01,0,0.453822804,1,0.01,60,8,232342.2043,0.25,0,0.25,0.001023369,0.3,,15.581944,0
4,30,5.729676659,28.55007424,0,0.7,0.01,0,0.453822804,1,0.01,60,8,176206847.3,0.25,0,0.25,0.278543257,0.3,,3.350198,0
4,31,5.526248516,47.62750313,0,0.7,0.01,0,0.453822804,1,0.01,60,8,658637480.8,0.25,0,0.25,0.776414315,0.3,,2.157428,0
4,32,5.649251872,36.95662972,0,0.7,0.01,0,0.453822804,1,0.01,60,8,9022.13047,0.25,0,0.25,7.18E-05,0.3,,37.810094,0
4,33,5.525639848,35.96310825,0,0.7,0.01,0,0.453822804,1,0.01,60,8,226904577.9,0.25,0,0.25,0.327290855,0.3,,2.920126,0
4,34,5.849842803,27.04776735,0,0.7,0.05,0,0.453822804,1,0.01,60,7,1.34E+13,0.25,0,0.25,5423.709455,0.3,,0.20518825,0
4,35,6.48217816,42.69027134,0,0.7,0.09,0,0.453822804,1,0.01,60,6,6857703.52,0.25,0,0.25,0.054484384,0.3,,8.415325,0
4,36,6.318729704,45.87291557,0,0.7,0.05,0,0.453822804,1,0.01,60,7,2.91E+13,0.25,0,0.25,10686.51122,0.3,,0.1777635,0
5,1,7,200,0,0.65,0.01,0,0.580181038,1,0.06,28,10,0,0.25,0,0.25,5.08E-05,0.3,,51.04231222,0
5,2,7.812,200,0,0.65,0.01,0,0.511336582,1,0.06,28,10,0,0.25,0,0.25,0.299635714,0.3,,4.604404066,0
5,3,7.0525,225,0,0.65,0.01,0,0.547542072,1,0.06,28,10,0,0.25,0,0.25,0.001027251,0.3,,20.32037398,0
5,4,7.378,200,0,0.65,0.01,0,0.580120169,1,0.06,38,10,0,0.25,0,0.25,0.053115411,0.3,,6.309575783,0
5,5,7.2695,200,0,0.65,0.01,0,0.471919977,1,0.06,38,10,0,0.25,0,0.25,1.188775369,0.3,,2.373789175,0
5,6,7.2695,250,0,0.65,0.01,0,0.538072901,1,0.06,38,11,0,0.25,0,0.25,0.00125889,0.3,,17.00525164,0
5,7,7.0525,250,0,0.65,0.01,0,0.493143321,1,0.06,38,11,0,0.25,0,0.25,0.003189447,0.3,,12.13045577,0
5,8,7.595,200,0,0.65,0.01,0,0.668914956,1,0.01,55,10,40707.92902,0.25,0,0.25,9.13E-05,0.3,,42.56417073,0
5,9,7.812,200,0,0.65,0.01,0,0.550314829,1,0.01,55,10,2.17E+11,0.25,0,0.25,38.259722,0.3,,0.935332658,0
5,10,7.0525,225,0,0.65,0.01,0,0.589443045,1,0.01,55,10,76978.06298,0.25,0,0.25,0.000137538,0.3,,29.73740636,0
5,11,7.378,200,0,0.65,0.01,0,0.624320625,1,0.01,55,10,11684.92622,0.25,0,0.25,3.12E-05,0.3,,55.05069932,0
5,12,7.2695,200,0,0.65,0.01,0,0.491352526,1,0.01,55,10,320454.4809,0.25,0,0.25,0.000487966,0.3,,23.39683573,0
5,13,7.2695,250,0,0.65,0.01,0,0.560341274,1,0.01,55,11,1.239210641,0.25,0,0.25,8.82E-09,0.3,,493.376142,0
5,14,7.0525,250,0,0.65,0.01,0,0.515513972,1,0.01,55,11,1496.279501,0.25,0,0.25,3.15E-06,0.3,,79.27765053,0
5,15,0,0,0,0,0,0,0,0,0,0,0,0,0.25,0,0.25,0,0.3,,0,0
5,16,0,0,0,0,0,0,0,0,0,0,0,0,0.25,0,0.25,0,0.3,,0,0
5,17,0,0,0,0,0,0,0,0,0,0,0,0,0.25,0,0.25,0,0.3,,0,0
5,18,0,0,0,0,0,0,0,0,0,0,0,0,0.25,0,0.25,0,0.3,,0,0
5,19,0,0,0,0,0,0,0,0,0,0,0,0,0.25,0,0.25,0,0.3,,0,0
5,20,0,0,0,0,0,0,0,0,0,0,0,0,0.25,0,0.25,0,0.3,,0,0
5,21,0,0,0,0,0,0,0,0,0,0,0,0,0.25,0,0.25,0,0.3,,0,0
5,22,0,0,0,0,0,0,0,0,0,0,0,0,0.25,0,0.25,0,0.3,,0,0
5,23,0,0,0,0,0,0,0,0,0,0,0,0,0.25,0,0.25,0,0.3,,0,0
5,24,0,0,0,0,0,0,0,0,0,0,0,0,0.25,0,0.25,0,0.3,,0,0
5,25,0,0,0,0,0,0,0,0,0,0,0,0,0.25,0,0.25,0,0.3,,0,0
5,26,0,0,0,0,0,0,0,0,0,0,0,0,0.25,0,0.25,0,0.3,,0,0
6,1,6.1,55,0,0.9,0.03,0,0.800808375,1,0.11,40,8,0,0.25,0,0.25,3.20E-04,0.3,,34.28368288,0
6,2,5.4,30,0,0.8,0.01,0,0.659291447,1,0.1,40,7,0,0.25,0,0.25,5.80E-02,0.3,,6.684673515,0
6,3,5.95,40,0,0.8,0.01,0,0.621842725,1,0.1,40,8,0,0.25,0,0.25,6.42E-02,0.3,,6.600633604,0
6,4,6.7,55,0,0.9,0.01,0,0.486407493,1,0.1,45,10,0,0.25,0,0.25,0.002838034,0.3,,15.8321117,0
6,5,6.5,65,0,0.8,0.01,0,0.470875825,1,0.1,45,11,0,0.25,0,0.25,9.94E-04,0.3,,19.82870299,0
6,6,6.6,60,0,0.8,0.01,0,0.599970059,1,0.1,45,11,0,0.25,0,0.25,0.009552564,0.3,,10.22648531,0
6,7,6.45,50,0,0.9,0.01,0,0.624814045,1,0.1,45,9,0,0.25,0,0.25,0.068338909,0.3,,6.549124357,0
6,8,6.25,60,0,0.8,0.01,0,0.550673638,1,0.1,45,10,0,0.25,0,0.25,0.017478507,0.3,,7.758048761,0
6,9,6.525,55,0,0.8,0.01,0,0.531660771,1,0.1,45,10,0,0.25,0,0.25,2.732078782,0.3,,1.836366882,0
6,10,5.25,23.95026775,0,0.9,0.01,0,0.531660771,1,0.06,38,7,0,0.25,0,0.25,0.024797826,0.3,,8.609735604,0
6,11,4.75,18,0,0.8,0.01,0,0.531660771,1,0.06,38,8,0,0.25,0,0.25,0.001098427,0.3,,18.0388299,0
6,12,4.6,15,0,0.8,0.01,0,0.531660771,1,0.06,38,7,0,0.25,0,0.25,0.991897203,0.3,,2.616554493,0
6,13,6.1,46.94027472,0,0.9,0.01,0,0.531660771,1,0.06,35,9,0,0.25,0,0.25,0.038205504,0.3,,7.656750101,0
6,14,6.210380435,44.06664283,0,0.8,0.01,0,0.531660771,1,0.06,35,10,0,0.25,0,0.25,0.021181261,0.3,,8.006810036,0
6,15,5.3,26,0,0.8,0.01,0,0.531660771,1,0.06,35,10,0,0.25,0,0.25,0.213194683,0.3,,3.117999863,0
6,16,6.1,55,0,0.855,0.03,0,0.531660771,1,0.11,40,10,193390321.1,0.25,0,0.25,0.001588716,0.3,,10.84774037,0
6,17,5.4,30,0,0.76,0.01,0,0.531660771,1,0.1,40,10,75836585176,0.25,0,0.25,0.209484627,0.3,,2.115105399,0
6,18,5.95,40,0,0.76,0.01,0,0.531660771,1,0.1,40,10,1.25109E+11,0.25,0,0.25,0.342688811,0.3,,2.088514232,0
6,19,6.7,55,0,0.855,0.01,0,0.531660771,1,0.1,45,11,9.26454E+11,0.25,0,0.25,1.149841352,0.3,,1.535436023,0
6,20,6.5,65,0,0.76,0.01,0,0.531660771,1,0.1,45,11,2.50213E+11,0.25,0,0.25,0.360822529,0.3,,1.923034996,0
6,21,6.6,60,0,0.76,0.01,0,0.531660771,1,0.1,45,11,4.09026E+12,0.25,0,0.25,3.793354668,0.3,,0.991788981,0
6,22,6.45,50,0,0.855,0.01,0,0.531660771,1,0.1,45,11,2.24996E+12,0.25,0,0.25,2.327871537,0.3,,1.168652818,0
6,23,6.25,60,0,0.76,0.01,0,0.531660771,1,0.1,45,11,7.59287E+11,0.25,0,0.25,0.879499065,0.3,,1.384378285,0
6,24,6.525,55,0,0.76,0.01,0,0.531660771,1,0.1,45,11,3.33234E+14,0.25,0,0.25,147.7011463,0.3,,0.327688896,0
6,25,5.25,23.95026775,0,0.855,0.01,0,0.531660771,1,0.06,38,10,8.03566E+11,0.25,0,0.25,1.560393421,0.3,,1.180674842,0
6,26,4.75,18,0,0.76,0.01,0,0.531660771,1,0.06,38,10,23861033208,0.25,0,0.25,0.075866061,0.3,,2.473710416,0
6,27,4.6,15,0,0.76,0.01,0,0.531660771,1,0.06,38,10,4.78066E+13,0.25,0,0.25,4.20E+01,0.3,,0.358814742,0
6,28,6.1,46.94027472,0,0.855,0.01,0,0.531660771,1,0.06,35,10,515914620.5,0.25,0,0.25,0.003984238,0.3,,8.661396975,0
6,29,6.210380435,44.06664283,0,0.76,0.01,0,0.531660771,1,0.06,35,10,440740280.7,0.25,0,0.25,3.51E-03,0.3,,9.057388489,0
6,30,5.3,26,0,0.76,0.01,0,0.531660771,1,0.06,35,10,9238590344,0.25,0,0.25,0.039197729,0.3,,3.527114536,0
7,1,5.733404127,14.59259159,0,0.7,0.01,0,0.550673638,1,0.06,35,9,0,0.25,0,0.25,0.118948828,0.3,,4.501930103,0
7,2,5.65,14.59259159,0,0.7,0.01,0,0.624814045,1,0.06,35,10,0,0.25,0,0.25,0.126746248,0.3,,4.981574202,0
7,3,5.8,14.59259159,0,0.7,0.01,0,0.587653213,1,0.06,35,10,0,0.25,0,0.25,0.374581958,0.3,,3.260095695,0
7,4,5.733404127,14.59259159,0,0.6,0.01,0,0.587653213,0,0.06,35,10,933597898.9,0.25,0,0.25,0.060540664,0.3,,3.292969904,0
7,5,5.65,14.59259159,0,0.6,0.01,0,0.587653213,0,0.06,35,10,636537483,0.25,0,0.25,0.044159404,0.3,,3.643809107,0
7,6,5.8,14.59259159,0,0.6,0.01,0,0.587653213,0,0.06,35,10,4031931759,0.25,0,0.25,0.210840914,0.3,,2.38462099,0
7,7,0,0,0,0,0,0,0,0,0,0,0,0,0.25,0,0.25,0,0.3,,0,0
7,8,0,0,0,0,0,0,0,0,0,0,0,0,0.25,0,0.25,0,0.3,,0,0
7,9,0,0,0,0,0,0,0,0,0,0,0,0,0.25,0,0.25,0,0.3,,0,0
7,10,0,0,0,0,0,0,0,0,0,0,0,0,0.25,0,0.25,0,0.3,,0,0
7,11,0,0,0,0,0,0,0,0,0,0,0,0,0.25,0,0.25,0,0.3,,0,0
7,12,0,0,0,0,0,0,0,0,0,0,0,0,0.25,0,0.25,0,0.3,,0,0
7,13,0,0,0,0,0,0,0,0,0,0,0,0,0.25,0,0.25,0,0.3,,0,0
7,14,0,0,0,0,0,0,0,0,0,0,0,0,0.25,0,0.25,0,0.3,,0,0
7,15,0,0,0,0,0,0,0,0,0,0,0,0,0.25,0,0.25,0,0.3,,0,0
7,16,0,0,0,0,0,0,0,0,0,0,0,0,0.25,0,0.25,0,0.3,,0,0
7,17,0,0,0,0,0,0,0,0,0,0,0,0,0.25,0,0.25,0,0.3,,0,0
7,18,0,0,0,0,0,0,0,0,0,0,0,0,0.25,0,0.25,0,0.3,,0,0
7,19,0,0,0,0,0,0,0,0,0,0,0,0,0.25,0,0.25,0,0.3,,0,0
7,20,0,0,0,0,0,0,0,0,0,0,0,0,0.25,0,0.25,0,0.3,,0,0
7,21,0,0,0,0,0,0,0,0,0,0,0,0,0.25,0,0.25,0,0.3,,0,0
7,22,0,0,0,0,0,0,0,0,0,0,0,0,0.25,0,0.25,0,0.3,,0,0
7,23,0,0,0,0,0,0,0,0,0,0,0,0,0.25,0,0.25,0,0.3,,0,0
7,24,0,0,0,0,0,0,0,0,0,0,0,0,0.25,0,0.25,0,0.3,,0,0
7,25,0,0,0,0,0,0,0,0,0,0,0,0,0.25,0,0.25,0,0.3,,0,0
7,26,0,0,0,0,0,0,0,0,0,0,0,0,0.25,0,0.25,0.00E+00,0.3,,0,0
8,1,8.05,130,0,0.75,1,0,0.8,0.6,0.08,35,6,0,0.25,0,0.25,49.21154856,0.3,,0.945,0
8,2,5.41,10,0,0.75,1,0,0.599737453,0.6,0.13,35,1,0,0.25,0,0.25,237.3194061,0.3,,0.8584,0
8,3,7.32,57,0,0.5,0.02,0,0.21092252,1,0.05,40,5,0,0.25,0,0.25,10.92991892,0.3,,2.294,0
8,4,5,33,0,0.5,0.01,0,0.07078495,1,0,52,5,0,0.25,0,0.25,0.000134857,0.3,,40.512,0
8,5,8.33,105.5,0,0.5,0.01,0,0.181943154,1,0.035,52,8,0,0.25,0,0.25,1.456371746,0.3,,3.201,0
8,6,0,0,0,0,0,0,0,0,0,0,0,0,0.25,0,0.25,0,0.3,,0,0
8,7,0,0,0,0,0,0,0,0,0,0,0,0,0.25,0,0.25,0,0.3,,0,0
8,8,0,0,0,0,0,0,0,0,0,0,0,0,0.25,0,0.25,0,0.3,,0,0
8,9,0,0,0,0,0,0,0,0,0,0,0,0,0.25,0,0.25,0,0.3,,0,0
8,10,0,0,0,0,0,0,0,0,0,0,0,0,0.25,0,0.25,0,0.3,,0,0
8,11,0,0,0,0,0,0,0,0,0,0,0,0,0.25,0,0.25,0,0.3,,0,0
8,12,0,0,0,0,0,0,0,0,0,0,0,0,0.25,0,0.25,0,0.3,,0,0
8,13,0,0,0,0,0,0,0,0,0,0,0,0,0.25,0,0.25,0,0.3,,0,0
8,14,0,0,0,0,0,0,0,0,0,0,0,0,0.25,0,0.25,0,0.3,,0,0
8,15,0,0,0,0,0,0,0,0,0,0,0,0,0.25,0,0.25,0,0.3,,0,0
8,16,0,0,0,0,0,0,0,0,0,0,0,0,0.25,0,0.25,0,0.3,,0,0
8,17,0,0,0,0,0,0,0,0,0,0,0,0,0.25,0,0.25,0,0.3,,0,0
8,18,0,0,0,0,0,0,0,0,0,0,0,0,0.25,0,0.25,0,0.3,,0,0
8,19,0,0,0,0,0,0,0,0,0,0,0,0,0.25,0,0.25,0,0.3,,0,0
8,20,0,0,0,0,0,0,0,0,0,0,0,0,0.25,0,0.25,0,0.3,,0,0
8,21,0,0,0,0,0,0,0,0,0,0,0,0,0.25,0,0.25,0,0.3,,0,0
8,22,0,0,0,0,0,0,0,0,0,0,0,0,0.25,0,0.25,0,0.3,,0,0
8,23,0,0,0,0,0,0,0,0,0,0,0,0,0.25,0,0.25,0,0.3,,0,0
8,24,0,0,0,0,0,0,0,0,0,0,0,0,0.25,0,0.25,0,0.3,,0,0
8,25,0,0,0,0,0,0,0,0,0,0,0,0,0.25,0,0.25,0,0.3,,0,0
8,26,0,0,0,0,0,0,0,0,0,0,0,0,0.25,0,0.25,0,0.3,,0,0
9,1,6.1,20,0,0.7,1,0,0.699999996,0.7,0.13,35,2,0,0.25,0,0.25,294.1432716,0.3,,0.86552812,0
9,2,5.9,9,0,0.7,1,0,0.54981516,0.7,0.13,35,1,0,0.25,0,0.25,187.2184832,0.3,,1.045951147,0
9,3,5.5,55,0,0.15,0.01,0,0.113368778,0.9,0.01,34,7,0,0.25,0,0.25,0.034898102,0.3,,5.700700163,0
9,4,5.5,55,0,0.15,0.01,0,0.113368778,0.9,0.01,34,7,0,0.25,0,0.25,0.028790934,0.3,,5.700700158,0
9,5,5.7,55,0,0.15,0.01,0,0.084428751,0.9,0.01,34,6,0,0.25,0,0.25,0.004544944,0.3,,11.26759256,0
9,6,5.2,20,0,0.15,1,0,0.049985124,0.9,0,34,6,0,0.25,0,0.25,0,0.3,,0,0
9,7,6.6,30,0,0.7,1,0,0.599999997,0.6,0.08,30,2,0,0.25,0,0.25,0,0.3,,0,0
9,8,6,10.1,0,0.7,1,0,0.499823552,0.25,0.08,30,1,0,0.25,0,0.25,0,0.3,,0,0
9,9,5.5,55,0,0.15,0.01,0,0.113368778,0.9,0.01,34,7,0,0.25,2189082123,0.25,40.19753826,0.3,90,1.282657536,0
9,10,5.5,55,0,0.15,0.01,0,0.113368778,0.9,0.01,34,7,0,0.25,2407990335,0.25,40.29198667,0.3,90,1.282657536,0
9,11,5.7,55,0,0.15,0.01,0,0.084428751,0.9,0.01,34,6,0,0.25,3565980,0.25,0.225021587,0.3,130,6.760555532,0
9,12,5.2,20,0,0.15,1,0,0.049985124,0.9,0,34,6,0,0.25,886.7420875,0.25,0.000225804,0.3,130,53.71808615,0
9,13,0,0,0,0,0,0,0,0,0,0,0,0,0.25,0,0.25,0,0.3,,0,0
9,14,0,0,0,0,0,0,0,0,0,0,0,0,0.25,0,0.25,0,0.3,,0,0
9,15,0,0,0,0,0,0,0,0,0,0,0,0,0.25,0,0.25,0,0.3,,0,0
9,16,0,0,0,0,0,0,0,0,0,0,0,0,0.25,0,0.25,0,0.3,,0,0
9,17,0,0,0,0,0,0,0,0,0,0,0,0,0.25,0,0.25,0,0.3,,0,0
9,18,0,0,0,0,0,0,0,0,0,0,0,0,0.25,0,0.25,0,0.3,,0,0
9,19,0,0,0,0,0,0,0,0,0,0,0,0,0.25,0,0.25,0,0.3,,0,0
9,20,0,0,0,0,0,0,0,0,0,0,0,0,0.25,0,0.25,0,0.3,,0,0
9,21,0,0,0,0,0,0,0,0,0,0,0,0,0.25,0,0.25,0,0.3,,0,0
9,22,0,0,0,0,0,0,0,0,0,0,0,0,0.25,0,0.25,0,0.3,,0,0
9,23,0,0,0,0,0,0,0,0,0,0,0,0,0.25,0,0.25,0,0.3,,0,0
9,24,0,0,0,0,0,0,0,0,0,0,0,0,0.25,0,0.25,0,0.3,,0,0
9,25,0,0,0,0,0,0,0,0,0,0,0,0,0.25,0,0.25,0.00E+00,0.3,,0,0
9,26,0,0,0,0,0,0,0,0,0,0,0,0,0.25,0,0.25,0,0.3,,0,0
10,1,6.2,20,0,0.8,1,0,0.699999996,0.7,0.13,35,2,0,0.25,0,0.25,20.87199463,0.3,,1.924812398,0
10,2,6,9,0,0.8,1,0,0.54981516,0.7,0.13,35,1,0,0.25,0,0.25,25.24404948,0.3,,1.924812398,0
10,3,5.2,20,0,0.17,0.25,0,0.091137977,1,0,34,6,0,0.25,0,0.25,0.000166778,0.3,,36.90536904,0
10,4,5.7,55,0,0.17,0.25,0,0.107108107,1,0,34,7,0,0.25,0,0.25,1.02E+00,0.3,,2.661444884,0
10,5,5.6,55,0,0.17,0.1,0,0.144301257,1,0.01,34,7,0,0.25,0,0.25,0.000814723,0.3,,20.13144206,0
10,6,6.7,30,0,0.9,1,0,0.699999996,0.7,0.09,30,2,0,0.25,0,0.25,0,0.3,,0,0
10,7,6,10.1,0,0.9,1,0,0.54981516,0.6,0.09,30,1,0,0.25,0,0.25,0,0.3,,0,0
10,8,5.2,20,0,0.13,0.14,0,0.091137977,1,0,34,6,0,0.25,0.004659906,0.25,2.72568E-06,0.3,160,222.2838766,0
10,9,5.7,55,0,0.13,0.14,0,0.107108107,1,0,34,7,0,0.25,202.6427574,0.25,0.014478582,0.3,130,16.03008725,0
10,10,5.6,55,0,0.13,0.05,0,0.144301257,1,0.01,34,7,0,0.25,112.3506537,0.25,0.009502061,0.3,130,18.11829785,0
10,11,0,0,0,0,0,0,0,0,0,0,0,0,0.25,0,0.25,0,0.3,,0,0
10,12,0,0,0,0,0,0,0,0,0,0,0,0,0.25,0,0.25,0,0.3,,0,0
10,13,0,0,0,0,0,0,0,0,0,0,0,0,0.25,0,0.25,0,0.3,,0,0
10,14,0,0,0,0,0,0,0,0,0,0,0,0,0.25,0,0.25,0,0.3,,0,0
10,15,0,0,0,0,0,0,0,0,0,0,0,0,0.25,0,0.25,0,0.3,,0,0
10,16,0,0,0,0,0,0,0,0,0,0,0,0,0.25,0,0.25,0,0.3,,0,0
10,17,0,0,0,0,0,0,0,0,0,0,0,0,0.25,0,0.25,0,0.3,,0,0
10,18,0,0,0,0,0,0,0,0,0,0,0,0,0.25,0,0.25,0,0.3,,0,0
10,19,0,0,0,0,0,0,0,0,0,0,0,0,0.25,0,0.25,0,0.3,,0,0
10,20,0,0,0,0,0,0,0,0,0,0,0,0,0.25,0,0.25,0,0.3,,0,0
10,21,0,0,0,0,0,0,0,0,0,0,0,0,0.25,0,0.25,0,0.3,,0,0
10,22,0,0,0,0,0,0,0,0,0,0,0,0,0.25,0,0.25,0,0.3,,0,0
10,23,0,0,0,0,0,0,0,0,0,0,0,0,0.25,0,0.25,0,0.3,,0,0
10,24,0,0,0,0,0,0,0,0,0,0,0,0,0.25,0,0.25,0,0.3,,0,0
10,25,0,0,0,0,0,0,0,0,0,0,0,0,0.25,0,0.25,0.00E+00,0.3,,0,0
10,26,0,0,0,0,0,0,0,0,0,0,0,0,0.25,0,0.25,0,0.3,,0,0
11,1,6.3,25,0,0.5,1,0,0.399999998,0.65,0.13,35,3,0,0.25,0,0.25,8.68798879,0.3,,1.634000001,0
11,2,6.2,10.1,0,0.5,1,0,0.39985237,0.65,0.13,35,1,0,0.25,0,0.25,10.41176027,0.3,,1.634,0
11,3,5.65,33,0,0.1,0.05,0,0.397192384,1,0,31,6,0,0.25,0,0.25,9.30E-05,0.3,,44.49632038,0
11,4,5.65,33,0,0.1,0.07,0,0.394728031,1,0,31,6,0,0.25,0,0.25,1.12E-03,0.3,,21.62005463,0
11,5,6.5,30,0,0.7,1,0,0.399999998,0.8,0.08,31,2,0,0.25,0,0.25,0,0.3,,0,0
11,6,6.8,10.1,0,0.7,1,0,0.39985237,0.8,0.08,31,1,0,0.25,0,0.25,0,0.3,,0,0
11,7,5.65,33,0,0.06,0.05,0,0.397192384,1,0,31,6,0,0.25,0.013122209,0.25,8.71096E-07,0.3,140,299.9814345,0
11,8,5.65,33,0,0.05,0.07,0,0.394728031,1,0,31,6,0,0.25,0.214034365,0.25,9.56241E-06,0.3,140,145.7562096,0
11,9,0,0,0,0,0,0,0,0,0,0,0,0,0.25,0,0.25,0,0.3,,0,0
11,10,0,0,0,0,0,0,0,0,0,0,0,0,0.25,0,0.25,0,0.3,,0,0
11,11,0,0,0,0,0,0,0,0,0,0,0,0,0.25,0,0.25,0,0.3,,0,0
11,12,0,0,0,0,0,0,0,0,0,0,0,0,0.25,0,0.25,0,0.3,,0,0
11,13,0,0,0,0,0,0,0,0,0,0,0,0,0.25,0,0.25,0,0.3,,0,0
11,14,0,0,0,0,0,0,0,0,0,0,0,0,0.25,0,0.25,0,0.3,,0,0
11,15,0,0,0,0,0,0,0,0,0,0,0,0,0.25,0,0.25,0,0.3,,0,0
11,16,0,0,0,0,0,0,0,0,0,0,0,0,0.25,0,0.25,0,0.3,,0,0
11,17,0,0,0,0,0,0,0,0,0,0,0,0,0.25,0,0.25,0,0.3,,0,0
11,18,0,0,0,0,0,0,0,0,0,0,0,0,0.25,0,0.25,0,0.3,,0,0
11,19,0,0,0,0,0,0,0,0,0,0,0,0,0.25,0,0.25,0,0.3,,0,0
11,20,0,0,0,0,0,0,0,0,0,0,0,0,0.25,0,0.25,0,0.3,,0,0
11,21,0,0,0,0,0,0,0,0,0,0,0,0,0.25,0,0.25,0,0.3,,0,0
11,22,0,0,0,0,0,0,0,0,0,0,0,0,0.25,0,0.25,0,0.3,,0,0
11,23,0,0,0,0,0,0,0,0,0,0,0,0,0.25,0,0.25,0,0.3,,0,0
11,24,0,0,0,0,0,0,0,0,0,0,0,0,0.25,0,0.25,0,0.3,,0,0
11,25,0,0,0,0,0,0,0,0,0,0,0,0,0.25,0,0.25,0.00E+00,0.3,,0,0
11,26,0,0,0,0,0,0,0,0,0,0,0,0,0.25,0,0.25,0,0.3,,0,0
12,1,8.05,130,0,0.8,1,0,0.8,0.6,0.08,10,6,0,0.25,0,0.25,0.076758479,0.3,,5.5141905,0
12,2,6.8,10.1,0,0.7,1,0,0.8,0.6,0.05,33,1,0,0.25,0,0.25,25.65177474,0.3,,1.8380635,0
12,3,6.4,95,0,0.7,0.035,0,0.336893109,1.5,0.01,33,5,0,0.25,0,0.25,3.31678E-05,0.3,,60.74000001,0
12,4,5.4,33,0,0.4,1,0,0.15,1,0,0,6,0,0.25,0,0.25,0.019098547,0.3,,9.044050614,0
12,5,5.4,33,0,0.4,1,0,0.15,1,0,0,6,0,0.25,0,0.25,0.003828268,0.3,,15.07232258,0
12,6,8.05,130,0,0.9,1,0,0.399999997,0.7,0.05,33,6,0,0.25,0,0.25,0.00E+00,0.3,,0,0
12,7,6.8,10.1,0,0.9,1,0,0.399840768,0.3,0.05,33,1,0,0.25,0,0.25,0,0.3,,0,0
12,8,6.4,95,0,0.3,0.035,0,0.336893109,1.5,0.01,33,5,0,0.25,0,0.25,0,0.3,,0,0
12,9,5.4,33,0,0.2,1,0,0.15,1,0,0,6,0,0.25,9.652204528,0.25,0.000329891,0.3,140,51.21090766,0
12,10,5.4,33,0,0.2,1,0,0.15,1,0,0,6,0,0.25,1.376418229,0.25,6.10108E-05,0.3,140,85.34531186,0
12,11,0,0,0,0,0,0,0,0,0,0,0,0,0.25,0,0.25,0,0.3,,0,0
12,12,0,0,0,0,0,0,0,0,0,0,0,0,0.25,0,0.25,0,0.3,,0,0
12,13,0,0,0,0,0,0,0,0,0,0,0,0,0.25,0,0.25,0,0.3,,0,0
12,14,0,0,0,0,0,0,0,0,0,0,0,0,0.25,0,0.25,0,0.3,,0,0
12,15,0,0,0,0,0,0,0,0,0,0,0,0,0.25,0,0.25,0,0.3,,0,0
12,16,0,0,0,0,0,0,0,0,0,0,0,0,0.25,0,0.25,0,0.3,,0,0
12,17,0,0,0,0,0,0,0,0,0,0,0,0,0.25,0,0.25,0,0.3,,0,0
12,18,0,0,0,0,0,0,0,0,0,0,0,0,0.25,0,0.25,0,0.3,,0,0
12,19,0,0,0,0,0,0,0,0,0,0,0,0,0.25,0,0.25,0,0.3,,0,0
12,20,0,0,0,0,0,0,0,0,0,0,0,0,0.25,0,0.25,0,0.3,,0,0
12,21,0,0,0,0,0,0,0,0,0,0,0,0,0.25,0,0.25,0,0.3,,0,0
12,22,0,0,0,0,0,0,0,0,0,0,0,0,0.25,0,0.25,0,0.3,,0,0
12,23,0,0,0,0,0,0,0,0,0,0,0,0,0.25,0,0.25,0,0.3,,0,0
12,24,0,0,0,0,0,0,0,0,0,0,0,0,0.25,0,0.25,0,0.3,,0,0
12,25,0,0,0,0,0,0,0,0,0,0,0,0,0.25,0,0.25,0,0.3,,0,0
12,26,0,0,0,0,0,0,0,0,0,0,0,0,0.25,0,0.25,0,0.3,,0,0
13,1,6.273,30,0,0.9,1,0,0.8,1,0.13,36,3,0,0.25,0,0.25,2.705052682,0.3,,2.58311375,0
13,2,6.936,10.1,0,0.9,1,0,0.599993562,0.6,0.13,36,1,0,0.25,0,0.25,55144.66724,0.3,,0.24337125,0
13,3,7.32,57,0,0.8,1,0,0.5,0.11,0,0,3,0,0.25,0,0.25,0.00514984,0.3,,13.55582065,0
13,4,7.32,130,0,0.8,1,0,0.5,0.1,0,0,5,0,0.25,0,0.25,5.71E-04,0.3,,21.63660229,0
13,5,5,33,0,0.8,1,0,0.5,0.57,0,0,5,0,0.25,0,0.25,3.74E-02,0.3,,8.08409464,0
13,6,7,55,0,0.9,1,0,0.8,1.2,0.13,36,3,0,0.25,0,0.25,0,0.3,,0,0
13,7,6.664,10.1,0,0.9,1,0,0.599993562,0.6,0.13,36,1,0,0.25,0,0.25,0,0.3,,0,0
13,8,7.1736,57,0,0.8,1,0,0.5,0.11,0,0,3,2.065582517,0.25,0,0.25,2.53217E-05,0.3,,63.90601163,0
13,9,7.1736,130,0,0.8,1,0,0.5,0.1,0,0,5,0.740085419,0.25,0,0.25,3.33518E-06,0.3,,64.90980685,0
13,10,5,33,0,0.8,1,0,0.5,0.57,0,0,5,171.3705555,0.25,0,0.25,0.000400622,0.3,,24.25228392,0
13,11,0,0,0,0,0,0,0,0,0,0,0,0,0.25,0,0.25,0,0.3,,0,0
13,12,0,0,0,0,0,0,0,0,0,0,0,0,0.25,0,0.25,0,0.3,,0,0
13,13,0,0,0,0,0,0,0,0,0,0,0,0,0.25,0,0.25,0,0.3,,0,0
13,14,0,0,0,0,0,0,0,0,0,0,0,0,0.25,0,0.25,0,0.3,,0,0
13,15,0,0,0,0,0,0,0,0,0,0,0,0,0.25,0,0.25,0,0.3,,0,0
13,16,0,0,0,0,0,0,0,0,0,0,0,0,0.25,0,0.25,0,0.3,,0,0
13,17,0,0,0,0,0,0,0,0,0,0,0,0,0.25,0,0.25,0,0.3,,0,0
13,18,0,0,0,0,0,0,0,0,0,0,0,0,0.25,0,0.25,0,0.3,,0,0
13,19,0,0,0,0,0,0,0,0,0,0,0,0,0.25,0,0.25,0,0.3,,0,0
13,20,0,0,0,0,0,0,0,0,0,0,0,0,0.25,0,0.25,0,0.3,,0,0
13,21,0,0,0,0,0,0,0,0,0,0,0,0,0.25,0,0.25,0,0.3,,0,0
13,22,0,0,0,0,0,0,0,0,0,0,0,0,0.25,0,0.25,0,0.3,,0,0
13,23,0,0,0,0,0,0,0,0,0,0,0,0,0.25,0,0.25,0,0.3,,0,0
13,24,0,0,0,0,0,0,0,0,0,0,0,0,0.25,0,0.25,0,0.3,,0,0
13,25,0,0,0,0,0,0,0,0,0,0,0,0,0.25,0,0.25,0,0.3,,0,0
13,26,0,0,0,0,0,0,0,0,0,0,0,0,0.25,0,0.25,0,0.3,,0,0
14,1,6.027,30,0,0.4,0.05,0,0.998894137,0.5,0.1,32,3,0,0.25,0,0.25,0.018198096,0.3,,10.3,0
14,2,6.027,30,0,0.4,0.03,0,0.977905417,0.4,0.1,32,5,0,0.25,0,0.25,0.00340589,0.3,,13.382,0
14,3,0,0,0,0,0,0,0,0,0,0,0,0,0.25,0,0.25,0,0.3,,0,0
14,4,0,0,0,0,0,0,0,0,0,0,0,0,0.25,0,0.25,0,0.3,,0,0
14,5,0,0,0,0,0,0,0,0,0,0,0,0,0.25,0,0.25,0,0.3,,0,0
14,6,0,0,0,0,0,0,0,0,0,0,0,0,0.25,0,0.25,0,0.3,,0,0
14,7,0,0,0,0,0,0,0,0,0,0,0,0,0.25,0,0.25,0,0.3,,0,0
14,8,0,0,0,0,0,0,0,0,0,0,0,0,0.25,0,0.25,0,0.3,,0,0
14,9,0,0,0,0,0,0,0,0,0,0,0,0,0.25,0,0.25,0,0.3,,0,0
14,10,0,0,0,0,0,0,0,0,0,0,0,0,0.25,0,0.25,0,0.3,,0,0
14,11,0,0,0,0,0,0,0,0,0,0,0,0,0.25,0,0.25,0,0.3,,0,0
14,12,0,0,0,0,0,0,0,0,0,0,0,0,0.25,0,0.25,0,0.3,,0,0
14,13,0,0,0,0,0,0,0,0,0,0,0,0,0.25,0,0.25,0,0.3,,0,0
14,14,0,0,0,0,0,0,0,0,0,0,0,0,0.25,0,0.25,0,0.3,,0,0
14,15,0,0,0,0,0,0,0,0,0,0,0,0,0.25,0,0.25,0,0.3,,0,0
14,16,0,0,0,0,0,0,0,0,0,0,0,0,0.25,0,0.25,0,0.3,,0,0
14,17,0,0,0,0,0,0,0,0,0,0,0,0,0.25,0,0.25,0,0.3,,0,0
14,18,0,0,0,0,0,0,0,0,0,0,0,0,0.25,0,0.25,0,0.3,,0,0
14,19,0,0,0,0,0,0,0,0,0,0,0,0,0.25,0,0.25,0,0.3,,0,0
14,20,0,0,0,0,0,0,0,0,0,0,0,0,0.25,0,0.25,0,0.3,,0,0
14,21,0,0,0,0,0,0,0,0,0,0,0,0,0.25,0,0.25,0,0.3,,0,0
14,22,0,0,0,0,0,0,0,0,0,0,0,0,0.25,0,0.25,0,0.3,,0,0
14,23,0,0,0,0,0,0,0,0,0,0,0,0,0.25,0,0.25,0,0.3,,0,0
14,24,0,0,0,0,0,0,0,0,0,0,0,0,0.25,0,0.25,0,0.3,,0,0
14,25,0,0,0,0,0,0,0,0,0,0,0,0,0.25,0,0.25,0,0.3,,0,0
14,26,0,0,0,0,0,0,0,0,0,0,0,0,0.25,0,0.25,0,0.3,,0,0
15,1,5.3,25,0,0.6,1,0,0.599999957,1.25,0.05,29,2,0,0.25,0,0.25,95.42927344,0.3,,0.685,0
15,2,6,10.1,0,0.6,1,0,0.59975851,0.5,0.05,29,1,0,0.25,0,0.25,216.4967366,0.3,,0.685,0
15,3,5.05,33,0,0.2,0.13,0,0.394728031,0.5,0,29,6,0,0.25,0,0.25,0.010462701,0.3,,9.09580425,0
15,4,7.3932,57,0,0.2,0.15,0,0.24995319,0.075,0.035,29,6,0,0.25,0,0.25,6.286909664,0.3,,1.433406,0
15,5,5.353,25,0,0.6,1,0,0.599999957,1.25,0.05,29,2,0,0.25,0,0.25,0,0.3,,0,0
15,6,6.06,10.1,0,0.6,1,0,0.59975851,0.5,0.05,29,1,0,0.25,0,0.25,0,0.3,,0,0
15,7,5.05,33,0,0.2,0.13,0,0.394728031,0.5,0,29,6,0,0.25,72.77707074,0.25,0.010871609,0.3,130,17.00215718,0
15,8,7.3932,57,0,0.2,0.15,0,0.24995319,0.075,0.035,29,6,0,0.25,130104.5807,0.25,5.13776703,0.3,130,2.6793666,0
15,9,0,0,0,0,0,0,0,0,0,0,0,0,0.25,0,0.25,0,0.3,,0,0
15,10,0,0,0,0,0,0,0,0,0,0,0,0,0.25,0,0.25,0,0.3,,0,0
15,11,0,0,0,0,0,0,0,0,0,0,0,0,0.25,0,0.25,0,0.3,,0,0
15,12,0,0,0,0,0,0,0,0,0,0,0,0,0.25,0,0.25,0,0.3,,0,0
15,13,0,0,0,0,0,0,0,0,0,0,0,0,0.25,0,0.25,0,0.3,,0,0
15,14,0,0,0,0,0,0,0,0,0,0,0,0,0.25,0,0.25,0,0.3,,0,0
15,15,0,0,0,0,0,0,0,0,0,0,0,0,0.25,0,0.25,0,0.3,,0,0
15,16,0,0,0,0,0,0,0,0,0,0,0,0,0.25,0,0.25,0,0.3,,0,0
15,17,0,0,0,0,0,0,0,0,0,0,0,0,0.25,0,0.25,0,0.3,,0,0
15,18,0,0,0,0,0,0,0,0,0,0,0,0,0.25,0,0.25,0,0.3,,0,0
15,19,0,0,0,0,0,0,0,0,0,0,0,0,0.25,0,0.25,0,0.3,,0,0
15,20,0,0,0,0,0,0,0,0,0,0,0,0,0.25,0,0.25,0,0.3,,0,0
15,21,0,0,0,0,0,0,0,0,0,0,0,0,0.25,0,0.25,0,0.3,,0,0
15,22,0,0,0,0,0,0,0,0,0,0,0,0,0.25,0,0.25,0,0.3,,0,0
15,23,0,0,0,0,0,0,0,0,0,0,0,0,0.25,0,0.25,0,0.3,,0,0
15,24,0,0,0,0,0,0,0,0,0,0,0,0,0.25,0,0.25,0,0.3,,0,0
15,25,0,0,0,0,0,0,0,0,0,0,0,0,0.25,0,0.25,0,0.3,,0,0
15,26,0,0,0,0,0,0,0,0,0,0,0,0,0.25,0,0.25,0,0.3,,0,0
16,1,6.944,85,0,0.5,0.01,0,0.513231396,0.4,0.035,35,6,0,0.25,0,0.25,1.246920928,0.3,,2.104956035,0
16,2,6.72,47.70412885,0,0.5,0.01,0,0.494912676,0.32,0.035,35,5,0,0.25,0,0.25,7.703139303,0.3,,1.403848152,0
16,3,6.944,85,0,0.5,0.01,0,0.569465432,0.4,0.035,35,6,0,0.25,0,0.25,4.735222162,0.3,,1.522195814,0
16,4,5.8,28.7,0,0.7,0.01,0,0.569465432,0.6,0.11,40,6,0,0.25,0,0.25,3.636538225,0.3,,1.613,0
16,5,5.65,28.2,0,0.7,0.01,0,0.569465432,0.9,0.05,45,5,0,0.25,0,0.25,78.21223624,0.3,,0.762,0
16,6,5.73,28.34,0,0.7,0.01,0,0.569465432,0.9,0.08,45,6,0,0.25,0,0.25,24.06328637,0.3,,1.021,0
16,7,5.84,28.78,0,0.7,0.01,0,0.569465432,0.9,0.09,40,6,0,0.25,0,0.25,10974.29021,0.3,,0.175,0
16,8,5.69,28.33,0,0.7,0.01,0,0.569465432,0.9,0.05,45,5,0,0.25,0,0.25,73088.85943,0.3,,0.099,0
16,9,5.75,28.39,0,0.7,0.01,0,0.569465432,0.9,0.07,45,6,0,0.25,0,0.25,44097.85998,0.3,,0.107,0
16,10,6.05,29.99,0,0.7,0.01,0,0.569465432,0.9,0.08,45,6,0,0.25,0,0.25,1682.974421,0.3,,0.313,0
16,11,5.68,28.36,0,0.7,0.01,0,0.569465432,0.9,0.05,50,5,0,0.25,0,0.25,409.154034,0.3,,0.452,0
16,12,5.86,29.31,0,0.7,0.01,0,0.569465432,0.9,0.05,50,6,0,0.25,0,0.25,1109.682423,0.3,,0.317,0
16,13,5.8,28.7,0,0.25,0.01,0,0,0.5,0,50,6,0,0.25,0,0.25,186.5372769,0.3,,0.322999998,0
16,14,5.65,28.2,0,0.25,0.01,0,0,0.5,0,50,5,0,0.25,0,0.25,1147.920537,0.3,,0.2,0
16,15,5.73,28.34,0,0.25,0.01,0,0,0.5,0,50,6,0,0.25,0,0.25,342.7410323,0.3,,0.263999999,0
16,16,5.84,28.78,0,0.25,0.01,0,0,0.5,0,50,6,0,0.25,0,0.25,204817.3335,0.3,,0.040000002,0
16,17,5.69,28.33,0,0.25,0.01,0,0,0.5,0,50,5,0,0.25,0,0.25,1220265.677,0.3,,0.025,0
16,18,5.75,28.39,0,0.25,0.01,0,0,0.5,0,50,6,0,0.25,0,0.25,550355.3203,0.3,,0.029,0
16,19,6.05,29.99,0,0.25,0.01,0,0,0.5,0,50,6,0,0.25,0,0.25,7328.540957,0.3,,0.115,0
16,20,5.68,28.36,0,0.25,0.01,0,0,0.5,0,50,5,0,0.25,0,0.25,1614.65454,0.3,,0.181999999,0
16,21,5.86,29.31,0,0.25,0.01,0,0,0.5,0,50,6,0,0.25,0,0.25,4402.884721,0.3,,0.126999999,0
16,22,0,0,0,0,0,0,0,0,0,0,0,0,0.25,0,0.25,0,0.3,,0,0
16,23,0,0,0,0,0,0,0,0,0,0,0,0,0.25,0,0.25,0,0.3,,0,0
16,24,0,0,0,0,0,0,0,0,0,0,0,0,0.25,0,0.25,0,0.3,,0,0
16,25,0,0,0,0,0,0,0,0,0,0,0,0,0.25,0,0.25,0,0.3,,0,0
16,26,0,0,0,0,0,0,0,0,0,0,0,0,0.25,0,0.25,0,0.3,,0,0
