DUMMY,DUMMY,DUMMY,1
1,1,1,116.6291661
1,1,2,176.7582502
1,1,3,206.6580015
1,1,4,210.4954042
1,1,5,240.3193299
1,1,6,258.879229
1,1,7,286.3997701
1,1,8,286.6674485
1,1,9,297.8268901
1,1,10,283.0812993
1,1,11,274.9137617
1,1,12,293.4727019
1,1,13,276.1833364
1,1,14,298.1738504
1,1,15,285.7687952
1,1,16,273.7860809
1,1,17,287.7837156
1,1,18,279.2033854
1,1,19,310.7156033
1,1,20,5647.565286
1,2,1,4.188243945
1,2,2,6.323873215
1,2,3,7.184818638
1,2,4,7.303505916
1,2,5,8.07802261
1,2,6,8.522936685
1,2,7,9.185935419
1,2,8,9.173058626
1,2,9,9.753032481
1,2,10,9.096766279
1,2,11,9.645726964
1,2,12,9.320878131
1,2,13,8.927620394
1,2,14,10.15950768
1,2,15,10.58767731
1,2,16,10.77095001
1,2,17,10.7023727
1,2,18,9.522228428
1,2,20,151.9941172
1,3,1,4.1888506
1,3,2,6.324802117
1,3,3,7.18717512
1,3,4,7.304970441
1,3,5,8.079450364
1,3,6,8.522817024
1,3,7,9.1872326
1,3,8,9.173549896
1,3,9,9.414718838
1,3,10,9.096852135
1,3,11,8.895491226
1,3,12,9.319567788
1,3,13,8.923505466
1,3,14,10.13741085
1,3,15,9.139646159
1,3,16,8.863875776
1,3,17,9.194654924
1,3,18,8.97806305
1,3,19,9.784742199
1,3,20,1401.634104
1,4,1,116.7618183
1,4,2,177.1268902
1,4,3,207.1458394
1,4,4,210.9611368
1,4,5,240.7484812
1,4,6,259.406881
1,4,7,286.9293074
1,4,8,287.1330016
1,4,9,298.3819938
1,4,10,283.5866498
1,4,11,275.3765813
1,4,12,294.0252759
1,4,13,276.6875537
1,4,14,298.6257433
1,4,15,286.3139313
1,4,16,274.2898975
1,4,17,288.17145
1,4,18,279.7499507
1,4,19,313.860259
1,4,20,8505.635365
1,5,1,4.479868935
1,5,2,6.568113822
1,5,3,7.417073141
1,5,4,7.533092481
1,5,5,8.29771227
1,5,6,8.736464919
1,5,7,9.39371292
1,5,8,9.380249835
1,5,9,9.618894427
1,5,10,9.30450004
1,5,11,9.104634777
1,5,12,9.524838296
1,5,13,9.133037788
1,5,14,10.5025515
1,5,15,9.349884276
1,5,16,10.19248793
1,5,17,10.70550244
1,5,18,9.18772318
1,5,19,7.654175022
1,5,20,288.7561452
1,6,1,4.479717202
1,6,2,6.568093727
1,6,3,7.417264239
1,6,4,7.533451157
1,6,5,8.298005049
1,6,6,8.736297916
1,6,7,9.393524978
1,6,8,9.379992718
1,6,9,9.618915316
1,6,10,9.304202549
1,6,11,9.10488186
1,6,12,9.524769787
1,6,13,9.132427571
1,6,14,9.632605402
1,6,15,10.3751507
1,6,16,9.072832447
1,6,17,9.401176207
1,6,18,9.186420271
1,6,20,1745.422373
1,7,1,3.525918866
1,7,2,5.532773355
1,7,3,6.325240087
1,7,4,6.433124462
1,7,5,7.138589106
1,7,6,7.540210516
1,7,7,7.87091635
1,7,8,8.126848964
1,7,9,8.344732056
1,7,10,8.058206214
1,7,11,7.877418991
1,7,12,8.462853592
1,7,13,7.905755012
1,7,14,8.411418819
1,7,15,8.091712532
1,7,16,8.353513357
1,7,17,8.144055514
1,7,18,7.959423717
1,7,19,8.175977239
1,7,20,203.9636402
1,8,1,3.525985526
1,8,2,5.53277813
1,8,3,6.325088419
1,8,4,6.431953907
1,8,5,7.136361576
1,8,6,7.291161807
1,8,7,7.137234365
1,8,8,8.127818089
1,8,9,8.345094224
1,8,10,8.05699666
1,8,11,7.874046356
1,8,12,8.385992951
1,8,13,7.901267612
1,8,14,8.356694929
1,8,15,8.102449633
1,8,16,7.856051927
1,8,17,8.158816475
1,8,18,8.385877322
1,8,19,7.569954217
1,8,20,176.6891857
1,9,1,4.796549194
1,9,2,7.129216423
1,9,3,8.085840496
1,9,4,8.217000305
1,9,5,9.082143832
1,9,6,9.579417466
1,9,7,10.32673228
1,9,8,10.31182719
1,9,9,10.58385359
1,9,10,10.22543091
1,9,11,9.998693238
1,9,12,11.04418596
1,9,13,11.51160441
1,9,14,11.76699569
1,9,15,10.2738435
1,9,16,10.69326433
1,9,17,10.33560775
1,9,18,10.06320584
1,9,19,9.101362844
1,9,20,424.4666507
1,10,1,4.796538975
1,10,2,7.129196266
1,10,3,8.085831227
1,10,4,8.217021601
1,10,5,9.081347513
1,10,6,9.577855607
1,10,7,9.842148609
1,10,8,10.16168516
1,10,9,10.58382676
1,10,10,10.22541237
1,10,11,9.998582689
1,10,12,10.09271946
1,10,13,10.03064064
1,10,14,10.6225011
1,10,15,10.31955559
1,10,16,10.50437192
1,10,17,10.33945736
1,10,18,10.08467822
1,10,19,10.77328723
1,10,20,465.8456225
1,11,1,3.525495142
1,11,2,5.532357986
1,11,3,6.324794744
1,11,4,6.432200723
1,11,5,7.137437628
1,11,6,7.539248859
1,11,7,8.138984242
1,11,8,8.127098966
1,11,9,8.343198447
1,11,10,8.05855089
1,11,11,7.874609924
1,11,12,8.474291001
1,11,13,7.901709536
1,11,14,8.443762949
1,11,15,8.657762084
1,11,16,7.853084732
1,11,17,8.363979271
1,11,18,8.470765319
1,11,19,8.192014304
1,11,20,101.617388
1,12,1,3.52582157
1,12,2,5.53272466
1,12,3,6.325360253
1,12,4,6.432921706
1,12,5,7.138046515
1,12,6,7.539950197
1,12,7,8.13952816
1,12,8,8.127656158
1,12,9,8.344819727
1,12,10,8.058719461
1,12,11,7.877353994
1,12,12,8.415551556
1,12,13,8.825340119
1,12,14,8.356622169
1,12,15,8.588547863
1,12,16,7.852998943
1,12,17,8.153220931
1,12,18,7.950871756
1,12,19,7.264109546
1,12,20,202.2090958
1,13,1,4.79654355
1,13,2,7.129204957
1,13,3,8.085837964
1,13,4,8.217022169
1,13,5,9.082225024
1,13,6,9.5796635
1,13,7,10.32725942
1,13,8,10.31181724
1,13,9,10.58381065
1,13,10,10.22541656
1,13,11,9.998668184
1,13,12,10.47666689
1,13,13,10.03051392
1,13,14,10.59967719
1,13,15,11.35578779
1,13,16,11.54727963
1,13,17,10.3355348
1,13,18,11.03608866
1,13,19,11.78425672
1,13,20,719.7720736
1,14,1,4.796546342
1,14,2,7.129201123
1,14,3,8.085841607
1,14,4,8.21703487
1,14,5,9.082274361
1,14,6,9.579188585
1,14,7,10.00074428
1,14,8,10.31149339
1,14,9,10.58383702
1,14,10,10.22540017
1,14,11,9.998504722
1,14,12,10.05524367
1,14,13,10.03054658
1,14,14,10.67067256
1,14,15,11.23567293
1,14,16,11.02728578
1,14,17,10.33560139
1,14,18,12.85236764
1,14,19,13.61631802
1,14,20,506.311634
1,15,1,307.1591226
1,15,2,440.3989898
1,15,3,587.3778524
1,15,4,621.6597215
1,15,5,889.6082969
1,15,6,614.7527089
1,15,7,776.1425474
1,15,8,939.6220734
1,15,9,1078.455159
1,15,10,1128.922593
1,15,11,1113.224125
1,15,12,1140.641968
1,15,13,1166.497299
1,15,14,1203.666975
1,15,15,1221.706143
1,15,16,1218.380951
1,15,17,1197.971498
1,15,18,1131.82412
1,15,20,4594.104053
1,16,1,4.796424272
1,16,2,7.129016232
1,16,3,8.085506296
1,16,4,8.216529971
1,16,5,9.081844449
1,16,6,9.578991655
1,16,7,9.909241822
1,16,8,10.31138249
1,16,9,10.58388382
1,16,10,11.01801886
1,16,11,10.86845062
1,16,12,10.94141037
1,16,13,10.03242976
1,16,14,10.11052164
1,16,15,10.03277292
1,16,16,9.958279235
1,16,17,10.33669884
1,16,19,10.40306398
1,16,20,91.61078709
1,17,1,4.204089395
1,17,2,6.085805276
1,17,3,6.844737309
1,17,4,6.948359836
1,17,5,7.628890661
1,17,6,8.018562547
1,17,7,8.307924384
1,17,8,8.589005834
1,17,9,8.800544011
1,17,10,8.660229736
1,17,11,8.348449909
1,17,12,8.460737749
1,17,13,8.372011102
1,17,14,8.792987595
1,17,15,8.635616516
1,17,16,8.318287615
1,17,17,8.609859854
1,17,18,9.353889696
1,17,19,10.29275436
1,17,20,142.5272524
1,18,1,15.77668786
1,18,2,23.7688158
1,18,3,27.38656684
1,18,4,27.89588049
1,18,5,31.34098187
1,18,6,33.38387264
1,18,7,34.8069576
1,18,8,36.46685312
1,18,9,37.63532714
1,18,10,36.0996786
1,18,11,35.6800971
1,18,12,36.05806521
1,18,13,35.27447167
1,18,14,37.39732716
1,18,15,37.29479502
1,18,16,37.37227456
1,18,17,36.57518771
1,18,18,38.36662347
1,18,19,37.69652948
1,18,20,277.0761762
1,19,1,7.967893831
1,19,2,11.80072805
1,19,3,13.45158349
1,19,4,13.68058162
1,19,5,13.83602381
1,19,6,13.21121617
1,19,7,13.7538095
1,19,8,14.71576574
1,19,9,15.74531197
1,19,10,16.18194182
1,19,11,16.61682907
1,19,12,17.00068934
1,19,13,17.48537183
1,19,14,17.52454451
1,19,15,17.17042553
1,19,16,17.60903396
1,19,17,18.13888142
1,19,18,20.09043838
1,19,19,18.66608219
1,19,20,87.82117724
1,20,1,4.796388097
1,20,2,7.128861829
1,20,3,8.085263642
1,20,4,8.216289266
1,20,5,9.08006687
1,20,6,9.578087919
1,20,7,10.32591226
1,20,8,10.31154251
1,20,9,10.58352442
1,20,10,10.22514797
1,20,11,10.75694173
1,20,12,10.47583054
1,20,13,10.03207947
1,20,14,10.59104667
1,20,15,10.94183238
1,20,16,9.962989426
1,20,17,10.33239433
1,20,18,10.27638627
1,20,19,10.12646629
1,20,20,223.2613774
1,21,1,4.340101582
1,21,2,3.733144543
1,21,3,2.63582994
1,21,4,4.02201246
1,21,5,7.15805313
1,21,6,9.08832049
1,21,7,10.326457
1,21,8,9.88167849
1,21,9,9.503022842
1,21,10,9.341697769
1,21,11,10.16784164
1,21,12,10.8905483
1,21,13,11.46395595
1,21,14,10.59937686
1,21,15,10.8397574
1,21,16,11.30494775
1,21,17,11.4119972
1,21,18,10.98087481
1,21,19,9.869776297
1,21,20,73.51431365
1,22,1,4.20378259
1,22,2,6.085557216
1,22,3,6.844670945
1,22,4,6.948014769
1,22,5,7.627701524
1,22,6,7.896081179
1,22,7,8.600465056
1,22,8,8.588095779
1,22,9,8.799653468
1,22,10,8.521946953
1,22,11,8.343432156
1,22,12,8.907758329
1,22,13,8.371656434
1,22,14,8.809543348
1,22,15,9.106310522
1,22,16,9.132378136
1,22,17,8.601573926
1,22,18,8.843984362
1,22,19,8.81116051
1,22,20,130.5752688
1,23,1,3.522239854
1,23,2,5.530879492
1,23,3,6.3232183
1,23,4,6.428661315
1,23,5,7.133629669
1,23,6,7.057024693
1,23,7,8.13716604
1,23,8,8.125763868
1,23,9,8.342402898
1,23,10,8.062119225
1,23,11,8.451316701
1,23,12,8.818199213
1,23,13,7.906133096
1,23,14,8.474137539
1,23,15,8.184985517
1,23,16,8.327726616
1,23,17,8.295726208
1,23,18,7.95102609
1,23,19,6.633056504
1,23,20,112.2571299
1,25,1,0.462234117
1,25,2,1.054929532
1,25,3,1.069548081
1,25,4,0.976710727
1,25,5,1.007625482
1,25,6,1.148213258
1,25,7,1.206553533
1,25,8,1.137205652
1,25,9,2.15757354
1,25,10,1.82875889
1,25,11,1.45525664
1,25,12,1.302865838
1,25,13,1.147444529
1,25,14,1.201802436
1,25,15,1.211531577
1,25,16,1.295836436
1,25,17,1.50070974
1,25,18,2.169836874
1,25,19,3.33486857
1,25,20,3.560984407
1,33,1,43.51833804
1,33,2,17.07505948
1,33,3,9.660563162
1,33,4,42.88236992
1,33,5,19.45227207
1,33,6,12.04507562
1,33,7,52.30953151
1,33,8,23.81675475
1,33,9,14.93942062
1,33,10,59.14736901
1,33,11,26.42591218
1,33,12,16.3622566
1,33,13,63.49293809
1,33,14,28.05109434
1,33,15,17.20836093
1,33,16,66.26379528
1,33,17,29.08735623
1,33,18,17.74786087
1,33,19,70.98510248
1,33,20,18.86527809
1,34,1,13.33117149
1,34,2,5.217461834
1,34,3,3.051248421
1,34,4,1.784955068
1,34,5,1.164373873
1,34,6,0.74096478
1,34,7,13.46217703
1,34,8,5.75891176
1,34,9,3.652285235
1,34,10,2.232837178
1,34,11,1.472760099
1,34,12,0.977167222
1,34,13,17.56322643
1,34,14,7.211856373
1,34,15,4.421212368
1,34,16,2.632105609
1,34,17,1.7030734
1,34,18,1.117157151
1,34,19,20.61003372
1,34,20,0.029270474
1,35,1,182.2059747
1,35,2,70.91216763
1,35,3,41.28883322
1,35,4,24.17092573
1,35,5,15.94354906
1,35,6,35.84586532
1,35,7,122.0956805
1,35,8,78.14202396
1,35,9,50.07234468
1,35,10,30.64728834
1,35,11,20.58440561
1,35,12,91.83876656
1,35,13,160.8852147
1,35,14,99.08479634
1,35,15,61.25858872
1,35,16,36.34629412
1,35,17,23.85543499
1,35,18,108.1516251
1,35,19,193.0136594
1,35,20,83.14451299
1,36,1,62.2065768
1,36,2,24.55156804
1,36,3,14.11465045
1,36,4,60.79869761
1,36,5,27.88697187
1,36,6,17.50652557
1,36,7,73.88011088
1,36,8,34.09098269
1,36,9,21.7410543
1,36,10,83.43273967
1,36,11,37.76931656
1,36,12,23.7694524
1,36,13,89.51758724
1,36,14,40.07553625
1,36,15,24.99001757
1,36,16,93.39745735
1,36,17,41.54604685
1,36,18,25.76828429
1,36,19,100.4247768
1,36,20,26.89079112
1,37,1,26.11672106
1,37,2,10.49819898
1,37,3,6.202097025
1,37,4,3.660068209
1,37,5,2.412578746
1,37,6,1.581385368
1,37,7,27.58327489
1,37,8,11.93614876
1,37,9,7.619871528
1,37,10,4.670177795
1,37,11,3.095718727
1,37,12,2.093994154
1,37,13,36.15289754
1,37,14,15.04786851
1,37,15,9.291340218
1,37,16,5.547098316
1,37,17,3.607017469
1,37,18,2.414019607
1,37,19,42.49906683
1,37,20,0.073624452
1,38,1,198.861363
1,38,2,77.52250209
1,38,3,46.04232813
1,38,4,27.27641614
1,38,5,18.09863887
1,38,6,43.38319556
1,38,7,129.7909916
1,38,8,88.10891213
1,38,9,56.96936922
1,38,10,35.15738793
1,38,11,27.26701367
1,38,12,103.6749348
1,38,13,171.1828464
1,38,14,111.8253932
1,38,15,69.76940543
1,38,16,41.73964425
1,38,17,37.02526125
1,38,18,116.7339041
1,38,19,209.4732436
1,38,20,94.06240746
1,39,1,17.06783552
1,39,2,6.592746971
1,39,3,3.750007639
1,39,4,2.128943951
1,39,5,1.372030795
1,39,6,0.867246146
1,39,7,0.451520003
1,39,8,18.02139254
1,39,9,7.715628676
1,39,10,4.619258959
1,39,11,2.705726468
1,39,12,1.815684688
1,39,13,1.131516123
1,39,14,0.605317054
1,39,15,24.30118959
1,39,16,10.01212514
1,39,17,5.793759315
1,39,18,3.3050561
1,39,19,3.733345191
1,39,20,0.039988395
1,40,1,17.99064804
1,40,2,6.998250694
1,40,3,3.971113278
1,40,4,2.26470441
1,40,5,1.451949834
1,40,6,0.888242561
1,40,7,0.457051991
1,40,8,19.01850206
1,40,9,8.174058159
1,40,10,4.876731507
1,40,11,2.862505084
1,40,12,1.88796438
1,40,13,1.175835136
1,40,14,0.621336493
1,40,15,25.93848566
1,40,16,10.73697074
1,40,17,6.185383412
1,40,18,3.532659469
1,40,19,4.582555439
1,40,20,0.053479336
1,41,1,61.33547289
1,41,2,23.88803941
1,41,3,13.7022139
1,41,4,7.918549808
1,41,5,5.141584755
1,41,6,3.27403027
1,41,7,8.519307203
1,41,8,51.86931127
1,41,9,28.21752164
1,41,10,17.05126786
1,41,11,10.15817365
1,41,12,6.850992777
1,41,13,4.249013067
1,41,14,20.20803075
1,41,15,69.71282612
1,41,16,36.47782272
1,41,17,21.30622786
1,41,18,12.36059261
1,41,19,13.93661334
1,41,20,0.134933132
1,42,1,54.89487122
1,42,2,21.26364786
1,42,3,12.19994849
1,42,4,7.010829221
1,42,5,4.518381623
1,42,6,2.867787427
1,42,7,1.460045955
1,42,8,17.85883049
1,42,9,32.24127782
1,42,10,25.8902938
1,42,11,15.50835821
1,42,12,9.076421536
1,42,13,6.054340478
1,42,14,5.144324461
1,42,15,12.02581675
1,42,16,20.44158353
1,42,17,44.4970245
1,42,18,34.19938516
1,42,19,24.96182433
1,42,20,0.111724124
1,43,1,5.791461012
1,43,2,2.220672134
1,43,3,1.272769632
1,43,4,0.734026342
1,43,5,0.46729824
1,43,6,0.300602796
1,43,7,0.16620462
1,43,8,6.120015896
1,43,9,2.624057549
1,43,10,1.584979034
1,43,11,0.941436577
1,43,12,0.628931396
1,43,13,0.388023128
1,43,14,0.21819047
1,43,15,8.164874535
1,43,16,3.367874555
1,43,17,1.953907021
1,43,18,1.351448083
1,43,19,1.310473076
1,43,20,0.010626286
1,44,1,14.04463182
1,44,2,5.406945813
1,44,3,3.08033286
1,44,4,1.7491254
1,44,5,1.131075023
1,44,6,0.720343224
1,44,7,0.391002029
1,44,8,14.91127248
1,44,9,6.387049735
1,44,10,3.828448474
1,44,11,2.239514266
1,44,12,1.49930753
1,44,13,0.949892904
1,44,14,0.526570633
1,44,15,20.20052393
1,44,16,8.327134257
1,44,17,4.823652118
1,44,18,2.746956142
1,44,19,3.634513243
1,44,20,0.036638262
1,45,1,65.22449046
1,45,2,25.2893703
1,45,3,14.76430581
1,45,4,8.633454264
1,45,5,5.664881018
1,45,6,3.639067362
1,45,7,9.869036154
1,45,8,54.99263313
1,45,9,30.59791489
1,45,10,18.65408664
1,45,11,11.21904189
1,45,12,7.654767492
1,45,13,4.706156081
1,45,14,23.29352756
1,45,15,73.48284112
1,45,16,39.32355086
1,45,17,23.17356824
1,45,18,13.57293102
1,45,19,15.44561844
1,45,20,0.12788356
1,46,1,70.44674522
1,46,2,27.20050449
1,46,3,15.63187845
1,46,4,8.989724218
1,46,5,5.798255504
1,46,6,3.683672647
1,46,7,1.878039503
1,46,8,24.02928316
1,46,9,39.28710802
1,46,10,33.17238227
1,46,11,19.89228796
1,46,12,11.63571961
1,46,13,7.764684529
1,46,14,6.603048964
1,46,15,17.05257685
1,46,16,25.99388826
1,46,17,54.16862241
1,46,18,43.77071094
1,46,19,31.94021283
1,46,20,0.14014518
1,47,1,234.2733517
1,47,2,91.63606687
1,47,3,51.62094179
1,47,4,29.77062604
1,47,5,30.56321526
1,47,6,165.730366
1,47,7,86.58692346
1,47,8,52.01286139
1,47,9,34.90593668
1,47,10,74.96365106
1,47,11,190.8849487
1,47,12,107.0558806
1,47,13,62.24429956
1,47,14,40.86352503
1,47,15,99.01004198
1,47,16,211.9448494
1,47,17,120.194041
1,47,18,71.12224108
1,47,19,61.36543615
1,47,20,117.4500602
1,48,1,15.01960533
1,48,2,5.811847619
1,48,3,3.245775487
1,48,4,1.821557764
1,48,5,1.145569392
1,48,6,0.705964172
1,48,7,0.362870233
1,48,8,1.713556521
1,48,9,13.88376634
1,48,10,6.9103534
1,48,11,3.963789743
1,48,12,2.309422999
1,48,13,1.507841083
1,48,14,0.958713175
1,48,15,0.507376572
1,48,16,3.808432525
1,48,17,18.75132955
1,48,18,8.957074306
1,48,19,1.496656933
1,48,20,0.019301648
1,49,1,14.30246871
1,49,2,5.532373054
1,49,3,3.091833299
1,49,4,1.733861284
1,49,5,1.086715112
1,49,6,0.667798022
1,49,7,0.340420815
1,49,8,1.946388177
1,49,9,12.66393771
1,49,10,6.545378898
1,49,11,3.850153468
1,49,12,2.252445177
1,49,13,1.437470358
1,49,14,0.911481963
1,49,15,0.477200193
1,49,16,4.382310602
1,49,17,17.27927324
1,49,18,8.951093381
1,49,19,7.523008752
1,49,20,0.023229362
1,50,1,112.2885452
1,50,2,43.41234181
1,50,3,24.31741314
1,50,4,13.66603969
1,50,5,8.590583424
1,50,6,5.279427812
1,50,7,4.338397433
1,50,8,36.98510318
1,50,9,55.72662208
1,50,10,51.3191304
1,50,11,30.2996183
1,50,12,17.81324211
1,50,13,11.34486223
1,50,14,13.57857477
1,50,15,31.28385798
1,50,16,41.87280653
1,50,17,56.5184513
1,50,18,66.98030514
1,50,19,60.8734206
1,50,20,0.173374684
1,51,1,5.06922236
1,51,2,1.967030151
1,51,3,1.114716376
1,51,4,0.623528141
1,51,5,0.390914306
1,51,6,0.240010896
1,51,7,0.122479711
1,51,8,0.067697654
1,51,9,5.599244267
1,51,10,2.345544167
1,51,11,1.355210525
1,51,12,0.795597398
1,51,13,0.519042266
1,51,14,0.329613444
1,51,15,0.173793877
1,51,16,0.099289411
1,51,17,7.635199609
1,51,18,3.069494138
1,51,19,0.505880582
1,51,20,0.008143232
1,52,1,54.78526298
1,52,2,21.11724115
1,52,3,11.90410619
1,52,4,6.73036296
1,52,5,4.208129499
1,52,6,5.038410384
1,52,7,14.10698074
1,52,8,20.3756363
1,52,9,24.05112753
1,52,10,14.43307158
1,52,11,8.559238777
1,52,12,10.74318948
1,52,13,16.10078189
1,52,14,20.31142957
1,52,15,23.2936829
1,52,16,24.6266308
1,52,17,17.90716163
1,52,18,12.13601444
1,52,19,22.56968939
1,52,20,29.5190406
1,53,1,5.511016528
1,53,2,2.136065161
1,53,3,1.192279757
1,53,4,0.668182758
1,53,5,0.420640185
1,53,6,0.258909272
1,53,7,0.133054773
1,53,8,5.67085554
1,53,9,2.415398877
1,53,10,1.436116706
1,53,11,0.841465295
1,53,12,0.560260466
1,53,13,0.328851515
1,53,14,0.172669513
1,53,15,7.521766586
1,53,16,3.081294843
1,53,17,1.777680472
1,53,18,1.010890954
1,53,19,1.371698274
1,53,20,0.008366719
1,54,1,4.031852451
1,54,2,1.557880398
1,54,3,0.868124245
1,54,4,0.485636645
1,54,5,0.304629506
1,54,6,0.186391523
1,54,7,0.094424763
1,54,8,4.213341435
1,54,9,1.784686853
1,54,10,1.052777328
1,54,11,0.607959767
1,54,12,0.392430551
1,54,13,0.248517514
1,54,14,0.12943701
1,54,15,5.785284784
1,54,16,2.358804222
1,54,17,1.328848904
1,54,18,0.85215815
1,54,19,0.992377613
1,54,20,0.013253431
1,55,1,6.603614868
1,55,2,2.54970826
1,55,3,1.428379537
1,55,4,0.81098976
1,55,5,0.516960645
1,55,6,4.330140463
1,55,7,1.820159468
1,55,8,1.088091171
1,55,9,0.68915501
1,55,10,0.421336127
1,55,11,5.245679558
1,55,12,2.174773817
1,55,13,1.291655414
1,55,14,0.833382144
1,55,15,0.494080004
1,55,16,5.78849158
1,55,17,2.307176352
1,55,18,1.497085738
1,55,19,1.334770836
1,55,20,1.363232444
1,56,1,4.48E-05
1,56,2,1.32E-05
1,56,3,6.57E-06
1,56,4,2.11E-06
1,56,5,2.24E-06
1,56,9,3.18E-05
1,56,10,9.45E-06
1,56,12,1.62E-06
1,56,14,1.13E-06
1,56,17,4.57E-05
1,56,19,1.62E-05
1,56,20,1.81E-06
1,57,1,5.298581017
1,57,2,1.97786167
1,57,3,1.135259515
1,57,4,0.697437284
1,57,5,0.504379291
1,57,6,0.370781859
1,57,7,0.212895483
1,57,8,0.149498658
1,57,9,3.242066664
1,57,10,1.895139134
1,57,11,0.858126595
1,57,12,0.302042907
1,57,13,0.513780091
1,57,14,0.967165158
1,57,15,0.224349926
1,57,16,0.184506544
1,57,17,1.002299166
1,57,18,5.218452912
1,57,19,4.747927837
1,57,20,0.000121833
1,58,1,6.054610068
1,58,2,2.313309968
1,58,3,1.304018537
1,58,4,5.628126777
1,58,5,2.486287992
1,58,6,1.515023989
1,58,7,6.811540484
1,58,8,2.994824698
1,58,9,1.847401285
1,58,10,7.702898045
1,58,11,3.295675551
1,58,12,2.00114949
1,58,13,8.247914009
1,58,14,3.491128324
1,58,15,2.101021431
1,58,16,8.595539308
1,58,17,3.615754514
1,58,18,2.202326554
1,58,19,8.877498132
1,58,20,0.092651421
1,59,1,2.776045979
1,59,2,1.074218051
1,59,3,0.628277368
1,59,4,0.371726754
1,59,5,0.246367448
1,59,6,0.162133889
1,59,7,2.762780882
1,59,8,1.157499296
1,59,9,0.735682657
1,59,10,0.455957981
1,59,11,0.306698227
1,59,12,0.211279547
1,59,13,3.575038504
1,59,14,1.433867286
1,59,15,0.880411493
1,59,16,0.53080453
1,59,17,0.34996642
1,59,18,0.23752225
1,59,19,4.189718549
1,59,20,0.004179057
1,60,1,25.04208235
1,60,2,9.676329245
1,60,3,5.543409591
1,60,4,3.189422334
1,60,5,2.06263076
1,60,6,1.278151163
1,60,7,24.69900797
1,60,8,10.32163189
1,60,9,6.498659786
1,60,10,3.92487474
1,60,11,2.570217232
1,60,12,1.661174258
1,60,13,32.44044514
1,60,14,13.03764911
1,60,15,7.93934667
1,60,16,4.671002139
1,60,17,3.000905558
1,60,18,1.922030457
1,60,19,38.07696472
1,60,20,0.067649711
1,61,1,4.943339505
1,61,2,1.881599117
1,61,3,1.04959996
1,61,4,5.064778237
1,61,5,2.212891433
1,61,6,1.338496469
1,61,7,6.251781136
1,61,8,2.721947996
1,61,9,1.652175642
1,61,10,7.105438223
1,61,11,3.035153658
1,61,12,1.818501622
1,61,13,7.642436016
1,61,14,3.227012342
1,61,15,1.915094237
1,61,16,7.984840927
1,61,17,3.34934684
1,61,18,2.029497283
1,61,19,8.287351573
1,61,20,0.130039076
1,62,1,12.92522125
1,62,2,5.028251658
1,62,3,3.067394362
1,62,4,1.860392571
1,62,5,1.255162316
1,62,6,0.839562517
1,62,7,13.89084246
1,62,8,5.924316775
1,62,9,3.883908469
1,62,10,2.43765128
1,62,11,1.676580754
1,62,12,1.00283237
1,62,13,18.07424539
1,62,14,7.416524933
1,62,15,4.699301627
1,62,16,2.872009025
1,62,17,1.937489741
1,62,18,1.143029079
1,62,19,19.88402157
1,62,20,0.029333478
1,63,1,29.89389961
1,63,2,11.52934325
1,63,3,6.696619764
1,63,4,3.887097454
1,63,5,2.522481217
1,63,6,1.627883192
1,63,7,30.41618367
1,63,8,12.78884913
1,63,9,8.099372002
1,63,10,4.902840094
1,63,11,3.207219895
1,63,12,2.138460264
1,63,13,40.22949584
1,63,14,16.26462446
1,63,15,9.969542959
1,63,16,5.879667531
1,63,17,3.773370313
1,63,18,2.494518956
1,63,19,44.52921426
1,63,20,0.097457081
1,64,1,3.907923015
1,64,2,1.50884516
1,64,3,0.857694968
1,64,4,0.493064045
1,64,5,0.306979989
1,64,6,0.18828435
1,64,7,0.096983055
1,64,8,4.077769201
1,64,9,1.742129222
1,64,10,1.047162312
1,64,11,0.626289624
1,64,12,0.383726446
1,64,13,0.242819433
1,64,14,0.128463055
1,64,15,5.450714248
1,64,16,2.240619934
1,64,17,1.302100068
1,64,18,0.758925347
1,64,19,0.378653301
1,64,20,0.007341279
1,65,1,4.312819549
1,65,2,1.665694248
1,65,3,0.943385265
1,65,4,0.53926715
1,65,5,0.337781162
1,65,6,0.205059144
1,65,7,0.105217057
1,65,8,4.519556269
1,65,9,1.928048509
1,65,10,1.152078673
1,65,11,0.679158269
1,65,12,0.44269946
1,65,13,0.268297046
1,65,14,0.141525752
1,65,15,6.106864464
1,65,16,2.50704154
1,65,17,1.447846208
1,65,18,0.830926654
1,65,19,0.920757689
1,65,20,0.010435135
1,66,1,7.865551425
1,66,2,3.05720114
1,66,3,1.728393593
1,66,4,0.992797362
1,66,5,0.622267548
1,66,6,0.378613697
1,66,7,0.195363487
1,66,8,8.215760013
1,66,9,3.511573785
1,66,10,2.107268558
1,66,11,1.251187981
1,66,12,0.822924634
1,66,13,0.48828882
1,66,14,0.258421857
1,66,15,10.99343888
1,66,16,4.520610588
1,66,17,2.622135283
1,66,18,1.516105314
1,66,19,1.698821375
1,66,20,0.015224145
1,67,1,6.220016189
1,67,2,2.414631022
1,67,3,1.367890826
1,67,4,0.764176634
1,67,5,0.478910151
1,67,6,0.293717924
1,67,7,0.149452043
1,67,8,0.081937645
1,67,9,6.867625674
1,67,10,2.865801356
1,67,11,1.697933798
1,67,12,0.976479837
1,67,13,0.637108566
1,67,14,0.404092331
1,67,15,0.211999727
1,67,16,0.119669659
1,67,17,9.424575136
1,67,18,5.003068483
1,67,19,0.596014003
1,67,20,0.011409779
1,68,1,2.942389772
1,68,2,1.137272192
1,68,3,0.634517296
1,68,4,0.3542589
1,68,5,0.222627245
1,68,6,0.136721549
1,68,7,0.070319799
1,68,8,3.0587199
1,68,9,1.30163041
1,68,10,0.776289407
1,68,11,0.429616985
1,68,12,0.2810925
1,68,13,0.178564892
1,68,14,0.094767431
1,68,15,4.113041347
1,68,16,1.684822422
1,68,17,0.972176829
1,68,18,0.009823911
1,68,19,0.009880096
1,68,20,0.006056358
1,69,1,0.749331456
1,69,2,0.28896821
1,69,3,0.160932149
1,69,4,0.089966182
1,69,5,0.056509557
1,69,6,0.034297116
1,69,7,0.017407179
1,69,8,0.778123254
1,69,9,0.329832269
1,69,10,0.195043317
1,69,11,0.113324064
1,69,12,0.074432116
1,69,13,0.044471192
1,69,14,0.023170065
1,69,15,1.044791766
1,69,16,0.426110238
1,69,17,0.243574783
1,69,18,0.137853752
1,69,19,0.158401862
1,69,20,0.001549554
1,70,1,4.900026816
1,70,2,1.898985665
1,70,3,1.080052207
1,70,4,0.604051515
1,70,5,0.37969882
1,70,6,0.231339769
1,70,7,0.119064663
1,70,8,5.08475597
1,70,9,2.171092575
1,70,10,1.304697608
1,70,11,0.761062663
1,70,12,0.503543181
1,70,13,0.296604866
1,70,14,0.156441999
1,70,15,6.779899347
1,70,16,2.784828956
1,70,17,1.61761038
1,70,18,0.919222528
1,70,19,1.045800204
1,70,20,0.00861186
1,71,1,7.082943823
1,71,2,2.762536526
1,71,3,1.566959254
1,71,4,0.876473223
1,71,5,0.549304078
1,71,6,0.337232054
1,71,7,0.1720591
1,71,8,0.096841143
1,71,9,7.852462455
1,71,10,3.279433771
1,71,11,1.90848052
1,71,12,1.122257867
1,71,13,0.733070343
1,71,14,0.466287427
1,71,15,0.879598285
1,71,16,0.147903998
1,71,17,10.78476829
1,71,18,0.020514009
1,71,19,0.701716826
1,71,20,0.013084421
1,72,1,4.28437076
1,72,2,1.642694602
1,72,3,0.915308733
1,72,4,0.518003763
1,72,5,0.324344891
1,72,6,3.829806239
1,72,7,1.590716481
1,72,8,0.937095838
1,72,9,0.607003577
1,72,10,0.392940859
1,72,11,4.924894717
1,72,12,1.969035069
1,72,13,1.123652509
1,72,14,0.704588954
1,72,15,0.445738014
1,72,16,5.484227206
1,72,17,2.172015125
1,72,18,1.235699002
1,72,19,1.135856904
1,72,20,0.305258011
1,73,1,2.855227388
1,73,2,1.103331188
1,73,3,0.616785017
1,73,4,0.345345226
1,73,5,0.217074067
1,73,6,0.133654379
1,73,7,0.068493828
1,73,8,0.036799919
1,73,9,3.14556882
1,73,10,1.301609716
1,73,11,0.77849455
1,73,12,0.437634598
1,73,13,0.285450027
1,73,14,0.181153464
1,73,15,0.124906165
1,73,16,2.436548236
1,73,17,0.003989113
1,73,19,2.715314264
1,73,20,0.00366296
1,74,1,0.300437989
1,74,2,0.115702564
1,74,3,0.064403165
1,74,4,0.035863852
1,74,5,0.022381252
1,74,6,0.013645278
1,74,7,0.006899013
1,74,8,0.004000185
1,74,9,0.324820738
1,74,10,0.179597436
1,74,12,0.046196424
1,74,13,0.030174898
1,74,14,0.019737131
1,74,15,0.010146002
1,74,16,0.276567871
1,74,17,0.165513704
1,74,18,0.001580854
1,74,19,0.001589896
1,74,20,0.000974583
1,75,1,34.46443188
1,75,2,13.33253727
1,75,3,7.456804047
1,75,4,4.179117323
1,75,5,2.626633911
1,75,6,1.616674044
1,75,7,0.820873575
1,75,8,8.994091352
1,75,9,23.00204311
1,75,10,15.78772846
1,75,11,9.340210699
1,75,12,5.326311934
1,75,13,3.475751185
1,75,14,2.252769312
1,75,15,5.386156948
1,75,16,13.3237902
1,75,17,31.4276067
1,75,18,20.66832773
1,75,19,11.78401923
1,75,20,0.0545211
1,76,1,5.926571012
1,76,2,2.292621247
1,76,3,1.28005596
1,76,4,0.717946396
1,76,5,0.450952984
1,76,6,0.277365195
1,76,7,0.141828236
1,76,8,0.078840608
1,76,9,6.532719567
1,76,10,2.728745817
1,76,11,1.554649449
1,76,12,0.913003111
1,76,13,0.609059124
1,76,14,0.386847952
1,76,15,0.20038809
1,76,16,0.114955257
1,76,17,8.881891176
1,76,18,3.56100527
1,76,19,0.014013587
1,76,20,0.008590129
1,77,1,1.277802332
1,77,2,0.494091426
1,77,3,0.275384003
1,77,4,0.153971281
1,77,5,0.096499037
1,77,6,0.058977977
1,77,7,0.029968596
1,77,8,1.335509725
1,77,9,0.564164315
1,77,10,0.332400994
1,77,11,0.191309843
1,77,12,0.125407895
1,77,13,0.079497567
1,77,14,0.041613481
1,77,15,1.856024626
1,77,16,0.754836747
1,77,17,0.429606812
1,77,18,0.240363616
1,77,19,0.155652392
1,77,20,0.060610445
1,78,1,1.861527572
1,78,2,0.72003802
1,78,3,0.40194336
1,78,4,0.225419149
1,78,5,0.141441827
1,78,6,0.087327429
1,78,7,0.045312238
1,78,8,1.893960779
1,78,9,0.80201847
1,78,10,0.479515577
1,78,11,0.286226498
1,78,12,0.170734454
1,78,13,0.10824859
1,78,14,0.057376351
1,78,15,2.482414792
1,78,16,1.011046419
1,78,17,0.584446488
1,78,18,0.340001577
1,78,19,0.192689954
1,78,20,0.001957718
1,79,1,1.802108409
1,79,2,0.696235451
1,79,3,0.387985394
1,79,4,0.217179881
1,79,5,0.135371379
1,79,6,0.082828487
1,79,7,0.042638692
1,79,8,1.88355948
1,79,9,0.794466541
1,79,10,0.46789039
1,79,11,0.270059218
1,79,12,0.176127724
1,79,13,0.112252168
1,79,14,0.060032401
1,79,15,2.623254018
1,79,16,1.065712827
1,79,17,0.606572428
1,79,18,0.340728983
1,79,19,0.011804869
1,79,20,0.007236216
1,80,1,2.854979583
1,80,2,1.098899761
1,80,3,0.614174036
1,80,4,0.347815889
1,80,5,0.21927762
1,80,6,2.170642026
1,80,7,0.905242239
1,80,8,0.535679456
1,80,9,0.331196498
1,80,10,0.226582278
1,80,11,2.69561777
1,80,12,1.101940318
1,80,13,0.640038976
1,80,14,0.400517677
1,80,15,0.243450088
1,80,16,2.952168724
1,80,17,1.186779201
1,80,18,0.681030311
1,80,19,0.673713854
1,80,20,0.002527915
1,81,1,0.005086433
1,81,2,0.001917011
1,81,3,0.001057511
1,81,4,0.000578364
1,81,5,0.000368018
1,81,6,0.000228255
1,81,7,0.000121783
1,81,8,9.34E-05
1,81,9,0.000122872
1,81,10,0.006517826
1,81,12,0.001591001
1,81,14,0.000418501
1,81,19,0.00998596
1,81,20,4.29E-08
1,82,1,0.05088235
1,82,2,0.01943497
1,82,3,0.010782516
1,82,4,0.005961463
1,82,5,0.003742416
1,82,6,0.002313672
1,82,7,0.001196003
1,82,8,0.000758624
1,82,9,0.035813749
1,82,10,0.014815896
1,82,11,0.008796785
1,82,12,0.005374111
1,82,13,0.003719832
1,82,14,0.001899858
1,82,15,0.000994247
1,82,17,0.060586425
1,82,18,1.70E-05
1,82,19,1.71E-05
1,82,20,1.05E-05
2,1,1,170.4106723
2,1,2,268.3613425
2,1,3,317.5976881
2,1,4,324.7706093
2,1,5,374.6532477
2,1,6,405.3813907
2,1,7,454.3944295
2,1,8,453.3461406
2,1,9,472.0104166
2,1,10,447.5161198
2,1,11,432.4295159
2,1,12,464.6054407
2,1,13,434.5349331
2,1,14,473.0654822
2,1,15,450.7897331
2,1,16,430.1113569
2,1,17,433.0784821
2,1,18,438.4864259
2,1,19,441.3054202
2,1,20,3791.674658
2,2,1,79.41342923
2,2,2,117.7115073
2,2,3,136.2142214
2,2,4,138.876424
2,2,5,157.1843108
2,2,6,168.2974153
2,2,7,172.6551008
2,2,8,185.4253775
2,2,9,192.0230948
2,2,10,183.3561559
2,2,11,177.9864417
2,2,12,183.2057008
2,2,13,178.7545659
2,2,14,192.4219148
2,2,15,184.4404471
2,2,16,177.2091095
2,2,17,184.6992989
2,2,18,180.240976
2,2,19,188.1879355
2,2,20,501.0184142
2,3,1,170.4120277
2,3,2,235.8281043
2,3,3,317.5986803
2,3,4,324.772061
2,3,5,348.4422201
2,3,6,399.0404545
2,3,7,454.3956666
2,3,8,453.3493696
2,3,9,472.0116706
2,3,10,447.5193367
2,3,11,432.43479
2,3,12,464.5876464
2,3,13,434.531378
2,3,14,481.978821
2,3,15,450.7373611
2,3,16,430.0987172
2,3,17,455.0300728
2,3,18,438.7283198
2,3,19,397.8277904
2,3,20,1301.946542
2,4,1,26.64446164
2,4,2,21.02877087
2,4,3,46.99974878
2,4,4,60.75078355
2,4,5,105.7551098
2,4,6,144.8076887
2,4,7,158.7789269
2,4,8,157.7986616
2,4,9,98.11884283
2,4,10,53.90953507
2,4,11,73.77927019
2,4,12,102.3326832
2,4,13,124.6726213
2,4,14,144.6455275
2,4,15,172.955209
2,4,16,169.2639124
2,4,17,132.0577501
2,4,18,102.1248367
2,4,19,118.8445761
2,4,20,194.6821352
2,5,1,69.46493983
2,5,2,86.4057681
2,5,3,130.398396
2,5,4,138.8766838
2,5,5,157.1845457
2,5,6,168.2975618
2,5,7,144.3905162
2,5,8,139.1804847
2,5,9,152.890414
2,5,10,152.5449223
2,5,11,152.2275597
2,5,12,179.4899208
2,5,13,178.743899
2,5,14,181.0724549
2,5,15,184.5125757
2,5,16,190.0455845
2,5,17,195.6737409
2,5,18,216.1367552
2,5,19,199.315355
2,5,20,388.3997623
2,6,1,25.68508991
2,6,2,36.85429073
2,6,3,44.96563445
2,6,4,77.18284467
2,6,5,43.83320781
2,6,6,61.1966354
2,6,7,66.27714372
2,6,8,36.06890883
2,6,9,52.11857954
2,6,10,66.77352253
2,6,11,58.50008283
2,6,12,72.39972584
2,6,13,82.66034822
2,6,14,74.3333121
2,6,15,84.02111512
2,6,16,85.02062877
2,6,17,65.1750809
2,6,18,84.7888645
2,6,19,62.78052884
2,6,20,96.7307671
2,7,1,181.1543137
2,7,2,64.35260706
2,7,3,38.13136901
2,7,4,27.11492212
2,7,5,21.61722904
2,7,6,132.2299505
2,7,7,62.06974131
2,7,8,41.34925231
2,7,9,30.87454288
2,7,10,22.43508223
2,7,11,158.2309749
2,7,12,73.65602336
2,7,13,49.96729115
2,7,14,30.88493334
2,7,15,22.36646257
2,7,16,171.1505013
2,7,17,76.8811349
2,7,18,50.1846829
2,7,19,0.055847002
2,7,20,0.034794619
2,8,1,141.9022175
2,8,2,39.77027389
2,8,3,30.42128198
2,8,4,21.25734769
2,8,5,20.07407434
2,8,6,18.66795901
2,8,7,21.61419246
2,8,8,117.8027633
2,8,9,62.54911842
2,8,10,48.51292983
2,8,11,33.57815504
2,8,12,28.45078525
2,8,13,23.94289984
2,8,14,38.33745905
2,8,15,146.1674194
2,8,16,68.19975607
2,8,17,50.92834128
2,8,18,33.60362345
2,8,19,0.000876546
2,8,20,0.000546119
2,9,1,144.775006
2,9,2,54.66625883
2,9,3,33.51891266
2,9,4,21.97453378
2,9,5,13.95163271
2,9,6,9.079572156
2,9,7,7.224588762
2,9,8,99.49386363
2,9,9,45.00242968
2,9,10,28.37464857
2,9,11,18.58935435
2,9,12,11.89609754
2,9,13,8.737075695
2,9,14,12.29830437
2,9,15,123.330265
2,9,16,51.04916492
2,9,17,31.30811935
2,9,18,19.93531627
2,9,19,0.000587535
2,9,20,0.000366055
2,10,1,211.6119827
2,10,2,82.29778716
2,10,3,46.71553584
2,10,4,27.00198567
2,10,5,21.98853644
2,10,6,53.39035424
2,10,7,31.26682584
2,10,8,18.52746383
2,10,9,14.04989131
2,10,10,19.34382619
2,10,11,56.20238822
2,10,12,32.47554664
2,10,13,18.48390326
2,10,14,22.90182787
2,10,15,34.18482493
2,10,16,15.63724319
2,10,17,8.88E-05
2,10,18,8.94E-05
2,10,19,8.99E-05
2,10,20,5.60E-05
3,1,1,142.4629339
3,1,2,172.4718137
3,1,3,178.9353528
3,1,4,205.8991476
3,1,5,292.3702966
3,1,6,341.2616482
3,1,7,281.2496014
3,1,8,376.7413783
3,1,9,463.152405
3,1,10,376.1878538
3,1,11,268.6024475
3,1,12,307.8036143
3,1,13,364.4082952
3,1,14,291.9993554
3,1,15,279.1741849
3,1,16,434.6292302
3,1,17,434.326036
3,1,18,438.5716066
3,1,19,427.9757944
3,1,20,2567.144497
3,2,1,311.6175601
3,2,2,450.183966
3,2,3,540.3098848
3,2,4,838.8555114
3,2,5,646.2120917
3,2,6,1047.595635
3,2,7,796.4519171
3,2,8,794.4650222
3,2,9,829.9568599
3,2,10,783.4001518
3,2,11,1028.607639
3,2,12,815.8579182
3,2,13,1010.349423
3,2,14,832.0803828
3,2,15,789.6162475
3,2,16,944.8859103
3,2,17,797.5733963
3,2,18,900.719054
3,2,19,855.3659523
3,2,20,7532.092484
3,3,1,362.7151736
3,3,2,479.1819793
3,3,3,485.2233836
3,3,4,496.3785529
3,3,5,515.5264558
3,3,6,547.0954448
3,3,7,467.4265157
3,3,8,467.9051926
3,3,9,548.7063569
3,3,10,596.9942427
3,3,11,636.3970206
3,3,12,652.8273495
3,3,13,597.0629052
3,3,14,586.2587583
3,3,15,629.973437
3,3,16,670.9609786
3,3,17,703.8271296
3,3,18,696.454887
3,3,19,661.473469
3,3,20,910.8840284
3,4,1,21.74318696
3,4,2,28.03352156
3,4,3,30.86207312
3,4,4,31.27207192
3,4,5,33.96338083
3,4,6,35.5663038
3,4,7,38.02017645
3,4,8,38.12801167
3,4,9,38.66464624
3,4,10,37.62914844
3,4,11,36.96997831
3,4,12,38.51256162
3,4,13,37.19489475
3,4,14,39.70468262
3,4,15,38.0663504
3,4,16,37.68457677
3,4,17,33.94337144
3,4,18,37.48955946
3,4,19,39.37854551
3,4,20,128.4709916
3,5,1,5.930828735
3,5,2,5.991039104
3,5,3,6.12321415
3,5,4,6.341383079
3,5,5,6.65944533
3,5,6,7.072261849
3,5,7,7.532181971
3,5,8,14.17765045
3,5,9,6.648050974
3,5,10,6.830971979
3,5,11,7.782354307
3,5,12,8.215450437
3,5,13,8.542662233
3,5,14,9.605448793
3,5,15,14.64415297
3,5,16,9.28342391
3,5,17,9.456111108
3,5,18,16.77359533
3,8,1,261.2241832
3,8,2,273.1945784
3,8,3,280.0170748
3,8,4,282.1080217
3,8,5,284.8035048
3,8,6,286.6227894
3,8,7,287.6824199
3,8,8,290.3878703
3,8,9,294.494917
3,8,10,296.9588549
3,8,11,300.5181547
3,8,12,308.0320925
3,8,13,315.1359157
3,8,14,327.3488643
3,8,15,252.3999023
3,8,16,217.7355275
3,8,17,223.575163
3,8,18,228.7121684
3,8,19,237.9343948
3,8,20,537.1836323
3,9,1,23.94915151
3,9,2,25.06518437
3,9,3,25.79550883
3,9,4,26.1530373
3,9,5,26.62072311
3,9,6,27.07395774
3,9,7,27.53045749
3,9,8,28.17200544
3,9,9,29.05648262
3,9,10,29.81530381
3,9,11,30.84595467
3,9,12,32.04517271
3,9,13,33.52291067
3,9,14,35.35267579
3,9,15,37.31028161
3,9,16,39.20675045
3,9,17,41.15881299
3,9,18,43.03731162
3,9,19,18.72242706
3,9,20,138.9022548
3,10,1,0.832832273
3,10,2,0.871747571
3,10,3,0.897174653
3,10,4,0.909582694
3,10,5,0.925740193
3,10,6,0.941499134
3,10,7,0.957370679
3,10,8,0.980544217
3,10,9,1.009411391
3,10,10,1.038021824
3,10,11,1.068429411
3,10,12,1.11044745
3,10,13,1.162352511
3,10,14,1.226441481
3,10,15,1.295108827
3,10,16,1.361967739
3,10,17,1.430374062
3,10,18,1.496008859
3,10,19,1.568694548
3,10,20,5.791002267
4,1,1,67.98206092
4,1,2,68.21619324
4,1,3,129.7242447
4,1,4,130.6982603
4,1,5,56.76379474
4,1,6,59.95440668
4,1,7,74.8287586
4,1,8,81.61295665
4,1,9,102.6043305
4,1,10,109.0791888
4,1,11,115.5997408
4,1,12,126.0714039
4,1,13,101.4443696
4,1,14,99.19313077
4,1,15,106.6252981
4,1,16,113.6642082
4,1,17,131.8248964
4,1,18,153.6537969
4,1,19,166.323709
4,1,20,200.4367012
4,2,1,105.0044705
4,2,2,105.3310442
4,2,3,69.1822155
4,2,4,70.0011417
4,2,5,84.48627714
4,2,6,87.25006925
4,2,7,135.5476781
4,2,8,126.865081
4,2,9,111.7384898
4,2,10,105.759132
4,2,11,113.093256
4,2,12,122.9242605
4,2,13,145.7779959
4,2,14,148.7687154
4,2,15,140.3277192
4,2,16,134.1976581
4,2,17,135.6714292
4,2,18,136.8410787
4,2,19,153.9675579
4,2,20,193.8948966
4,3,1,79.72513348
4,3,2,85.28185471
4,3,3,149.1735183
4,3,4,159.6562413
4,3,5,80.04387572
4,3,6,82.83156791
4,3,7,97.57731562
4,3,8,118.7469064
4,3,9,142.1315669
4,3,10,140.265877
4,3,11,145.3389187
4,3,12,154.8556032
4,3,13,133.8972528
4,3,14,133.0074194
4,3,15,145.9095006
4,3,16,150.2131752
4,3,17,172.0816824
4,3,18,191.5150045
4,3,19,203.8017592
4,3,20,265.5988404
4,4,1,145.7433024
4,4,2,145.9823378
4,4,3,123.2557733
4,4,4,123.9693789
4,4,5,64.19085514
4,4,6,80.38951498
4,4,7,95.01612258
4,4,8,115.1078688
4,4,9,138.6263038
4,4,10,143.5708118
4,4,11,149.2840349
4,4,12,150.9364066
4,4,13,123.3705833
4,4,14,131.7093134
4,4,15,143.5814416
4,4,16,159.8150204
4,4,17,175.6045562
4,4,18,180.52888
4,4,19,191.397059
4,4,20,253.5512702
4,5,1,224.4151146
4,5,2,255.9628024
4,5,3,258.7538708
4,5,4,299.3033578
4,5,5,322.8984792
4,5,6,301.8406242
4,5,7,328.6531608
4,5,8,362.2532073
4,5,9,352.0596065
4,5,10,345.9607558
4,5,11,355.7846366
4,5,12,362.8688023
4,5,13,353.3863629
4,5,14,368.7379835
4,5,15,374.9050094
4,5,16,367.9563692
4,5,17,373.2773466
4,5,18,358.0035761
4,5,19,336.6622235
4,5,20,755.1813901
4,6,1,210.6659757
4,6,2,254.1014503
4,6,3,216.6493452
4,6,4,189.0389397
4,6,5,196.4095547
4,6,6,215.9879266
4,6,7,224.0908032
4,6,8,239.6601878
4,6,9,257.4014688
4,6,10,255.4763741
4,6,11,250.0780128
4,6,12,256.4616396
4,6,13,254.6268711
4,6,14,257.0229946
4,6,15,269.2572019
4,6,16,266.6602473
4,6,17,257.2446916
4,6,18,273.1394655
4,6,19,196.5207205
4,6,20,547.4619418
4,7,1,8.544239726
4,7,2,8.569206418
4,7,3,2.457989922
4,7,4,2.483499067
4,7,5,0.402642825
4,7,6,0.411464634
4,7,7,0.075126716
4,7,8,0.077825888
4,7,9,13.87918325
4,7,10,10.58097634
4,7,11,3.697590658
4,7,12,3.511590703
4,7,13,1.143258315
4,7,14,1.01992831
4,7,15,0.650058465
4,7,16,1.051162158
4,7,17,15.53734038
4,7,18,12.65631606
4,7,19,9.796749816
4,8,1,11.43397913
4,8,2,11.46334085
4,8,3,1.85909536
4,8,4,1.876447743
4,8,5,1.371362858
4,8,6,1.399136328
4,8,7,0.365265384
4,8,8,0.378270282
4,8,9,16.74329355
4,8,10,13.75998679
4,8,11,2.897078189
4,8,12,2.802181614
4,8,13,2.311857926
4,8,14,2.272542822
4,8,15,1.605914187
4,8,17,20.38926697
4,8,18,14.42077443
4,8,19,9.833764314
4,9,1,1.100863392
4,9,2,1.104513756
4,9,3,1.168769816
4,9,4,1.1824803
4,9,5,0.212425615
4,9,6,0.217515693
4,9,7,0.208116481
4,9,8,0.215600214
4,9,9,1.942246109
4,9,10,1.371775935
4,9,11,1.552497234
4,9,12,1.58328484
4,9,13,0.39382034
4,9,14,0.381065762
4,9,15,0.370010273
4,9,16,0.373154255
4,9,17,2.322315941
4,9,18,1.830841724
4,9,19,2.830722633
4,10,1,79.2994557
4,10,2,79.43735502
4,10,3,107.9090764
4,10,4,108.5763541
4,10,5,75.85187383
4,10,6,76.94181479
4,10,7,39.05604564
4,10,8,59.07820586
4,10,9,82.86664889
4,10,10,90.97036211
4,10,11,98.81140734
4,10,12,110.1346708
4,10,13,106.6877413
4,10,14,103.0717675
4,10,15,83.56945359
4,10,16,97.80009473
4,10,17,116.3163501
4,10,18,133.086792
4,10,19,147.6480445
4,10,20,174.5373518
4,11,1,113.4599915
4,11,2,113.7522297
4,11,3,83.97580767
4,11,4,84.75512695
4,11,5,61.11833124
4,11,6,62.34927497
4,11,7,44.27136592
4,11,8,71.40508545
4,11,9,102.9562242
4,11,10,117.0895713
4,11,11,109.1450361
4,11,12,110.0439528
4,11,13,93.96127662
4,11,14,89.64734479
4,11,15,82.21467052
4,11,16,112.7431897
4,11,17,130.3099491
4,11,18,142.7766553
4,11,19,153.9075309
4,11,20,154.0850768
4,12,1,32.67054766
4,12,2,32.74854428
4,12,3,39.10658634
4,12,4,39.43870412
4,12,5,27.0292196
4,12,6,27.53573605
4,12,7,21.48856643
4,12,8,23.87892202
4,12,9,49.85804053
4,12,10,42.52650106
4,12,11,49.50612633
4,12,12,51.94841872
4,12,13,42.24913405
4,12,14,39.48903702
4,12,15,34.43606339
4,12,16,37.70845968
4,12,17,55.8160443
4,12,18,56.99929698
4,12,19,73.6483949
4,12,20,63.76961442
4,13,1,16.3102817
4,13,2,16.37085801
4,13,3,14.85984702
4,13,4,15.05297306
4,13,5,24.0519748
4,13,6,24.67030689
4,13,7,4.225699002
4,13,8,4.376984125
4,13,9,28.7986426
4,13,10,20.62815085
4,13,11,20.21494151
4,13,12,21.51689332
4,13,13,31.26678643
4,13,14,31.78125785
4,13,15,9.361425102
4,13,16,11.08587181
4,13,17,31.55315297
4,13,18,29.1974081
4,13,19,53.74478368
4,14,1,120.5286957
4,14,2,120.887524
4,14,3,68.98899649
4,14,4,72.35967279
4,14,5,114.8433757
4,14,6,122.3364519
4,14,7,40.38618798
4,14,8,70.73353993
4,14,9,105.3476764
4,14,10,121.0255819
4,14,11,109.8453513
4,14,12,116.0237888
4,14,13,132.7102964
4,14,14,141.0457692
4,14,15,100.3253943
4,14,16,113.9702694
4,14,17,127.9294799
4,14,18,138.5663191
4,14,19,152.1620007
4,14,20,195.167963
4,15,1,18.18133123
4,15,2,18.23355
4,15,3,13.83078571
4,15,4,13.97308667
4,15,5,37.64836912
4,15,6,38.46863995
4,15,7,6.558523668
4,15,8,11.16092946
4,15,9,38.55409647
4,15,10,23.79975697
4,15,11,20.44190168
4,15,12,24.81630539
4,15,13,42.27149698
4,15,14,47.03644835
4,15,15,18.94249057
4,15,16,22.40863872
4,15,17,42.28996411
4,15,18,36.70476429
4,15,19,64.90472811
4,16,1,4.794315116
4,16,2,2.302202118
4,16,3,2.318037204
4,16,4,1.582914989
4,16,5,1.610999596
4,16,6,0.066263306
4,16,7,0.068659561
4,16,8,8.833710193
4,16,9,3.636226385
4,16,10,3.384477337
4,16,11,2.505813837
4,16,12,2.606643037
4,16,13,0.554096358
4,16,14,0.825201266
4,16,15,9.747101304
4,16,16,4.730442306
4,16,17,4.225824109
4,16,18,3.254956677
4,16,19,6.415169841
4,17,1,59.62900674
4,17,2,63.77279715
4,17,3,106.3582699
4,17,4,113.2297542
4,17,5,27.97306758
4,17,6,28.85223365
4,17,7,160.9113049
4,17,8,153.1453899
4,17,9,175.9259331
4,17,10,166.756773
4,17,11,130.0564345
4,17,12,128.2320662
4,17,13,169.4960548
4,17,14,190.4942511
4,17,15,200.6013885
4,17,16,197.0602118
4,17,17,186.2409807
4,17,18,178.9588718
4,17,19,187.0232834
4,17,20,326.8771959
4,18,1,3.852607434
4,18,2,4.627476028
4,18,3,4.676842722
4,18,4,2.369696124
4,18,5,2.429247977
4,18,6,0.498503194
4,18,7,0.517337325
4,18,8,12.11201171
4,18,9,7.334535286
4,18,10,6.776242927
4,18,11,3.989999875
4,18,12,3.933247879
4,18,13,1.483861555
4,18,14,2.006287631
4,18,15,13.21408918
4,18,16,8.866361257
4,18,17,7.963569206
4,18,18,5.263451932
4,18,19,8.710774603
4,18,20,2.208384134
4,19,1,2.410717164
4,19,2,0.938637135
4,19,3,0.537585457
4,19,4,0.311001851
4,19,5,0.193864596
4,19,6,0.118995718
4,19,7,0.062400998
4,19,8,0.038257159
4,19,9,2.421541539
4,19,10,0.973859116
4,19,11,0.564622723
4,19,12,0.332255688
4,19,13,0.211720556
4,19,14,0.1324104
4,19,15,0.095339303
4,19,16,0.000735155
4,19,17,2.882338544
4,19,18,1.133919971
4,19,19,0.00277608
4,19,20,0.001698876
4,20,1,7.34419716
4,20,2,2.874600402
4,20,3,1.646805399
4,20,4,0.951248957
4,20,5,0.592050385
4,20,6,0.364833379
4,20,7,6.483571354
4,20,8,2.664164071
4,20,9,1.593656409
4,20,10,0.89303946
4,20,11,0.557161777
4,20,12,0.349354708
4,20,13,7.545029662
4,20,14,3.030614753
4,20,15,1.776716919
4,20,16,0.982036495
4,20,17,0.6707646
4,20,18,0.393516609
4,20,19,8.013027781
4,20,20,0.009261298
4,21,1,2.985739538
4,21,2,1.17043009
4,21,3,0.670886671
4,21,4,0.387862632
4,21,5,0.241797087
4,21,6,0.148399264
4,21,7,0.077740445
4,21,8,0.048870187
4,21,9,3.018389821
4,21,10,1.214053831
4,21,11,0.704530455
4,21,12,0.413915706
4,21,13,0.263632119
4,21,14,0.164705638
4,21,15,0.087651316
4,21,16,0.055345286
4,21,17,3.830350185
4,21,18,1.413811178
4,21,19,0.003449074
4,21,20,0.002110728
4,22,1,21.7247425
4,22,2,8.403722001
4,22,3,4.694318978
4,22,4,2.628756242
4,22,5,1.650140776
4,22,6,1.017300177
4,22,7,0.534500754
4,22,8,3.835991885
4,22,9,15.32100653
4,22,10,8.536712934
4,22,11,4.886703803
4,22,12,2.807314586
4,22,13,1.799033743
4,22,14,1.147272312
4,22,15,0.603188535
4,22,16,7.655717563
4,22,17,19.84743914
4,22,18,10.02618927
4,22,19,0.02463133
4,22,20,0.015073623
4,23,1,136.1865943
4,23,2,52.76647291
4,23,3,29.5425293
4,23,4,16.59907066
4,23,5,10.48532649
4,23,6,6.423177492
4,23,7,31.30051716
4,23,8,69.29725237
4,23,9,51.68917222
4,23,10,29.20101193
4,23,11,16.60490634
4,23,12,10.7101076
4,23,13,15.78677889
4,23,14,51.28581352
4,23,15,81.58731579
4,23,16,59.5531875
4,23,17,33.07779322
4,23,18,18.5594021
4,23,19,11.85897821
4,23,20,0.113661186
4,24,1,48.28693377
4,24,2,18.67662534
4,24,3,10.57210593
4,24,4,6.061218108
4,24,5,3.788797324
4,24,6,2.33205147
4,24,7,1.211358884
4,24,8,13.61471718
4,24,9,25.7935137
4,24,10,19.25727947
4,24,11,11.12989017
4,24,12,6.544695425
4,24,13,4.180726169
4,24,14,2.66999719
4,24,15,8.188372262
4,24,16,15.66890735
4,24,17,31.04584647
4,24,18,22.64056107
4,24,19,12.76556772
4,24,20,0.043324801
4,25,1,13.11936238
4,25,2,5.087869122
4,25,3,2.97253043
4,25,4,1.77610509
4,25,5,1.107759758
4,25,6,0.684825855
4,25,7,0.36782614
4,25,8,0.241521262
4,25,9,12.4111385
4,25,10,5.000455947
4,25,11,2.910468711
4,25,12,1.74395729
4,25,13,1.105109366
4,25,14,0.691395914
4,25,15,0.374625785
4,25,16,0.247334583
4,25,17,14.4039853
4,25,18,5.681574699
4,25,19,0.002970954
4,25,20,0.001818133
4,26,1,104.1233391
4,26,2,41.58865475
4,26,3,23.17809707
4,26,4,13.00611964
4,26,5,8.197441983
4,26,6,5.104864899
4,26,7,2.687293144
4,26,8,29.28424509
4,26,9,48.96860292
4,26,10,40.18235793
4,26,11,22.72686869
4,26,12,13.02992368
4,26,13,8.352806288
4,26,14,5.270230516
4,26,15,18.24541576
4,26,16,31.67687902
4,26,17,57.01982391
4,26,18,45.86415991
4,26,19,0.033404777
4,26,20,0.020442705
4,27,1,12.47151771
4,27,2,4.827392119
4,27,3,2.701506987
4,27,4,1.516251865
4,27,5,0.957823803
4,27,6,0.597367851
4,27,7,0.322070755
4,27,8,0.215717873
4,27,9,11.25745541
4,27,10,4.470233
4,27,11,2.525227023
4,27,12,1.444452637
4,27,13,0.925617333
4,27,14,0.587141174
4,27,15,0.316635141
4,27,16,0.212546496
4,27,17,15.75121417
4,27,19,2.861409786
4,27,20,71.84555374
4,28,1,17.24736003
4,28,2,6.759745126
4,28,3,3.877602034
4,28,4,2.164718656
4,28,5,1.355749176
4,28,6,0.835095286
4,28,7,0.439469498
4,28,8,2.272486109
4,28,9,13.63059697
4,28,10,6.906751717
4,28,11,4.013567961
4,28,12,2.299263275
4,28,13,1.471131707
4,28,14,0.922635378
4,28,15,0.493783895
4,28,16,4.462679215
4,28,17,16.18503474
4,28,18,8.022450864
4,28,19,0.017430443
4,28,20,0.0106669
4,29,1,32.48222825
4,29,2,12.57565981
4,29,3,7.02906012
4,29,4,3.946043339
4,29,5,2.486762231
4,29,6,1.544132484
4,29,7,0.825490614
4,29,8,5.246726136
4,29,9,22.07099806
4,29,10,12.17531075
4,29,11,6.903511749
4,29,12,3.960130741
4,29,13,2.538548079
4,29,14,1.597260946
4,29,15,0.862780593
4,29,16,10.43214037
4,29,17,25.7338034
4,29,18,13.90191289
4,29,19,0.010569651
4,29,20,0.006468304
4,30,1,11.05253452
4,30,2,4.276254294
4,30,3,2.389890671
4,30,4,1.340198364
4,30,5,0.843263652
4,30,6,0.521499372
4,30,7,0.276620473
4,30,8,0.178751528
4,30,9,10.55658686
4,30,10,4.194297449
4,30,11,2.383543369
4,30,12,1.366634205
4,30,13,0.875074394
4,30,14,0.548474286
4,30,15,0.293895227
4,30,16,0.191050446
4,30,17,12.36637883
4,30,18,4.804813466
4,30,19,3.887714515
4,30,20,0.014955437
4,31,1,5.255642389
4,31,2,2.033586853
4,31,3,1.137133722
4,31,4,0.639185957
4,31,5,0.404298895
4,31,6,0.252696648
4,31,7,0.136750908
4,31,8,0.092038586
4,31,9,4.62560101
4,31,10,1.841553298
4,31,11,1.033099173
4,31,12,0.591223512
4,31,13,0.378967728
4,31,14,0.239048417
4,31,15,0.130083781
4,31,16,0.087722744
4,31,17,5.309042333
4,31,18,2.070323716
4,31,19,0.000392394
4,31,20,0.000240133
4,32,1,110.0193165
4,32,2,42.58845709
4,32,3,23.87176538
4,32,4,13.41154905
4,32,5,8.474080396
4,32,6,5.292606035
4,32,7,2.803563542
4,32,8,29.43011903
4,32,9,51.02340562
4,32,10,40.36226669
4,32,11,22.88044604
4,32,12,13.11511872
4,32,13,8.41681543
4,32,14,5.31794601
4,32,15,17.7996422
4,32,16,32.71537142
4,32,17,59.06184844
4,32,18,45.82958668
4,32,19,25.52700429
4,32,20,0.013630794
4,33,1,7.557501489
4,33,2,2.923986319
4,33,3,1.63373856
4,33,4,0.917066466
4,33,5,0.578214873
4,33,6,0.359351544
4,33,7,0.192025742
4,33,8,0.126303346
4,33,9,7.004072212
4,33,10,2.784391223
4,33,11,1.573478869
4,33,12,0.901347178
4,33,13,0.582691533
4,33,14,0.366235031
4,33,15,0.195848515
4,33,16,0.129115519
4,33,17,8.143601889
4,33,18,3.165199752
4,33,19,0.00167735
4,33,20,0.001026487
4,34,1,0.78458382
4,34,2,0.302316014
4,34,3,0.168306796
4,34,4,0.093968332
4,34,5,0.059039524
4,34,6,0.0361245
4,34,7,0.018973725
4,34,8,0.698276885
4,34,9,0.284416847
4,34,10,0.159079252
4,34,11,0.089418551
4,34,12,0.057229954
4,34,13,0.035521754
4,34,14,0.018867534
4,34,15,0.813437209
4,34,16,0.323589418
4,34,17,0.178153597
4,34,18,0.098830132
4,34,19,0.062552775
4,34,20,0.000316146
4,35,1,64.00008979
4,35,2,24.84477852
4,35,3,13.91259868
4,35,4,7.818168633
4,35,5,4.941724919
4,35,6,3.114981749
4,35,7,45.08592575
4,35,8,18.53810794
4,35,9,11.09599124
4,35,10,6.143544635
4,35,11,3.698911221
4,35,12,2.358248424
4,35,13,51.05031993
4,35,14,20.4189225
4,35,15,11.87573721
4,35,16,6.548098611
4,35,17,3.968252701
4,35,18,2.504508351
4,35,19,56.84102146
4,35,20,15.89531963
4,36,1,0.991172746
4,36,2,0.382118855
4,36,3,0.213035814
4,36,4,0.119176544
4,36,5,0.075207268
4,36,6,0.046730009
4,36,7,0.024892878
4,36,8,0.786092243
4,36,9,0.321698851
4,36,10,0.180492144
4,36,11,0.099550192
4,36,12,0.063726285
4,36,13,0.039994128
4,36,14,0.021434533
4,36,15,0.898377792
4,36,16,0.357904808
4,36,17,0.198094127
4,36,18,0.108459313
4,36,19,0.142421272
4,36,20,7.04E-05
5,1,1,62.62900322
5,1,2,121.4420652
5,1,3,141.9546086
5,1,4,144.694139
5,1,5,165.9039183
5,1,6,178.3272142
5,1,7,184.9859643
5,1,8,195.8463625
5,1,9,202.6048959
5,1,10,193.9216456
5,1,11,163.0752858
5,1,12,182.6959053
5,1,13,183.0577408
5,1,14,195.3920604
5,1,15,192.5434063
5,1,16,188.6025643
5,1,17,196.7890083
5,1,18,180.5218886
5,1,19,209.0306969
5,1,20,988.3350487
5,2,1,81.80425565
5,2,2,90.43826191
5,2,3,90.06998369
5,2,4,114.8009634
5,2,5,139.5056608
5,2,6,155.916162
5,2,7,164.1275523
5,2,8,117.812001
5,2,9,79.63666903
5,2,10,81.57661429
5,2,11,35.97360084
5,2,12,76.22197834
5,2,13,114.0440649
5,2,14,120.7236145
5,2,15,124.5187038
5,2,16,129.6054789
5,2,17,152.0790241
5,2,18,129.6878807
5,2,19,116.6676318
5,2,20,252.5267309
5,3,1,84.31590627
5,3,2,99.38666628
5,3,3,104.5088058
5,3,4,134.1008819
5,3,5,162.3009199
5,3,6,175.3135617
5,3,7,186.0941314
5,3,8,171.0631692
5,3,9,175.731114
5,3,10,179.8472779
5,3,11,183.2527438
5,3,12,147.3667516
5,3,13,153.6545336
5,3,14,160.7645692
5,3,15,164.726898
5,3,16,185.123734
5,3,17,165.141452
5,3,18,145.2466935
5,3,19,202.2315281
5,3,20,354.1066981
5,4,1,84.48665523
5,4,2,95.77321041
5,4,3,86.03012675
5,4,4,97.84147172
5,4,5,123.4287852
5,4,6,141.042249
5,4,7,130.8169645
5,4,8,77.84987301
5,4,9,90.05218229
5,4,10,119.9773374
5,4,11,123.7319254
5,4,12,118.2821609
5,4,13,125.2180316
5,4,14,131.2825403
5,4,15,134.2487424
5,4,16,139.1944554
5,4,17,146.6275989
5,4,18,130.4549891
5,4,19,123.6978032
5,4,20,255.5730254
5,5,1,57.9147935
5,5,2,59.03964032
5,5,3,33.76471247
5,5,4,15.88210119
5,5,5,40.28203133
5,5,6,41.85295088
5,5,7,43.2698975
5,5,8,29.92175188
5,5,9,39.21410595
5,5,10,48.25448161
5,5,11,56.69081575
5,5,12,59.18440964
5,5,13,44.77478191
5,5,14,36.97364992
5,5,15,48.34552105
5,5,16,56.4433152
5,5,17,58.41300958
5,5,18,50.2823547
5,5,19,70.73195166
5,5,20,102.9175947
5,6,1,85.58629016
5,6,2,123.9494521
5,6,3,116.717775
5,6,4,99.67521139
5,6,5,114.9963392
5,6,6,123.0915816
5,6,7,124.7203724
5,6,8,130.0404621
5,6,9,137.6324717
5,6,10,158.2204654
5,6,11,177.0303227
5,6,12,172.6491743
5,6,13,167.9294231
5,6,14,167.4651755
5,6,15,165.1314091
5,6,16,165.4033672
5,6,17,178.5805255
5,6,18,188.0427234
5,6,19,216.318938
5,6,20,363.4425572
5,7,1,83.52427113
5,7,2,107.5491882
5,7,3,95.33689957
5,7,4,57.83078577
5,7,5,72.92849468
5,7,6,81.97902712
5,7,7,84.22461747
5,7,8,90.90471752
5,7,9,99.22425694
5,7,10,95.10486697
5,7,11,119.9480557
5,7,12,118.0019025
5,7,13,116.1560661
5,7,14,111.2060774
5,7,15,118.1317648
5,7,16,122.0279181
5,7,17,120.826694
5,7,18,87.66802627
5,7,19,198.0101515
5,7,20,209.8072332
5,8,1,122.3834309
5,8,2,63.31183617
5,8,3,46.33441216
5,8,4,35.71901872
5,8,5,21.98601114
5,8,6,14.03379903
5,8,7,8.448642832
5,8,8,6.248786906
5,8,9,16.51545923
5,8,10,31.09105944
5,8,11,32.57369127
5,8,12,36.03773939
5,8,13,34.75119373
5,8,14,24.92413175
5,8,15,14.47795784
5,8,16,9.144821745
5,8,17,7.648329516
5,8,18,13.06174613
5,8,19,31.57367214
5,8,20,3.62E-09
5,9,1,3.340198405
5,9,2,1.726824264
5,9,3,1.263109309
5,9,4,0.97259926
5,9,5,0.597560337
5,9,6,0.380714832
5,9,7,0.228551874
5,9,8,0.169515543
5,9,9,0.164046582
5,9,10,0.098236423
5,9,11,3.083266008
5,9,12,1.435374486
5,9,13,0.946023663
5,9,14,0.678000558
5,9,15,0.393498089
5,9,16,0.248100433
5,9,17,0.146780948
5,9,18,0.164173199
5,9,19,0.239410335
5,9,20,9.86E-11
5,10,1,40.34088243
5,10,2,21.70467531
5,10,3,16.41978404
5,10,4,13.09375051
5,10,5,8.02834448
5,10,6,5.132195767
5,10,7,3.118689091
5,10,8,2.325302672
5,10,9,2.163538103
5,10,10,11.47530678
5,10,11,17.32566564
5,10,12,17.22265963
5,10,13,11.64604587
5,10,14,7.975801907
5,10,15,4.854404848
5,10,16,3.065299301
5,10,17,2.567624726
5,10,18,1.87E-10
5,10,19,1.88E-10
5,10,20,1.17E-10
5,11,1,127.4756883
5,11,2,65.94879203
5,11,3,48.26048331
5,11,4,37.20600687
5,11,5,22.90239553
5,11,6,14.61942554
5,11,7,8.801726601
5,11,8,6.510764584
5,11,9,17.64584649
5,11,10,32.00171859
5,11,11,33.36530531
5,11,12,36.78178005
5,11,13,36.28810536
5,11,14,26.20385359
5,11,15,15.08140402
5,11,16,9.526432605
5,11,17,7.968261898
5,11,18,14.51242743
5,11,19,25.71231733
5,11,20,3.72E-09
5,12,1,48.65580294
5,12,2,25.16231484
5,12,3,18.42579331
5,12,4,14.19335531
5,12,5,8.730595758
5,12,6,5.568578156
5,12,7,3.350013785
5,12,8,2.486976444
5,12,9,2.395355761
5,12,10,16.18996934
5,12,11,18.55681864
5,12,12,20.93809703
5,12,13,13.8415449
5,12,14,9.988211668
5,12,15,5.749164615
5,12,16,3.62864357
5,12,17,2.15143666
5,12,18,1.569144058
5,12,19,18.21189847
5,12,20,2.42E-06
5,13,1,634.3824313
5,13,2,355.9181903
5,13,3,278.3276835
5,13,4,229.6004069
5,13,5,140.3419406
5,13,6,89.48169033
5,13,7,54.64540031
5,13,8,44.3436083
5,13,9,78.47105124
5,13,10,79.12608517
5,13,11,75.19722286
5,13,12,80.78253995
5,13,13,67.77230746
5,13,14,77.27140729
5,13,15,65.78342919
5,13,16,59.29611545
5,13,17,48.04411377
5,13,18,73.8778159
5,13,19,80.95205513
5,13,20,1.51E-10
5,14,1,82.1079882
5,14,2,46.0499935
5,14,3,35.98788239
5,14,4,29.68739178
5,14,5,18.15132377
5,14,6,11.642719
5,14,7,6.989501996
5,14,8,5.223423799
5,14,9,5.014327511
5,14,10,13.1164402
5,14,11,26.06893795
5,14,12,25.96605304
5,14,13,25.41323329
5,14,14,24.86846488
5,14,15,21.0982857
5,14,16,12.77383407
5,14,17,8.074547051
5,14,18,3.12E-11
5,14,19,3.14E-11
5,14,20,1.95E-11
6,1,1,1066.532991
6,1,2,1395.534117
6,1,3,1456.939138
6,1,4,2086.059044
6,1,5,2233.919783
6,1,6,1630.194664
6,1,7,1995.034601
6,1,8,2171.838102
6,1,9,2420.408555
6,1,10,2663.108058
6,1,11,2663.1066
6,1,12,2415.632292
6,1,13,2404.997803
6,1,14,2515.721717
6,1,15,2622.19837
6,1,16,2709.199498
6,1,17,2694.811806
6,1,18,2484.903401
6,1,19,2288.729952
6,1,20,3332.537458
6,2,1,653.5690087
6,2,2,867.6943663
6,2,3,1086.915239
6,2,4,1147.667802
6,2,5,1206.658724
6,2,6,1280.827596
6,2,7,1296.730861
6,2,8,1334.959509
6,2,9,1349.704242
6,2,10,1271.813536
6,2,11,1198.790851
6,2,12,1188.355441
6,2,13,1166.497555
6,2,14,1158.401061
6,2,15,1134.294985
6,2,16,1109.349961
6,2,17,1093.480451
6,2,18,1105.349654
6,2,19,1145.387194
6,2,20,4082.469515
6,3,1,418.286929
6,3,2,541.8607078
6,3,3,667.9750695
6,3,4,735.0570105
6,3,5,822.6729107
6,3,6,866.3140082
6,3,7,865.7568671
6,3,8,890.1250147
6,3,9,927.1455621
6,3,10,979.9244829
6,3,11,932.9506646
6,3,12,909.1399127
6,3,13,878.8778371
6,3,14,863.5390114
6,3,15,837.0710561
6,3,16,812.4891561
6,3,17,811.1447186
6,3,18,950.3014922
6,3,19,1052.874141
6,3,20,2361.156643
6,4,1,293.146429
6,4,2,446.9020163
6,4,3,489.4413981
6,4,4,560.5840561
6,4,5,674.0913246
6,4,6,768.4503493
6,4,7,852.7431491
6,4,8,888.2827347
6,4,9,702.377413
6,4,10,752.9039944
6,4,11,790.9928809
6,4,12,817.7704374
6,4,13,818.8127164
6,4,14,850.9040791
6,4,15,860.5892648
6,4,16,834.2122201
6,4,17,878.4929197
6,4,18,780.6404343
6,4,19,728.5713875
6,4,20,2886.882111
6,5,1,314.1946892
6,5,2,433.7974936
6,5,3,468.5562548
6,5,4,435.0843937
6,5,5,395.3885125
6,5,6,428.1109882
6,5,7,470.9636143
6,5,8,380.0240321
6,5,9,294.5236362
6,5,10,481.4101022
6,5,11,563.0758298
6,5,12,576.0188568
6,5,13,551.9905822
6,5,14,546.9691255
6,5,15,538.7107353
6,5,16,460.5604776
6,5,17,408.6517505
6,5,18,447.6354517
6,5,19,623.2143997
6,5,20,528.6675297
6,6,1,247.145613
6,6,2,375.9522561
6,6,3,490.7855029
6,6,4,516.7241701
6,6,5,608.5780136
6,6,6,667.3041624
6,6,7,756.4601171
6,6,8,759.2338514
6,6,9,795.83585
6,6,10,753.7443697
6,6,11,727.7804867
6,6,12,786.3224701
6,6,13,733.1087532
6,6,14,803.18462
6,6,15,763.4602318
6,6,16,726.9953111
6,6,17,765.1874691
6,6,18,657.4032401
6,6,19,844.4579274
6,6,20,1805.710869
6,7,1,148.1484256
6,7,2,172.1867873
6,7,3,161.7797215
6,7,4,107.2684155
6,7,5,83.83461662
6,7,6,89.15493416
6,7,7,132.0042016
6,7,8,138.8030933
6,7,9,165.3583546
6,7,10,192.4551765
6,7,11,211.7331572
6,7,12,225.0146727
6,7,13,180.7379298
6,7,14,149.4485577
6,7,15,140.3092481
6,7,16,165.4527166
6,7,17,178.2053262
6,7,18,194.3990571
6,7,19,143.1206013
6,7,20,228.6476573
6,8,1,57.30648919
6,8,2,63.73683682
6,8,3,91.72087964
6,8,4,143.9813078
6,8,5,192.0690718
6,8,6,95.72220169
6,8,7,88.03640469
6,8,8,87.95361491
6,8,9,92.06885464
6,8,10,104.7712834
6,8,11,119.715967
6,8,12,137.3435261
6,8,13,151.1806118
6,8,14,165.640665
6,8,15,181.7333802
6,8,16,148.6025993
6,8,17,129.8394695
6,8,18,120.889346
6,8,19,131.7030133
6,8,20,208.1178041
6,9,1,33.43636004
6,9,2,17.74769749
6,9,3,12.72508795
6,9,4,8.123550691
6,9,5,6.886757703
6,9,6,9.796479655
6,9,7,20.6134861
6,9,8,17.85849955
6,9,9,13.77762354
6,9,10,8.458028076
6,9,11,7.498862174
6,9,12,17.32870304
6,9,13,21.8114242
6,9,14,20.40337395
6,9,15,15.51424214
6,9,16,11.80224763
6,9,17,9.538339168
6,9,18,11.17957492
6,9,19,14.65584321
6,9,20,23.83879826
7,1,1,127.4572572
7,1,2,162.1436448
7,1,3,192.1025801
7,1,4,195.009651
7,1,5,196.733929
7,1,6,191.3820431
7,1,7,179.783269
7,1,8,171.2300569
7,1,9,181.6226328
7,1,10,180.3400354
7,1,11,177.9492552
7,1,12,178.6530014
7,1,13,179.7812717
7,1,14,170.3999392
7,1,15,160.3311788
7,1,16,147.0436031
7,1,17,138.4693564
7,1,18,120.6862342
7,1,19,109.4445685
7,1,20,481.3271085
7,2,1,14.1287661
7,2,2,11.63951306
7,2,3,5.199107701
7,2,4,3.325249867
7,2,5,3.548268535
7,2,6,5.281116811
7,2,7,5.582055843
7,2,8,6.68020748
7,2,9,17.96072643
7,2,10,14.05064258
7,2,11,8.116287254
7,2,12,5.787644168
7,2,13,5.920546936
7,2,14,7.673150351
7,2,15,7.979185221
7,2,16,9.619392493
7,2,17,17.80675291
7,2,18,22.76013666
7,3,1,113.9232113
7,3,2,142.3975774
7,3,3,157.9815781
7,3,4,152.4638947
7,3,5,143.9218443
7,3,6,126.7292854
7,3,7,141.7696917
7,3,8,156.6643458
7,3,9,170.4579783
7,3,10,170.7731363
7,3,11,170.400068
7,3,12,172.1895948
7,3,13,172.0021497
7,3,14,166.0236235
7,3,15,154.6103417
7,3,16,141.7619452
7,3,17,148.3543389
7,3,18,157.1430057
7,3,19,231.0808904
7,3,20,343.5060346
7,4,1,22.27410454
7,4,2,19.00664856
7,4,3,17.73354008
7,4,4,10.07665331
7,4,5,6.682284666
7,4,6,7.241625866
7,4,7,18.11289734
7,4,8,22.92222884
7,4,9,17.84993024
7,4,10,12.39690455
7,4,11,11.8934415
7,4,12,21.34860482
7,4,13,25.65385515
7,4,14,22.0063491
7,4,15,17.21817722
7,4,16,14.63123057
7,4,17,21.43401016
7,4,18,26.0173802
7,4,19,28.17783638
7,4,20,18.35580364
8,1,2,97.56267841
8,1,3,42.68019069
8,1,4,45.60870066
8,1,5,48.87413547
8,1,6,52.02952823
8,1,7,56.8190283
8,1,8,127.6068777
8,1,9,76.83721456
8,1,10,68.31728666
8,1,11,66.58503092
8,1,12,71.4912346
8,1,13,70.08953279
8,1,14,148.7388992
8,1,15,86.92766612
8,1,16,75.98129328
8,1,17,68.11577219
8,1,18,65.08433572
8,1,19,139.9651977
8,1,20,83.9595539
8,2,1,31.91722223
8,2,2,34.78237079
8,2,3,40.99938058
8,2,4,46.06430449
8,2,5,51.38716155
8,2,6,55.60954521
8,2,7,58.86107539
8,2,8,62.02831437
8,2,9,65.13190011
8,2,10,66.42301037
8,2,11,67.52847778
8,2,12,68.70500613
8,2,13,69.2384591
8,2,14,70.77426288
8,2,15,71.31670119
8,2,16,72.29555668
8,2,17,74.37137317
8,2,18,23.06009766
8,2,19,126.1907788
8,2,20,83.46039874
8,3,1,174.4267597
8,3,2,184.1462228
8,3,3,135.6586849
8,3,4,108.2824098
8,3,5,77.45125459
8,3,6,231.3562338
8,3,7,252.1720441
8,3,8,231.2788696
8,3,9,215.182323
8,3,10,189.9244189
8,3,11,258.6314977
8,3,12,290.4617424
8,3,13,282.3581128
8,3,14,272.8387862
8,3,15,265.8014812
8,3,16,286.7138427
8,3,17,302.9810285
8,3,18,295.3296321
8,3,19,263.2833085
8,3,20,394.7915545
8,4,1,285.4036761
8,4,2,288.9879182
8,4,3,297.3758852
8,4,4,312.1845594
8,4,5,334.0713718
8,4,6,434.5874501
8,4,7,360.5775883
8,4,8,403.3398365
8,4,9,446.2320934
8,4,10,442.6103224
8,4,11,538.9554848
8,4,12,446.6637063
8,4,13,500.8475653
8,4,14,481.8334194
8,4,15,512.5620214
8,4,16,594.5312714
8,4,17,497.3779357
8,4,18,856.7898025
8,4,20,475.3051075
8,5,1,258.1672467
8,5,2,270.8535388
8,5,3,273.8352117
8,5,4,285.782615
8,5,5,301.7677224
8,5,6,320.6391521
8,5,7,340.5158267
8,5,8,359.378712
8,5,9,500.6230108
8,5,10,459.4703443
8,5,11,444.4355096
8,5,12,451.8525208
8,5,13,453.8950632
8,5,14,464.5456766
8,5,15,466.951738
8,5,16,472.2345515
8,5,17,499.400143
8,5,18,492.3571655
8,5,19,494.8336289
8,5,20,882.9576445
9,1,1,44.2094249
9,1,2,102.8562872
9,1,3,102.450852
9,1,4,131.5617728
9,1,5,136.9801843
9,1,6,177.6244902
9,1,7,180.4786365
9,1,8,216.1426277
9,1,9,227.1419057
9,1,10,248.7663827
9,1,11,253.8111269
9,1,12,276.2346145
9,1,13,277.6354604
9,1,14,298.3957603
9,1,15,300.6475247
9,1,16,320.2603893
9,1,17,309.4617426
9,1,18,382.9675543
9,1,19,276.2391409
9,1,20,335.8705534
9,2,1,91.75129674
9,2,2,107.2627202
9,2,3,138.4910398
9,2,4,167.6230766
9,2,5,199.8865374
9,2,6,229.451971
9,2,7,255.9831401
9,2,8,282.9562097
9,2,9,310.3524175
9,2,10,328.4798312
9,2,11,345.1363024
9,2,12,361.8893651
9,2,13,374.6416678
9,2,14,393.0206095
9,2,15,404.2483713
9,2,16,417.607761
9,2,17,437.0640232
9,2,18,459.6472164
9,2,19,494.5319508
9,2,20,442.6002397
9,3,1,1.01E-05
9,3,2,14.81408481
9,3,3,15.14064719
9,3,4,15.67982735
9,3,5,16.46598129
9,3,6,17.48638923
9,3,7,18.18497742
9,3,8,1.116466308
9,3,9,15.38321946
9,3,10,16.42133801
9,3,11,17.82060344
9,3,12,19.56530523
9,3,13,20.3683434
9,3,14,19.63340024
9,3,15,5.943533992
9,3,16,25.16864438
9,4,1,13.82743446
9,4,2,13.96756566
9,4,3,14.27546734
9,4,4,14.7838372
9,4,5,15.52506806
9,4,6,16.48716697
9,4,7,17.55903863
9,4,8,15.49430686
9,4,9,18.18750442
9,4,10,15.26409193
9,4,11,16.28558106
9,4,12,17.98283918
9,4,13,18.83547899
9,4,14,19.76493147
9,4,15,18.80812398
9,4,16,29.91531387
9,5,1,34.63254042
9,5,2,41.74501547
9,5,3,44.91210536
9,5,4,42.11714608
9,5,5,37.80843226
9,5,6,38.24919139
9,5,7,35.15111891
9,5,8,44.75593876
9,5,9,48.13675415
9,5,10,46.38888279
9,5,11,42.53332093
9,5,12,41.03252917
9,5,13,39.9321521
9,5,14,37.66220411
9,5,15,30.79893943
9,5,16,22.34008067
9,5,19,62.7373024
9,5,20,50.67969896
9,9,1,0.56276634
9,9,2,0.588119604
9,9,3,0.606543473
9,9,4,0.615357381
9,9,5,0.625905247
9,9,6,0.636265076
9,9,7,0.646920863
9,9,8,0.661871101
9,9,9,0.681796961
9,9,10,0.701430791
9,9,11,0.722319637
9,9,12,0.75109745
9,9,13,0.786545076
9,9,14,0.830000583
9,9,15,0.876726159
9,9,16,0.919223068
9,9,17,0.967615385
9,9,18,1.013602624
9,9,20,2.941100602
9,10,1,0.619043043
9,10,2,0.64693158
9,10,3,0.667106631
9,10,4,0.676807165
9,10,5,0.688452533
9,10,6,0.699877953
9,10,7,0.711609831
9,10,8,0.72812369
9,10,9,0.750077723
9,10,10,0.771558705
9,10,11,0.794799073
9,10,12,0.826655235
9,10,13,0.865797821
9,10,14,0.913752015
9,10,15,0.965190304
9,10,16,1.017401374
9,10,17,1.062300778
9,10,18,1.117817606
9,10,20,3.199814134
9,11,1,4.517272165
9,11,2,4.722005021
9,11,3,4.867727992
9,11,4,4.937933691
9,11,5,5.022562454
9,11,6,5.105180571
9,11,7,5.189785031
9,11,8,5.310612467
9,11,9,5.471323594
9,11,10,5.620006888
9,11,11,5.818604954
9,11,12,6.050870184
9,11,13,6.334475639
9,11,14,6.684741471
9,11,15,7.058395487
9,11,16,7.418559443
9,11,17,6.963394359
9,11,18,4.302967393
9,11,19,4.029919787
9,11,20,8.873336143
9,12,1,23.11889606
9,12,2,24.14185785
9,12,3,24.8167259
9,12,4,25.03536505
9,12,5,25.25546164
9,12,6,25.3965901
9,12,7,25.4734567
9,12,8,25.68771885
9,12,9,26.02478911
9,12,10,26.18304792
9,12,11,26.49067951
9,12,12,26.97319215
9,12,13,27.69923411
9,12,14,28.86534057
9,12,15,30.69131783
9,12,16,32.95771349
9,12,17,19.04762797
9,12,18,21.78223874
9,12,19,22.13550668
10,1,1,78.74837158
10,1,2,132.8206872
10,1,3,160.3233703
10,1,4,163.7942621
10,1,5,191.4826358
10,1,6,207.8939048
10,1,7,235.2794281
10,1,8,233.9987339
10,1,9,244.5222278
10,1,10,230.7858336
10,1,11,222.7588358
10,1,12,240.107681
10,1,13,223.8030072
10,1,14,244.7476233
10,1,15,232.7449436
10,1,16,221.2347777
10,1,17,251.3328523
10,1,18,225.8091445
10,1,19,235.3191859
10,1,20,769.6218463
10,2,1,78.67443265
10,2,2,132.9107001
10,2,3,159.9719438
10,2,4,163.8351925
10,2,5,191.1777018
10,2,6,207.9551733
10,2,7,234.6863942
10,2,8,234.0722739
10,2,9,244.2019286
10,2,10,230.8412012
10,2,11,222.5993776
10,2,12,240.0783501
10,2,13,223.7447148
10,2,14,244.7241606
10,2,15,232.5448889
10,2,16,221.291265
10,2,17,265.4362758
10,2,18,225.8103022
10,2,19,251.2672267
10,2,20,795.1488753
10,3,1,7.848201105
10,3,2,11.70058098
10,3,3,13.35406463
10,3,4,13.58352912
10,3,5,15.1152954
10,3,6,16.00803192
10,3,7,17.36521321
10,3,8,17.33979667
10,3,9,17.83665853
10,3,10,17.1784493
10,3,11,16.7635204
10,3,12,17.63910111
10,3,13,16.81995566
10,3,14,17.86452232
10,3,15,17.27637816
10,3,16,16.69767521
10,3,17,17.37509473
10,3,20,276.2065404
10,4,1,7.921333245
10,4,2,10.9413928
10,4,3,11.18258538
10,4,4,11.58081328
10,4,5,12.16145118
10,4,6,12.91510449
10,4,7,11.90375016
10,4,8,3.323075524
10,4,9,10.74734499
10,4,10,13.39731586
10,4,11,14.96305974
10,4,12,15.41171447
10,4,13,15.32141162
10,4,14,13.50559731
10,4,15,7.93002574
10,4,16,11.65837486
10,4,17,14.95346994
10,4,18,17.48505611
10,4,19,15.95451343
10,5,1,1.360062627
10,5,2,11.70664663
10,5,3,13.35937936
10,5,4,13.58862133
10,5,5,15.12014898
10,5,6,16.01279347
10,5,7,17.37054195
10,5,8,13.60431811
10,5,9,17.85378424
10,5,10,17.18390108
10,5,11,16.76852328
10,5,12,17.64172219
10,5,13,16.82529936
10,5,14,17.86655456
10,5,15,18.72010498
10,5,16,16.71310321
10,5,17,17.37473676
10,5,19,18.18186606
10,5,20,127.2750814
10,8,1,460.4726058
10,8,2,480.3307788
10,8,3,492.7772542
10,8,4,496.9877068
10,8,5,501.5519003
10,8,6,504.3255655
10,8,7,505.2173599
10,8,8,508.4009754
10,8,9,512.1880315
10,8,10,510.8994826
10,8,11,507.5344116
10,8,12,504.2876511
10,8,13,410.8024533
10,8,14,294.0349923
10,8,15,283.3186785
10,8,16,327.2775
10,8,17,312.8342042
10,8,18,362.9130869
10,8,19,390.9945658
10,8,20,2186.048187
10,9,1,49.60263448
10,9,2,51.82225554
10,9,3,53.34209329
10,9,4,54.08455228
10,9,5,54.97458877
10,9,6,55.79705537
10,9,7,56.51098734
10,9,8,57.53509906
10,9,9,58.72018734
10,9,10,59.28931713
10,9,11,59.41613591
10,9,12,57.98370183
10,9,13,29.44855603
10,9,14,28.51346641
10,9,15,30.40065491
10,9,16,32.36470943
10,9,17,28.83196842
10,9,18,34.00646737
10,9,19,24.47741025
10,9,20,213.2281213
10,10,1,50.73038855
10,10,2,52.99919362
10,10,3,54.56073209
10,10,4,55.31749737
10,10,5,56.22340528
10,10,6,57.04888105
10,10,7,57.79582804
10,10,8,58.84370118
10,10,9,60.05921159
10,10,10,60.64316737
10,10,11,60.78238057
10,10,12,59.26585967
10,10,13,29.74988526
10,10,14,28.71349914
10,10,15,31.02802166
10,10,16,26.61448307
10,10,17,24.26581755
10,10,18,34.88806252
10,10,19,39.82301792
10,10,20,217.8628196
11,1,1,43.27567436
11,1,2,54.22862194
11,1,3,60.49575206
11,1,4,63.13383012
11,1,5,67.70228683
11,1,6,71.50055223
11,1,7,74.6326348
11,1,8,76.45960384
11,1,9,78.64053516
11,1,10,76.37463213
11,1,11,74.90807969
11,1,12,75.33225931
11,1,13,74.76890788
11,1,14,73.68375516
11,1,15,72.51103206
11,1,16,70.64888193
11,1,17,69.14163949
11,1,18,75.2643402
11,1,19,62.13012052
11,1,20,191.2288618
11,2,1,44.34803094
11,2,2,59.3807201
11,2,3,65.50924154
11,2,4,68.92552906
11,2,5,74.94538481
11,2,6,78.35398969
11,2,7,81.23565658
11,2,8,81.96433404
11,2,9,83.80728941
11,2,10,81.4258089
11,2,11,79.41272549
11,2,12,79.78258794
11,2,13,77.5349546
11,2,14,74.00593366
11,2,15,69.56343466
11,2,16,70.9628827
11,2,17,68.74230935
11,2,18,65.72228142
11,2,19,64.44665838
11,2,20,222.7635148
11,3,1,62.20011126
11,3,2,79.95607885
11,3,3,91.35868086
11,3,4,93.21892758
11,3,5,94.54044456
11,3,6,96.50933071
11,3,7,92.7624759
11,3,8,93.43706269
11,3,9,94.61857367
11,3,10,92.1061703
11,3,11,85.79032879
11,3,12,78.98101011
11,3,13,75.28258071
11,3,14,81.2919221
11,3,15,88.30702522
11,3,16,79.36848168
11,3,17,93.41905234
11,3,18,106.4689444
11,3,19,104.5002573
11,3,20,270.1276326
11,4,1,52.25694562
11,4,2,63.67335297
11,4,3,67.13916188
11,4,4,68.65142645
11,4,5,73.89574963
11,4,6,75.71089295
11,4,7,63.4268322
11,4,8,75.98751222
11,4,9,82.47270282
11,4,10,85.83208181
11,4,11,78.76086388
11,4,12,75.9433005
11,4,13,78.43050642
11,4,14,75.47959813
11,4,15,69.90958736
11,4,16,76.75174929
11,4,17,77.31610232
11,4,18,79.65236365
11,4,19,89.55098745
11,4,20,118.4561558
11,7,1,213.0319717
11,7,2,222.3878793
11,7,3,228.5067028
11,7,4,231.0420958
11,7,5,234.0155497
11,7,6,236.5071498
11,7,7,238.8821791
11,7,8,242.6062048
11,7,9,247.6427209
11,7,10,249.9671655
11,7,11,257.4240917
11,7,12,265.5853908
11,7,13,270.1938768
11,7,14,279.7927254
11,7,15,295.1527739
11,7,16,152.3278642
11,7,17,169.0836387
11,7,18,188.9226005
11,7,19,212.4045935
11,7,20,969.7498741
11,8,1,94.09988689
11,8,2,98.23296433
11,8,3,100.9144307
11,8,4,102.0221925
11,8,5,103.3166597
11,8,6,104.3844094
11,8,7,105.491388
11,8,8,107.1633097
11,8,9,109.3891931
11,8,10,110.3343215
11,8,11,113.704955
11,8,12,116.3758175
11,8,13,121.9859514
11,8,14,125.7069193
11,8,15,68.95005753
11,8,16,75.69376468
11,8,17,85.25417929
11,8,18,81.44074013
11,8,19,79.25737073
11,8,20,406.563591
12,1,1,66.10933632
12,1,2,106.7581188
12,1,3,121.0527276
12,1,4,123.7492032
12,1,5,141.7684979
12,1,6,156.7093326
12,1,7,169.1685861
12,1,8,168.1921798
12,1,9,178.7453992
12,1,10,171.5334053
12,1,11,161.6727575
12,1,12,164.0575029
12,1,13,162.2700919
12,1,14,171.1893222
12,1,15,177.9108181
12,1,16,183.4563302
12,1,17,193.323042
12,1,18,198.4392617
12,1,19,220.3629242
12,1,20,554.7141609
12,2,1,66.1557258
12,2,2,132.6397664
12,2,3,120.9046595
12,2,4,123.5021801
12,2,5,196.9876648
12,2,6,152.1126349
12,2,7,169.2130815
12,2,8,211.6037165
12,2,9,175.2708822
12,2,10,166.8196832
12,2,11,161.5747214
12,2,12,200.0570966
12,2,13,162.2882247
12,2,14,220.2842474
12,2,15,193.3606566
12,2,16,160.7339025
12,2,17,169.4367982
12,2,18,149.83908
12,2,19,179.8572646
12,2,20,540.2435222
12,3,1,140.5895437
12,3,2,179.9606818
12,3,3,206.6763521
12,3,4,213.4281784
12,3,5,219.7243428
12,3,6,220.3379595
12,3,7,215.8000166
12,3,8,215.1660157
12,3,9,216.5052385
12,3,10,208.0120351
12,3,11,200.2538619
12,3,12,195.9170703
12,3,13,191.4382948
12,3,14,189.7833515
12,3,15,187.8444005
12,3,16,186.3975267
12,3,17,186.6486784
12,3,18,187.2434599
12,3,20,26655.37589
12,4,1,15.2027678
12,4,2,18.15818051
12,4,3,20.01206456
12,4,4,20.46941095
12,4,5,20.8886314
12,4,6,20.94124471
12,4,7,20.64273619
12,4,8,20.5181729
12,4,9,20.47660034
12,4,10,19.82925271
12,4,11,19.27210095
12,4,12,19.08419193
12,4,13,18.78010386
12,4,14,18.89953699
12,4,15,18.45363463
12,4,16,17.86600548
12,4,17,18.77793322
12,4,18,15.59273563
12,4,19,15.88679583
12,4,20,538.7830122
12,5,1,15.20263215
12,5,2,18.15802319
12,5,3,20.01204626
12,5,4,20.47476851
12,5,5,20.89493583
12,5,6,20.9059012
12,5,7,20.58420453
12,5,8,20.5513511
12,5,9,20.54111672
12,5,10,19.92414901
12,5,11,19.26860181
12,5,12,19.08900295
12,5,13,18.95377561
12,5,14,18.97169356
12,5,15,19.51003567
12,5,16,18.41976908
12,5,17,19.45542537
12,5,18,19.04472748
12,5,19,19.03068852
12,5,20,1038.587194
12,9,1,119.9709622
12,9,2,124.9167929
12,9,3,128.3570196
12,9,4,129.7872428
12,9,5,131.4690226
12,9,6,132.8563928
12,9,7,134.1150975
12,9,8,136.1859981
12,9,9,138.9653228
12,9,10,141.2105024
12,9,11,144.2166689
12,9,12,147.9138436
12,9,13,154.1216435
12,9,14,159.7786746
12,9,15,167.6015773
12,9,16,175.5517125
12,9,17,183.098656
12,9,18,108.2590308
12,9,19,94.25863565
12,9,20,563.1121876
12,10,1,220.2290709
12,10,2,228.9974695
12,10,3,235.3039412
12,10,4,237.9255762
12,10,5,241.0075993
12,10,6,243.5531542
12,10,7,245.8564607
12,10,8,249.6509826
12,10,9,254.7417842
12,10,10,258.8467612
12,10,11,264.3449278
12,10,12,271.2046296
12,10,13,282.4567493
12,10,14,293.0650533
12,10,15,307.4932657
12,10,16,322.0892269
12,10,17,335.441367
12,10,18,197.5281538
12,10,19,172.8331617
12,10,20,1018.989804
13,1,1,50.72836066
13,1,2,99.45394576
13,1,3,124.4774917
13,1,4,128.1395979
13,1,5,153.6735074
13,1,6,169.4489268
13,1,7,194.6561545
13,1,8,194.11657
13,1,9,203.7235471
13,1,10,191.1165845
13,1,11,183.3555641
13,1,12,199.9115441
13,1,13,184.4392839
13,1,14,204.2618078
13,1,15,207.9906172
13,1,16,182.1791443
13,1,17,195.0276046
13,1,18,231.4000071
13,1,19,246.5255672
13,1,20,899.8705254
13,2,1,50.72121557
13,2,2,99.44121915
13,2,3,124.4639219
13,2,4,128.126455
13,2,5,153.659622
13,2,6,169.4336917
13,2,7,185.7467094
13,2,8,193.1233873
13,2,9,200.9602859
13,2,10,191.0943087
13,2,11,183.3470972
13,2,12,200.0034348
13,2,13,184.4263092
13,2,14,198.5607643
13,2,15,200.5428404
13,2,16,204.4224489
13,2,17,210.2116327
13,2,18,219.2102431
13,2,19,235.718257
13,2,20,428.3280256
13,3,1,50.72980906
13,3,2,95.55811391
13,3,3,124.4801104
13,3,4,125.855642
13,3,5,78.61492705
13,3,6,98.26166985
13,3,7,93.48165346
13,3,8,96.85906675
13,3,9,112.2299797
13,3,10,108.5245085
13,3,11,107.1924166
13,3,12,118.5255536
13,3,13,128.1624904
13,3,14,104.5784451
13,3,15,108.2377895
13,3,16,95.2999114
13,3,17,134.7011457
13,3,18,114.9577802
13,3,20,99.15858351
13,4,1,6.430273661
13,4,2,49.71851293
13,4,3,63.87540147
13,4,4,69.44538956
13,4,5,82.42722699
13,4,6,82.92582024
13,4,7,77.21558157
13,4,8,77.4381171
13,4,9,83.94676769
13,4,10,75.16623253
13,4,11,52.39134733
13,4,12,53.00808755
13,4,13,73.88130155
13,4,14,112.5680077
13,4,15,137.0605432
13,4,16,130.7242013
13,4,17,113.7893051
13,4,20,58.14072354
13,5,1,50.73002466
13,5,2,52.59230798
13,5,3,54.11881657
13,5,4,56.81381629
13,5,5,60.79695158
13,5,6,26.19154838
13,5,7,62.05969828
13,5,8,73.4380705
13,5,9,80.48597891
13,5,10,77.61663906
13,5,11,50.28727482
13,5,12,73.68915134
13,5,13,86.37134366
13,5,14,89.12813134
13,5,15,89.53185534
13,5,16,73.40342636
13,5,17,87.60405593
13,5,18,117.3651559
13,5,20,85.60768149
13,8,1,312.4729246
13,8,2,135.2973855
13,8,3,85.73584936
13,8,4,97.01244507
13,8,5,42.65791843
13,8,6,82.97196385
13,8,7,77.98622045
13,8,8,51.4640749
13,8,9,70.19483758
13,8,10,50.82740159
13,8,11,49.16520716
13,8,12,71.42940313
13,8,13,59.17343918
13,8,14,53.61873805
13,8,15,61.58758193
13,8,16,48.95371519
13,8,17,42.11492657
13,8,18,0.106080149
13,8,19,0.106686852
13,8,20,0.052532432
13,9,2,36.87282938
13,9,3,34.02163567
13,9,4,30.25642226
13,9,5,29.1606359
13,9,6,27.32513867
13,9,7,46.25776353
13,9,8,45.97666708
13,9,9,47.15937195
13,9,10,40.49032895
13,9,11,30.40058084
13,9,12,44.68278575
13,9,13,35.34769683
13,9,14,33.2740127
13,9,15,30.29710284
13,9,16,2.65E-05
13,9,17,2.67E-05
13,9,18,2.69E-05
13,9,19,2.70E-05
13,9,20,1.33E-05
13,10,1,35.73766755
13,10,2,21.32070744
13,10,3,15.62701663
13,10,4,11.07485314
13,10,5,9.542545993
13,10,6,46.15056443
13,10,7,27.55266037
13,10,8,19.23724066
13,10,9,13.60382972
13,10,10,18.0053493
13,10,11,47.08974836
13,10,12,33.50958322
13,10,13,23.36989609
13,10,14,14.65062855
13,10,15,26.70145355
13,10,16,51.20426817
13,10,17,35.73518983
13,10,18,24.42329679
13,10,19,0.079336497
13,10,20,0.039065162
14,1,1,69.49046226
14,1,2,102.0784897
14,1,3,113.7752242
14,1,4,103.6043408
14,1,5,123.9739218
14,1,6,132.802165
14,1,7,132.3005771
14,1,8,140.4869913
14,1,9,146.0036746
14,1,10,138.6675638
14,1,11,137.7615981
14,1,12,140.8918419
14,1,13,138.9172379
14,1,14,140.766978
14,1,15,121.7437855
14,1,16,126.654429
14,1,17,135.1740893
14,1,18,134.3579536
14,1,19,104.4857578
14,1,20,336.2653634
14,2,1,20.67391627
14,2,2,96.86771901
14,2,3,115.2147835
14,2,4,109.878929
14,2,5,111.0960999
14,2,6,133.7045754
14,2,7,133.8003769
14,2,8,142.6745881
14,2,9,143.845482
14,2,10,136.1015857
14,2,11,140.7866896
14,2,12,140.9316792
14,2,13,140.019491
14,2,14,133.2092133
14,2,15,130.8557867
14,2,16,131.1048382
14,2,17,131.4851634
14,2,18,120.5273952
14,2,19,150.8110462
14,2,20,358.6761256
15,1,1,2.461623813
15,1,2,4.784673577
15,1,3,5.635868334
15,1,4,5.794552531
15,1,5,6.519228205
15,1,6,6.984534599
15,1,7,7.548895805
15,1,8,7.606386191
15,1,9,7.79904151
15,1,10,7.532571637
15,1,11,7.38103297
15,1,12,7.660751279
15,1,13,7.499657257
15,1,14,8.818521787
15,1,15,7.780892205
15,1,16,7.009677014
15,1,17,7.410078487
15,1,18,7.879213469
15,1,20,25.24083748
15,2,1,2.931400067
15,2,2,5.053931015
15,2,3,5.925010036
15,2,4,6.084685638
15,2,5,6.829749958
15,2,6,7.256607009
15,2,7,7.860007231
15,2,8,7.868530814
15,2,9,8.09942962
15,2,10,7.821301343
15,2,11,7.644145299
15,2,12,8.013227832
15,2,13,9.051952363
15,2,14,8.392485825
15,2,15,8.596571193
15,2,16,7.82497589
15,2,17,8.56604451
15,2,18,7.445432313
15,2,19,8.562986286
15,2,20,47.39777424
15,3,1,2.648791772
15,3,2,4.801858398
15,3,3,5.631928567
15,3,4,5.756397528
15,3,5,6.500653241
15,3,6,6.936899015
15,3,7,7.647555827
15,3,8,7.48999078
15,3,9,7.777427221
15,3,10,7.536699686
15,3,11,7.342798853
15,3,12,7.767246497
15,3,13,7.485442985
15,3,14,7.761596377
15,3,15,7.786978163
15,3,16,7.07879791
15,3,17,7.967601019
15,4,1,1.928226045
15,4,2,2.54216247
15,4,3,2.620628404
15,4,4,2.747779852
15,4,5,2.924055413
15,4,6,3.124551185
15,4,7,4.091672912
15,4,8,2.797511292
15,4,9,3.326289127
15,4,10,3.49173702
15,4,11,3.436286824
15,4,12,3.60075465
15,4,13,4.618355123
15,4,14,3.513875179
15,4,15,5.4992237
15,7,1,18.76346995
15,7,2,20.38951737
15,7,3,21.20428853
15,7,4,22.04519206
15,7,5,22.67193209
15,7,6,23.31541254
15,7,7,23.87592193
15,7,8,24.42475328
15,7,9,25.07744955
15,7,10,25.53285929
15,7,11,25.94435175
15,7,12,24.9228425
15,7,13,17.24354208
15,7,14,11.97797721
15,7,15,13.96581862
15,7,16,7.330695444
15,7,17,16.40783028
15,7,18,17.03230196
15,7,19,17.67995599
15,7,20,110.5894636
15,8,1,3.706880892
15,8,2,4.124574701
15,8,3,4.342570779
15,8,4,4.591256881
15,8,5,4.810146683
15,8,6,5.00810307
15,8,7,5.231132842
15,8,8,5.392309706
15,8,9,5.61121459
15,8,10,5.686659803
15,8,11,5.715759027
15,8,12,5.538630434
15,8,13,2.74609487
15,8,14,2.746802087
15,8,15,2.564827998
15,8,16,2.788235387
15,8,18,3.726745769
15,8,19,3.705370635
15,8,20,23.50591248
16,1,1,2.046358296
16,1,2,4.875875758
16,1,3,5.987847894
16,1,4,5.98872011
16,1,5,6.35425419
16,1,6,4.6161477
16,1,7,7.653863822
16,1,8,7.575115331
16,1,9,8.137242588
16,1,10,7.716475674
16,1,11,7.183422687
16,1,12,7.097212828
16,1,13,7.545620972
16,1,14,9.350401086
16,1,15,9.209486662
16,1,16,9.285328953
16,1,17,8.792795431
16,1,18,7.855646348
16,1,19,10.67063846
16,1,20,42.87651664
16,2,1,2.967254996
16,2,2,4.897396659
16,2,3,5.46144544
16,2,4,4.088917373
16,2,5,2.244718275
16,2,6,7.20748941
16,2,7,7.610669406
16,2,8,7.369984305
16,2,9,6.756778361
16,2,10,6.285821734
16,2,11,7.563918974
16,2,12,8.629610421
16,2,13,7.437305506
16,2,14,7.512117269
16,2,15,7.552212058
16,2,16,7.582573849
16,2,17,8.231008765
16,2,18,7.193194179
16,2,19,10.20624117
16,2,20,30.11759145
16,3,1,2.204177433
16,3,2,4.910728704
16,3,3,6.03219656
16,3,4,5.86141798
16,3,5,4.728935666
16,3,6,3.030374606
16,3,7,7.338466741
16,3,8,7.64169596
16,3,9,8.185142258
16,3,10,7.597597225
16,3,11,7.078300171
16,3,12,7.457333967
16,3,13,8.356141554
16,3,14,9.018763645
16,3,15,8.117762559
16,3,16,7.460531026
16,3,17,7.383847844
16,3,18,6.715094918
16,3,19,5.808715575
16,3,20,35.99692877
16,4,1,2.1973107
16,4,2,5.305775526
16,4,3,6.525392014
16,4,4,6.454098366
16,4,5,6.697314269
16,4,6,6.668590974
16,4,7,7.61275492
16,4,8,7.981710338
16,4,9,8.6011597
16,4,10,8.261775065
16,4,11,7.317986694
16,4,12,7.504390544
16,4,13,8.090065593
16,4,14,8.113909303
16,4,15,8.167167208
16,4,16,7.889522842
16,4,19,4.567325009
16,4,20,79.19897787
16,5,1,3.066238103
16,5,2,5.108675395
16,5,3,5.674788588
16,5,4,5.470548253
16,5,5,4.52902024
16,5,6,7.172398191
16,5,7,7.781497125
16,5,8,7.65912243
16,5,9,7.423875088
16,5,10,7.137792575
16,5,11,7.499114256
16,5,12,7.832579215
16,5,13,7.44320506
16,5,14,7.595332906
16,5,15,7.758935199
16,5,16,7.558558537
16,5,18,6.486363331
16,5,19,7.122440118
16,5,20,40.2268187
16,6,1,2.243273126
16,6,2,5.194858705
16,6,3,6.483808271
16,6,4,6.234108242
16,6,5,6.314375425
16,6,6,3.575511853
16,6,7,6.628424495
16,6,8,7.815171035
16,6,9,8.568124245
16,6,10,8.067474363
16,6,11,7.119490945
16,6,12,6.890703215
16,6,13,7.11220305
16,6,14,7.914466346
16,6,15,8.17703485
16,6,16,7.832439833
16,6,20,72.30812889
16,7,1,1.160639414
16,7,2,4.45780434
16,7,3,5.548131857
16,7,4,5.572426456
16,7,5,4.304682439
16,7,6,1.609201891
16,7,7,3.275053869
16,7,8,4.161089836
16,7,9,6.933486611
16,7,10,6.968744762
16,7,11,5.191194805
16,7,12,3.635907547
16,7,13,3.722909079
16,7,14,5.414590681
16,7,15,6.405537416
16,7,16,6.351589072
16,7,17,5.656378083
16,7,18,4.123237977
16,7,20,14.3185007
16,8,1,2.148027159
16,8,2,3.873479389
16,8,3,2.168250863
16,8,4,0.882123954
16,8,5,0.538774212
16,8,6,4.904895149
16,8,7,3.681008719
16,8,8,2.610685222
16,8,9,1.595874824
16,8,10,1.29768673
16,8,11,3.860812175
16,8,12,3.982532576
16,8,13,3.129695171
16,8,14,2.240486489
16,8,15,2.187192583
16,8,16,3.538152613
16,8,17,3.847475882
16,8,18,2.883971181
16,8,19,1.356516642
16,8,20,4.792119002
16,9,1,0.787539099
16,9,2,3.49373569
16,9,3,5.366945719
16,9,4,4.334614164
16,9,5,0.874146287
16,9,6,0.186635535
16,9,7,2.645454125
16,9,8,2.987912581
16,9,9,5.993329091
16,9,10,4.554219612
16,9,11,2.077681145
16,9,12,0.94595995
16,9,13,2.264628732
16,9,14,3.747168681
16,9,15,5.345666605
16,9,16,4.747947212
16,9,17,3.686379325
16,9,20,8.326008524
16,10,1,2.370207088
16,10,2,4.818938825
16,10,3,5.764993572
16,10,4,5.795314074
16,10,5,6.232992808
16,10,6,2.867412293
16,10,7,6.324229365
16,10,8,7.475196206
16,10,9,7.952586786
16,10,10,7.353389514
16,10,11,6.976499949
16,10,12,6.339383641
16,10,13,6.655665094
16,10,14,7.788618243
16,10,15,7.607207374
16,10,16,7.199711128
16,10,17,6.700771903
16,10,18,5.573932476
16,10,20,30.69579275
16,11,1,3.079287832
16,11,2,4.808296334
16,11,3,5.203373649
16,11,4,2.172570282
16,11,5,1.61212954
16,11,6,7.170073135
16,11,7,7.495541787
16,11,8,6.369230929
16,11,9,5.836729188
16,11,10,6.073466434
16,11,11,7.482000204
16,11,12,8.508445046
16,11,13,8.04507011
16,11,14,7.780025119
16,11,15,7.739549964
16,11,16,7.494215671
16,11,17,7.373979422
16,11,18,6.339302097
16,11,19,4.712526489
16,11,20,25.29162294
16,12,1,2.385826128
16,12,2,4.848631994
16,12,3,5.684290661
16,12,4,5.427547398
16,12,5,1.689649372
16,12,6,2.828100813
16,12,7,6.252006996
16,12,8,7.550085752
16,12,9,7.744270022
16,12,10,7.09507638
16,12,11,5.947519471
16,12,12,6.337696917
16,12,13,6.723424361
16,12,14,7.69636745
16,12,15,7.56016971
16,12,16,7.204055745
16,12,17,6.725492253
16,12,18,6.197762867
16,12,20,29.31562776
16,13,1,0.196691322
16,13,2,1.570139382
16,13,3,3.045090261
16,13,4,2.349754292
16,13,5,0.994072187
16,13,6,0.339592033
16,13,7,0.247934198
16,13,8,2.081770608
16,13,9,4.173850467
16,13,10,3.259961731
16,13,11,1.362673326
16,13,12,0.449277541
16,13,13,0.315210757
16,13,14,2.548040311
16,13,15,4.942865489
16,13,16,3.758262399
16,13,17,1.539858689
16,13,18,0.00605412
16,13,19,0.006088745
16,13,20,0.003793499
16,14,1,1.336769706
16,14,2,1.266097808
16,14,3,0.737672804
16,14,4,0.332782429
16,14,5,0.197489072
16,14,6,1.575807279
16,14,7,1.648929575
16,14,8,0.987820671
16,14,9,0.445590193
16,14,10,0.256797376
16,14,11,1.974327479
16,14,12,1.994372106
16,14,13,1.159137019
16,14,14,0.511104697
16,14,15,0.289825919
16,14,16,2.1709615
16,14,17,0.004788833
16,14,18,0.004820867
16,14,19,0.004848439
16,14,20,0.003020746
16,15,1,0.219906598
16,15,2,1.28002772
16,15,3,2.848331207
16,15,4,1.618932455
16,15,5,0.385216442
16,15,6,0.100922165
16,15,7,0.276943387
16,15,8,1.695904772
16,15,9,3.902569778
16,15,10,2.246039373
16,15,11,0.528272267
16,15,12,0.133601858
16,15,13,0.352133014
16,15,14,2.076794607
16,15,15,4.623473212
16,15,16,2.591061929
16,15,17,0.599552808
16,15,18,0.004783112
16,15,19,0.004810468
16,15,20,0.002997089
16,16,1,0.03590199
16,16,2,0.192923381
16,16,3,0.380320665
16,16,4,0.30347694
16,16,5,0.132543731
16,16,6,0.049490751
16,16,7,0.045264487
16,16,8,0.255828169
16,16,9,0.521345171
16,16,10,0.421032641
16,16,11,0.1816742
16,16,12,0.065466932
16,16,13,0.057531759
16,16,14,0.313104041
16,16,15,0.617348717
16,16,16,0.485342007
16,16,17,0.205251138
16,16,18,0.00054727
16,16,19,0.000528725
16,16,20,0.000485053
16,17,1,0.190483425
16,17,2,0.162382976
16,17,3,0.090848243
16,17,4,0.036940573
16,17,5,0.022550026
16,17,6,0.223184972
16,17,7,0.211528865
16,17,8,0.121665495
16,17,9,0.049459034
16,17,10,0.029317122
16,17,11,0.279581385
16,17,12,0.255803173
16,17,13,0.142752548
16,17,14,0.056759541
16,17,15,0.033110425
16,17,16,0.307343833
16,17,17,0.000607352
16,17,18,0.000430187
16,17,19,0.000417853
16,17,20,0.000387919
16,18,1,0.032633656
16,18,2,0.144658564
16,18,3,0.321068109
16,18,4,0.179193535
16,18,5,0.036108821
16,18,6,0.007703354
16,18,7,0.041103057
16,18,8,0.191676967
16,18,9,0.439928507
16,18,10,0.248605826
16,18,11,0.049515527
16,18,12,0.010196903
16,18,13,0.052253641
16,18,14,0.234712346
16,18,15,0.521164935
16,18,16,0.286789452
16,18,17,0.056278958
16,18,18,0.000369384
16,18,19,0.000359173
16,18,20,0.000334199
16,19,1,0.418644005
16,19,2,0.808703541
16,19,3,1.085872143
16,19,4,0.898655415
16,19,5,0.439183567
16,19,6,0.137858476
16,19,7,0.529398593
16,19,8,1.074897188
16,19,9,1.490451277
16,19,10,1.246726126
16,19,11,0.601147583
16,19,12,0.181992742
16,19,13,0.671238839
16,19,14,1.313313538
16,19,15,1.762575091
16,19,16,1.435567166
16,19,17,0.678324387
16,19,18,0.203358881
16,19,19,0.002296781
16,19,20,0.001524034
16,20,1,2.095922119
16,20,2,1.017014425
16,20,3,0.398155375
16,20,4,0.116569323
16,20,5,0.035579815
16,20,6,2.40789688
16,20,7,1.324884241
16,20,8,0.533226663
16,20,9,0.156069698
16,20,10,0.046255259
16,20,11,3.016229883
16,20,12,1.602133222
16,20,13,0.625993523
16,20,14,0.179851194
16,20,15,0.053554687
16,20,16,3.313494078
16,20,17,0.004419169
16,20,18,0.00444873
16,20,19,0.004474174
16,20,20,0.002787565
16,21,1,0.562102064
16,21,2,1.122156494
16,21,3,1.1638353
16,21,4,0.482260595
16,21,5,0.094091122
16,21,6,0.012549692
16,21,7,0.709626819
16,21,8,1.489591799
16,21,9,1.596315918
16,21,10,0.669066581
16,21,11,0.128890156
16,21,12,0.016586026
16,21,13,0.900723356
16,21,14,1.821758173
16,21,15,1.889614842
16,21,16,0.772080017
16,21,17,0.147373354
16,21,18,0.002377803
16,21,19,0.002176285
16,21,20,0.001489927
